PVPenetrationPercent,IrradianceCondition,ControlStrategy,Time_h,LoadMultiplier,Irradiance,MinVoltage,MaxVoltage,MeanAbsVoltageDeviation,ActiveLoss_kW,VoltageViolationCount,PVCurtailment_kW,ReactivePower_kVAr,OuterIterations
20,clear_sky,none,0,0.6,0,0.944298502867788,1,0.0317437262537251,71.3034479686274,6,0,0,1
20,clear_sky,none,1,0.6,0,0.944298502867788,1,0.0317437262537251,71.3034479686274,6,0,0,1
20,clear_sky,none,2,0.6,0,0.944298502867788,1,0.0317437262537251,71.3034479686274,6,0,0,1
20,clear_sky,none,3,0.6,0,0.944298502867788,1,0.0317437262537251,71.3034479686274,6,0,0,1
20,clear_sky,none,4,0.6,0,0.944298502867788,1,0.0317437262537251,71.3034479686274,6,0,0,1
20,clear_sky,none,5,0.610464194115905,0,0.943276652061827,1,0.0323238068079629,73.9281269288822,6,0,0,1
20,clear_sky,none,6,0.67568081763371,0,0.936864485298945,1,0.0359618899882495,91.466227903963,13,0,0,1
20,clear_sky,none,7,0.744126393163558,0.161266778794474,0.93395471084547,1,0.0380046813528884,102.836677261275,15,0,0,1
20,clear_sky,none,8,0.790210924609343,0.392292048948375,0.934930801668,1,0.0380134174206906,104.272535886849,15,0,0,1
20,clear_sky,none,9,0.801515493969863,0.626332219312064,0.939398955646042,1,0.0360414190237409,95.6895181611412,14,0,0,1
20,clear_sky,none,10,0.793604441167075,0.823505213149891,0.944799620310983,1,0.0334259912025369,84.4978103807885,9,0,0,1
20,clear_sky,none,11,0.787101899349258,0.954276217448621,0.94840523059155,1,0.0316370568178891,77.4671094634897,4,0,0,1
20,clear_sky,none,12,0.786286066835735,1,0.94951936255565,1,0.0310949376871201,75.5100743553045,2,0,0,1
20,clear_sky,none,13,0.788425387827532,0.954276217448621,0.948277830050325,1,0.0317102038429338,77.8019863144239,5,0,0,1
20,clear_sky,none,14,0.794369066373686,0.823505213149891,0.944725531688987,1,0.0334684840207094,84.7023101617824,9,0,0,1
20,clear_sky,none,15,0.809627940215971,0.626332219312064,0.938599732516628,1,0.0364962520194387,98.0485610391632,14,0,0,1
20,clear_sky,none,16,0.840403231337678,0.392292048948375,0.929925324930903,1,0.0408559752705038,120.203910605355,17,0,0,1
20,clear_sky,none,17,0.884764896719951,0.161266778794475,0.919782163561737,1,0.0460369420213612,150.559942512844,17,0,0,1
20,clear_sky,none,18,0.927103874702081,3.30228574503549e-22,0.911395892047719,1,0.0503779103732077,179.182674633709,18,0,0,1
20,clear_sky,none,19,0.946052196170588,0,0.909425098377172,1,0.0514911043069735,187.163288546381,19,0,0,1
20,clear_sky,none,20,0.924042669036405,0,0.911713575335099,1,0.0501984363327555,177.912175612085,18,0,0,1
20,clear_sky,none,21,0.860583782023169,0,0.918255480891273,1,0.0465006452045954,152.73546855333,17,0,0,1
20,clear_sky,none,22,0.779966851082885,0,0.926449456513576,1,0.0418638041128581,123.863739638504,17,0,0,1
20,clear_sky,none,23,0.711974371775082,0,0.933262828253068,1,0.0380038788252637,102.123350121383,15,0,0,1
20,clear_sky,voltvar,0,0.6,0,0.955197075088696,1,0.0274792226468855,58.4543926958085,0,0,330.075865832809,20
20,clear_sky,voltvar,1,0.6,0,0.955197075088696,1,0.0274792226468855,58.4543926958085,0,0,330.075865832809,20
20,clear_sky,voltvar,2,0.6,0,0.955197075088696,1,0.0274792226468855,58.4543926958085,0,0,330.075865832809,20
20,clear_sky,voltvar,3,0.6,0,0.955197075088696,1,0.0274792226468855,58.4543926958085,0,0,330.075865832809,20
20,clear_sky,voltvar,4,0.6,0,0.955197075088696,1,0.0274792226468855,58.4543926958085,0,0,330.075865832809,20
20,clear_sky,voltvar,5,0.610464194115905,0,0.954508905157154,1,0.0279230351620992,60.4555576338004,0,0,340.748776305628,20
20,clear_sky,voltvar,6,0.67568081763371,0,0.950202668000724,1,0.0307003177725441,73.7667837528226,0,0,407.545444254052,20
20,clear_sky,voltvar,7,0.744126393163558,0.161266778794474,0.948174096499567,1,0.0323149634584584,81.4624439500772,7,0,442.749085710005,21
20,clear_sky,voltvar,8,0.790210924609343,0.392292048948375,0.948302245637479,1,0.0325828233814846,81.9876905831418,9,0,423.262120941843,21
20,clear_sky,voltvar,9,0.801515493969863,0.626332219312064,0.950296960061035,1,0.0315488850261712,76.2804552062654,0,0,348.938825550919,21
20,clear_sky,voltvar,10,0.793604441167075,0.823505213149891,0.952766950769215,1,0.0301124757929855,69.7501843968716,0,0,256.266318378765,20
20,clear_sky,voltvar,11,0.787101899349258,0.954276217448621,0.954016866950389,1,0.0292816854179067,66.721831487414,0,0,181.856442021311,19
20,clear_sky,voltvar,12,0.786286066835735,1,0.954218803032567,1,0.0291382615049553,66.4678326253599,0,0,150.883003025957,19
20,clear_sky,voltvar,13,0.788425387827532,0.954276217448621,0.95391924794603,1,0.0293447585614972,66.9938072640107,0,0,182.618963794217,19
20,clear_sky,voltvar,14,0.794369066373686,0.823505213149891,0.952710605828978,1,0.0301475302585619,69.9085415071778,0,0,256.830323473578,20
20,clear_sky,voltvar,15,0.809627940215971,0.626332219312064,0.949725992904961,1,0.0319077055670123,78.0364171052856,3,0,356.719549655498,21
20,clear_sky,voltvar,16,0.840403231337678,0.392292048948375,0.94486084657115,1,0.0347612517937445,93.6911413496935,12,0,476.838324875944,21
20,clear_sky,voltvar,17,0.884764896719951,0.161266778794475,0.938441110289756,1,0.0384470404328878,116.626547520816,15,0,597.191280688913,27
20,clear_sky,voltvar,18,0.927103874702081,3.30228574503549e-22,0.930840579286828,1,0.0423917783906455,140.65500603308,17,0,636.173053547199,27
20,clear_sky,voltvar,19,0.946052196170588,0,0.928970762836815,1,0.0434499823334378,147.238856949145,17,0,641.398742842942,27
20,clear_sky,voltvar,20,0.924042669036405,0,0.931142046443725,1,0.0422211387352493,139.607967835842,17,0,635.330111149214,27
20,clear_sky,voltvar,21,0.860583782023169,0,0.937231902901426,1,0.0388095033075738,119.488849398238,15,0,606.737366624867,27
20,clear_sky,voltvar,22,0.779966851082885,0,0.943250657856981,1,0.0351641121828593,97.9768069129721,13,0,523.758157513684,21
20,clear_sky,voltvar,23,0.711974371775082,0,0.947800723412628,1,0.0322479395867162,81.7715689803696,6,0,447.079492663929,21
20,clear_sky,voltwatt,0,0.6,0,0.944298502867788,1,0.0317437262537251,71.3034479686274,6,0,0,1
20,clear_sky,voltwatt,1,0.6,0,0.944298502867788,1,0.0317437262537251,71.3034479686274,6,0,0,1
20,clear_sky,voltwatt,2,0.6,0,0.944298502867788,1,0.0317437262537251,71.3034479686274,6,0,0,1
20,clear_sky,voltwatt,3,0.6,0,0.944298502867788,1,0.0317437262537251,71.3034479686274,6,0,0,1
20,clear_sky,voltwatt,4,0.6,0,0.944298502867788,1,0.0317437262537251,71.3034479686274,6,0,0,1
20,clear_sky,voltwatt,5,0.610464194115905,0,0.943276652061827,1,0.0323238068079629,73.9281269288822,6,0,0,1
20,clear_sky,voltwatt,6,0.67568081763371,0,0.936864485298945,1,0.0359618899882495,91.466227903963,13,0,0,1
20,clear_sky,voltwatt,7,0.744126393163558,0.161266778794474,0.93395471084547,1,0.0380046813528884,102.836677261275,15,0,0,1
20,clear_sky,voltwatt,8,0.790210924609343,0.392292048948375,0.934930801668,1,0.0380134174206906,104.272535886849,15,0,0,1
20,clear_sky,voltwatt,9,0.801515493969863,0.626332219312064,0.939398955646042,1,0.0360414190237409,95.6895181611412,14,0,0,1
20,clear_sky,voltwatt,10,0.793604441167075,0.823505213149891,0.944799620310983,1,0.0334259912025369,84.4978103807885,9,0,0,1
20,clear_sky,voltwatt,11,0.787101899349258,0.954276217448621,0.94840523059155,1,0.0316370568178891,77.4671094634897,4,0,0,1
20,clear_sky,voltwatt,12,0.786286066835735,1,0.94951936255565,1,0.0310949376871201,75.5100743553045,2,0,0,1
20,clear_sky,voltwatt,13,0.788425387827532,0.954276217448621,0.948277830050325,1,0.0317102038429338,77.8019863144239,5,0,0,1
20,clear_sky,voltwatt,14,0.794369066373686,0.823505213149891,0.944725531688987,1,0.0334684840207094,84.7023101617824,9,0,0,1
20,clear_sky,voltwatt,15,0.809627940215971,0.626332219312064,0.938599732516628,1,0.0364962520194387,98.0485610391632,14,0,0,1
20,clear_sky,voltwatt,16,0.840403231337678,0.392292048948375,0.929925324930903,1,0.0408559752705038,120.203910605355,17,0,0,1
20,clear_sky,voltwatt,17,0.884764896719951,0.161266778794475,0.919782163561737,1,0.0460369420213612,150.559942512844,17,0,0,1
20,clear_sky,voltwatt,18,0.927103874702081,3.30228574503549e-22,0.911395892047719,1,0.0503779103732077,179.182674633709,18,0,0,1
20,clear_sky,voltwatt,19,0.946052196170588,0,0.909425098377172,1,0.0514911043069735,187.163288546381,19,0,0,1
20,clear_sky,voltwatt,20,0.924042669036405,0,0.911713575335099,1,0.0501984363327555,177.912175612085,18,0,0,1
20,clear_sky,voltwatt,21,0.860583782023169,0,0.918255480891273,1,0.0465006452045954,152.73546855333,17,0,0,1
20,clear_sky,voltwatt,22,0.779966851082885,0,0.926449456513576,1,0.0418638041128581,123.863739638504,17,0,0,1
20,clear_sky,voltwatt,23,0.711974371775082,0,0.933262828253068,1,0.0380038788252637,102.123350121383,15,0,0,1
20,clear_sky,hybrid,0,0.6,0,0.955197075088696,1,0.0274792226468855,58.4543926958085,0,0,330.075865832809,20
20,clear_sky,hybrid,1,0.6,0,0.955197075088696,1,0.0274792226468855,58.4543926958085,0,0,330.075865832809,20
20,clear_sky,hybrid,2,0.6,0,0.955197075088696,1,0.0274792226468855,58.4543926958085,0,0,330.075865832809,20
20,clear_sky,hybrid,3,0.6,0,0.955197075088696,1,0.0274792226468855,58.4543926958085,0,0,330.075865832809,20
20,clear_sky,hybrid,4,0.6,0,0.955197075088696,1,0.0274792226468855,58.4543926958085,0,0,330.075865832809,20
20,clear_sky,hybrid,5,0.610464194115905,0,0.954508905157154,1,0.0279230351620992,60.4555576338004,0,0,340.748776305628,20
20,clear_sky,hybrid,6,0.67568081763371,0,0.950202668000724,1,0.0307003177725441,73.7667837528226,0,0,407.545444254052,20
20,clear_sky,hybrid,7,0.744126393163558,0.161266778794474,0.948174096499567,1,0.0323149634584584,81.4624439500772,7,0,442.749085710005,21
20,clear_sky,hybrid,8,0.790210924609343,0.392292048948375,0.948302245637479,1,0.0325828233814846,81.9876905831418,9,0,423.262120941843,21
20,clear_sky,hybrid,9,0.801515493969863,0.626332219312064,0.950296960061035,1,0.0315488850261712,76.2804552062654,0,0,348.938825550919,21
20,clear_sky,hybrid,10,0.793604441167075,0.823505213149891,0.952766950769215,1,0.0301124757929855,69.7501843968716,0,0,256.266318378765,20
20,clear_sky,hybrid,11,0.787101899349258,0.954276217448621,0.954016866950389,1,0.0292816854179067,66.721831487414,0,0,181.856442021311,19
20,clear_sky,hybrid,12,0.786286066835735,1,0.954218803032567,1,0.0291382615049553,66.4678326253599,0,0,150.883003025957,19
20,clear_sky,hybrid,13,0.788425387827532,0.954276217448621,0.95391924794603,1,0.0293447585614972,66.9938072640107,0,0,182.618963794217,19
20,clear_sky,hybrid,14,0.794369066373686,0.823505213149891,0.952710605828978,1,0.0301475302585619,69.9085415071778,0,0,256.830323473578,20
20,clear_sky,hybrid,15,0.809627940215971,0.626332219312064,0.949725992904961,1,0.0319077055670123,78.0364171052856,3,0,356.719549655498,21
20,clear_sky,hybrid,16,0.840403231337678,0.392292048948375,0.94486084657115,1,0.0347612517937445,93.6911413496935,12,0,476.838324875944,21
20,clear_sky,hybrid,17,0.884764896719951,0.161266778794475,0.938441110289756,1,0.0384470404328878,116.626547520816,15,0,597.191280688913,27
20,clear_sky,hybrid,18,0.927103874702081,3.30228574503549e-22,0.930840579286828,1,0.0423917783906455,140.65500603308,17,0,636.173053547199,27
20,clear_sky,hybrid,19,0.946052196170588,0,0.928970762836815,1,0.0434499823334378,147.238856949145,17,0,641.398742842942,27
20,clear_sky,hybrid,20,0.924042669036405,0,0.931142046443725,1,0.0422211387352493,139.607967835842,17,0,635.330111149214,27
20,clear_sky,hybrid,21,0.860583782023169,0,0.937231902901426,1,0.0388095033075738,119.488849398238,15,0,606.737366624867,27
20,clear_sky,hybrid,22,0.779966851082885,0,0.943250657856981,1,0.0351641121828593,97.9768069129721,13,0,523.758157513684,21
20,clear_sky,hybrid,23,0.711974371775082,0,0.947800723412628,1,0.0322479395867162,81.7715689803696,6,0,447.079492663929,21
20,clear_sky,hybrid_pso,0,0.6,0,0.962618393501152,1,0.0238778953041629,51.5953820656186,0,0,720.83426696692,27
20,clear_sky,hybrid_pso,1,0.6,0,0.962618393501152,1,0.0238778953041629,51.5953820656186,0,0,720.83426696692,27
20,clear_sky,hybrid_pso,2,0.6,0,0.962618393501152,1,0.0238778953041629,51.5953820656186,0,0,720.83426696692,27
20,clear_sky,hybrid_pso,3,0.6,0,0.962618393501152,1,0.0238778953041629,51.5953820656186,0,0,720.83426696692,27
20,clear_sky,hybrid_pso,4,0.6,0,0.962618393501152,1,0.0238778953041629,51.5953820656186,0,0,720.83426696692,27
20,clear_sky,hybrid_pso,5,0.610464194115905,0,0.961676390439793,1,0.0244269975452979,53.5718959828276,0,0,724.462012001253,27
20,clear_sky,hybrid_pso,6,0.67568081763371,0,0.955769067089529,1,0.0278688532726684,66.9257696366449,0,0,747.163345763268,27
20,clear_sky,hybrid_pso,7,0.744126393163558,0.161266778794474,0.952802645920778,1,0.0298623826942507,74.2899317261223,0,0,753.295532445458,27
20,clear_sky,hybrid_pso,8,0.790210924609343,0.392292048948375,0.952619754324497,1,0.0302748064914089,74.2534648884458,0,0,714.778199726278,26
20,clear_sky,hybrid_pso,9,0.801515493969863,0.626332219312064,0.954037301217962,1,0.029254331976198,67.9213565642896,0,0,623.837171194642,26
20,clear_sky,hybrid_pso,10,0.793604441167075,0.823505213149891,0.95585703292206,1,0.0279878496779837,61.4107060312973,0,0,496.856325782278,25
20,clear_sky,hybrid_pso,11,0.787101899349258,0.954276217448621,0.956468089715743,1,0.0275694731465179,59.4476740456121,0,0,370.018242617024,23
20,clear_sky,hybrid_pso,12,0.786286066835735,1,0.956301988912329,1,0.02768324014009,60.0262778653238,0,0,309.8839360896,23
20,clear_sky,hybrid_pso,13,0.788425387827532,0.954276217448621,0.956359132032635,1,0.027640566632948,59.7354055310151,0,0,370.253700302618,23
20,clear_sky,hybrid_pso,14,0.794369066373686,0.823505213149891,0.955794302231588,1,0.028028764276593,61.5791549017779,0,0,497.036373770888,25
20,clear_sky,hybrid_pso,15,0.809627940215971,0.626332219312064,0.953371780601458,1,0.0296883316037435,69.8037959031977,0,0,626.187877297956,26
20,clear_sky,hybrid_pso,16,0.840403231337678,0.392292048948375,0.947930222152667,1,0.0330160991852664,86.9506962512469,9,0,724.011877650784,26
20,clear_sky,hybrid_pso,17,0.884764896719951,0.161266778794475,0.939489200944067,1,0.037613938310238,112.370792470165,15,0,777.033046003997,27
20,clear_sky,hybrid_pso,18,0.927103874702081,3.30228574503549e-22,0.931663544999209,1,0.0417468100334246,137.090917320015,17,0,794.480555595626,27
20,clear_sky,hybrid_pso,19,0.946052196170588,0,0.929766059897417,1,0.0428235817971752,143.647080999634,17,0,797.047753635368,27
20,clear_sky,hybrid_pso,20,0.924042669036405,0,0.931969457697927,1,0.0415731858252702,136.048907523138,17,0,794.066282018782,27
20,clear_sky,hybrid_pso,21,0.860583782023169,0,0.938261856229725,1,0.0379945652610972,115.508695726715,15,0,785.507539409367,27
20,clear_sky,hybrid_pso,22,0.779966851082885,0,0.94610312159348,1,0.0335035991293157,92.2631868711525,9,0,774.713209748231,27
20,clear_sky,hybrid_pso,23,0.711974371775082,0,0.9524537469268,1,0.0297993125107215,75.1433493806037,0,0,759.850855610131,27
20,partial_cloud,none,0,0.6,0,0.944298502867788,1,0.0317437262537251,71.3034479686274,6,0,0,1
20,partial_cloud,none,1,0.6,0,0.944298502867788,1,0.0317437262537251,71.3034479686274,6,0,0,1
20,partial_cloud,none,2,0.6,0,0.944298502867788,1,0.0317437262537251,71.3034479686274,6,0,0,1
20,partial_cloud,none,3,0.6,0,0.944298502867788,1,0.0317437262537251,71.3034479686274,6,0,0,1
20,partial_cloud,none,4,0.6,0,0.944298502867788,1,0.0317437262537251,71.3034479686274,6,0,0,1
20,partial_cloud,none,5,0.610464194115905,0,0.943276652061827,1,0.0323238068079629,73.9281269288822,6,0,0,1
20,partial_cloud,none,6,0.67568081763371,0,0.936864485298945,1,0.0359618899882495,91.466227903963,13,0,0,1
20,partial_cloud,none,7,0.744126393163558,0.161266770627791,0.933954710648705,1,0.0380046814446156,102.836677713365,15,0,0,1
20,partial_cloud,none,8,0.790210924609343,0.392270263240168,0.934930278953066,1,0.0380136613097358,104.273702514897,15,0,0,1
20,partial_cloud,none,9,0.801515493969863,0.621169965673079,0.939276386896972,1,0.0360986615808533,95.9401539559722,14,0,0,1
20,partial_cloud,none,10,0.793604441167075,0.687177426219552,0.941617259030613,1,0.0349258294551383,90.5612161980596,13,0,0,1
20,partial_cloud,none,11,0.787101899349258,0.524851842193077,0.938406625779155,1,0.036359910681629,96.4975287957584,14,0,0,1
20,partial_cloud,none,12,0.786286066835735,0.834320566194173,0.94575508926213,1,0.0329011460311087,82.1006842611075,9,0,0,1
20,partial_cloud,none,13,0.788425387827532,0.92861096363174,0.947695231185021,1,0.0319897773573021,78.8122106635524,5,0,0,1
20,partial_cloud,none,14,0.794369066373686,0.642014022492508,0.940473681477288,1,0.0354676814789273,92.8910938522424,13,0,0,1
20,partial_cloud,none,15,0.809627940215971,0.488330467094246,0.935306477239755,1,0.0380338205221638,105.089699144507,15,0,0,1
20,partial_cloud,none,16,0.840403231337678,0.384974642144386,0.929748070686334,1,0.0409386654574088,120.631214189081,17,0,0,1
20,partial_cloud,none,17,0.884764896719951,0.16124521980021,0.919781630026256,1,0.0460371906289814,150.561431508194,17,0,0,1
20,partial_cloud,none,18,0.927103874702081,3.30228547717906e-22,0.911395892047719,1,0.0503779103732077,179.182674633709,18,0,0,1
20,partial_cloud,none,19,0.946052196170588,0,0.909425098377172,1,0.0514911043069735,187.163288546381,19,0,0,1
20,partial_cloud,none,20,0.924042669036405,0,0.911713575335099,1,0.0501984363327555,177.912175612085,18,0,0,1
20,partial_cloud,none,21,0.860583782023169,0,0.918255480891273,1,0.0465006452045954,152.73546855333,17,0,0,1
20,partial_cloud,none,22,0.779966851082885,0,0.926449456513576,1,0.0418638041128581,123.863739638504,17,0,0,1
20,partial_cloud,none,23,0.711974371775082,0,0.933262828253068,1,0.0380038788252637,102.123350121383,15,0,0,1
20,partial_cloud,voltvar,0,0.6,0,0.955197075088696,1,0.0274792226468855,58.4543926958085,0,0,330.075865832809,20
20,partial_cloud,voltvar,1,0.6,0,0.955197075088696,1,0.0274792226468855,58.4543926958085,0,0,330.075865832809,20
20,partial_cloud,voltvar,2,0.6,0,0.955197075088696,1,0.0274792226468855,58.4543926958085,0,0,330.075865832809,20
20,partial_cloud,voltvar,3,0.6,0,0.955197075088696,1,0.0274792226468855,58.4543926958085,0,0,330.075865832809,20
20,partial_cloud,voltvar,4,0.6,0,0.955197075088696,1,0.0274792226468855,58.4543926958085,0,0,330.075865832809,20
20,partial_cloud,voltvar,5,0.610464194115905,0,0.954508905157154,1,0.0279230351620992,60.4555576338004,0,0,340.748776305628,20
20,partial_cloud,voltvar,6,0.67568081763371,0,0.950202668000724,1,0.0307003177725441,73.7667837528226,0,0,407.545444254052,20
20,partial_cloud,voltvar,7,0.744126393163558,0.161266770627791,0.948174096377579,1,0.0323149635223632,81.4624443190958,7,0,442.749087926203,21
20,partial_cloud,voltvar,8,0.790210924609343,0.392270263240168,0.94830196604095,1,0.0325829755650185,81.9885529481692,9,0,423.269418122842,21
20,partial_cloud,voltvar,9,0.801515493969863,0.621169965673079,0.950241109091767,1,0.0315800246646083,76.4362420782913,0,0,351.009962982412,21
20,partial_cloud,voltvar,10,0.793604441167075,0.687177426219552,0.951491686009803,1,0.030841943488389,72.8847963959087,0,0,316.363270752624,20
20,partial_cloud,voltvar,11,0.787101899349258,0.524851842193077,0.950151893980533,1,0.0315527046116662,76.4312988362605,0,0,373.6051999629,21
20,partial_cloud,voltvar,12,0.786286066835735,0.834320566194173,0.953395947772684,1,0.0297244955944395,68.0476988560904,0,0,245.75741537017,20
20,partial_cloud,voltvar,13,0.788425387827532,0.92861096363174,0.953809642296503,1,0.0294245011190483,67.1732011473563,0,0,198.170459592679,20
20,partial_cloud,voltvar,14,0.794369066373686,0.642014022492508,0.950963705254811,1,0.0311413545731146,74.3035149246773,0,0,335.58699862935,20
20,partial_cloud,voltvar,15,0.809627940215971,0.488330467094246,0.948159707778426,1,0.0327749344379509,82.6816300903336,9,0,409.979473067226,21
20,partial_cloud,voltvar,16,0.840403231337678,0.384974642144386,0.944768537039519,1,0.0348116443246874,94.0060492675014,13,0,479.403801874138,21
20,partial_cloud,voltvar,17,0.884764896719951,0.16124521980021,0.938440676689694,1,0.0384472425875736,116.62780494998,15,0,597.19563445208,27
20,partial_cloud,voltvar,18,0.927103874702081,3.30228547717906e-22,0.930840579286828,1,0.0423917783906455,140.65500603308,17,0,636.173053547199,27
20,partial_cloud,voltvar,19,0.946052196170588,0,0.928970762836815,1,0.0434499823334378,147.238856949145,17,0,641.398742842942,27
20,partial_cloud,voltvar,20,0.924042669036405,0,0.931142046443725,1,0.0422211387352493,139.607967835842,17,0,635.330111149214,27
20,partial_cloud,voltvar,21,0.860583782023169,0,0.937231902901426,1,0.0388095033075738,119.488849398238,15,0,606.737366624867,27
20,partial_cloud,voltvar,22,0.779966851082885,0,0.943250657856981,1,0.0351641121828593,97.9768069129721,13,0,523.758157513684,21
20,partial_cloud,voltvar,23,0.711974371775082,0,0.947800723412628,1,0.0322479395867162,81.7715689803696,6,0,447.079492663929,21
20,partial_cloud,voltwatt,0,0.6,0,0.944298502867788,1,0.0317437262537251,71.3034479686274,6,0,0,1
20,partial_cloud,voltwatt,1,0.6,0,0.944298502867788,1,0.0317437262537251,71.3034479686274,6,0,0,1
20,partial_cloud,voltwatt,2,0.6,0,0.944298502867788,1,0.0317437262537251,71.3034479686274,6,0,0,1
20,partial_cloud,voltwatt,3,0.6,0,0.944298502867788,1,0.0317437262537251,71.3034479686274,6,0,0,1
20,partial_cloud,voltwatt,4,0.6,0,0.944298502867788,1,0.0317437262537251,71.3034479686274,6,0,0,1
20,partial_cloud,voltwatt,5,0.610464194115905,0,0.943276652061827,1,0.0323238068079629,73.9281269288822,6,0,0,1
20,partial_cloud,voltwatt,6,0.67568081763371,0,0.936864485298945,1,0.0359618899882495,91.466227903963,13,0,0,1
20,partial_cloud,voltwatt,7,0.744126393163558,0.161266770627791,0.933954710648705,1,0.0380046814446156,102.836677713365,15,0,0,1
20,partial_cloud,voltwatt,8,0.790210924609343,0.392270263240168,0.934930278953066,1,0.0380136613097358,104.273702514897,15,0,0,1
20,partial_cloud,voltwatt,9,0.801515493969863,0.621169965673079,0.939276386896972,1,0.0360986615808533,95.9401539559722,14,0,0,1
20,partial_cloud,voltwatt,10,0.793604441167075,0.687177426219552,0.941617259030613,1,0.0349258294551383,90.5612161980596,13,0,0,1
20,partial_cloud,voltwatt,11,0.787101899349258,0.524851842193077,0.938406625779155,1,0.036359910681629,96.4975287957584,14,0,0,1
20,partial_cloud,voltwatt,12,0.786286066835735,0.834320566194173,0.94575508926213,1,0.0329011460311087,82.1006842611075,9,0,0,1
20,partial_cloud,voltwatt,13,0.788425387827532,0.92861096363174,0.947695231185021,1,0.0319897773573021,78.8122106635524,5,0,0,1
20,partial_cloud,voltwatt,14,0.794369066373686,0.642014022492508,0.940473681477288,1,0.0354676814789273,92.8910938522424,13,0,0,1
20,partial_cloud,voltwatt,15,0.809627940215971,0.488330467094246,0.935306477239755,1,0.0380338205221638,105.089699144507,15,0,0,1
20,partial_cloud,voltwatt,16,0.840403231337678,0.384974642144386,0.929748070686334,1,0.0409386654574088,120.631214189081,17,0,0,1
20,partial_cloud,voltwatt,17,0.884764896719951,0.16124521980021,0.919781630026256,1,0.0460371906289814,150.561431508194,17,0,0,1
20,partial_cloud,voltwatt,18,0.927103874702081,3.30228547717906e-22,0.911395892047719,1,0.0503779103732077,179.182674633709,18,0,0,1
20,partial_cloud,voltwatt,19,0.946052196170588,0,0.909425098377172,1,0.0514911043069735,187.163288546381,19,0,0,1
20,partial_cloud,voltwatt,20,0.924042669036405,0,0.911713575335099,1,0.0501984363327555,177.912175612085,18,0,0,1
20,partial_cloud,voltwatt,21,0.860583782023169,0,0.918255480891273,1,0.0465006452045954,152.73546855333,17,0,0,1
20,partial_cloud,voltwatt,22,0.779966851082885,0,0.926449456513576,1,0.0418638041128581,123.863739638504,17,0,0,1
20,partial_cloud,voltwatt,23,0.711974371775082,0,0.933262828253068,1,0.0380038788252637,102.123350121383,15,0,0,1
20,partial_cloud,hybrid,0,0.6,0,0.955197075088696,1,0.0274792226468855,58.4543926958085,0,0,330.075865832809,20
20,partial_cloud,hybrid,1,0.6,0,0.955197075088696,1,0.0274792226468855,58.4543926958085,0,0,330.075865832809,20
20,partial_cloud,hybrid,2,0.6,0,0.955197075088696,1,0.0274792226468855,58.4543926958085,0,0,330.075865832809,20
20,partial_cloud,hybrid,3,0.6,0,0.955197075088696,1,0.0274792226468855,58.4543926958085,0,0,330.075865832809,20
20,partial_cloud,hybrid,4,0.6,0,0.955197075088696,1,0.0274792226468855,58.4543926958085,0,0,330.075865832809,20
20,partial_cloud,hybrid,5,0.610464194115905,0,0.954508905157154,1,0.0279230351620992,60.4555576338004,0,0,340.748776305628,20
20,partial_cloud,hybrid,6,0.67568081763371,0,0.950202668000724,1,0.0307003177725441,73.7667837528226,0,0,407.545444254052,20
20,partial_cloud,hybrid,7,0.744126393163558,0.161266770627791,0.948174096377579,1,0.0323149635223632,81.4624443190958,7,0,442.749087926203,21
20,partial_cloud,hybrid,8,0.790210924609343,0.392270263240168,0.94830196604095,1,0.0325829755650185,81.9885529481692,9,0,423.269418122842,21
20,partial_cloud,hybrid,9,0.801515493969863,0.621169965673079,0.950241109091767,1,0.0315800246646083,76.4362420782913,0,0,351.009962982412,21
20,partial_cloud,hybrid,10,0.793604441167075,0.687177426219552,0.951491686009803,1,0.030841943488389,72.8847963959087,0,0,316.363270752624,20
20,partial_cloud,hybrid,11,0.787101899349258,0.524851842193077,0.950151893980533,1,0.0315527046116662,76.4312988362605,0,0,373.6051999629,21
20,partial_cloud,hybrid,12,0.786286066835735,0.834320566194173,0.953395947772684,1,0.0297244955944395,68.0476988560904,0,0,245.75741537017,20
20,partial_cloud,hybrid,13,0.788425387827532,0.92861096363174,0.953809642296503,1,0.0294245011190483,67.1732011473563,0,0,198.170459592679,20
20,partial_cloud,hybrid,14,0.794369066373686,0.642014022492508,0.950963705254811,1,0.0311413545731146,74.3035149246773,0,0,335.58699862935,20
20,partial_cloud,hybrid,15,0.809627940215971,0.488330467094246,0.948159707778426,1,0.0327749344379509,82.6816300903336,9,0,409.979473067226,21
20,partial_cloud,hybrid,16,0.840403231337678,0.384974642144386,0.944768537039519,1,0.0348116443246874,94.0060492675014,13,0,479.403801874138,21
20,partial_cloud,hybrid,17,0.884764896719951,0.16124521980021,0.938440676689694,1,0.0384472425875736,116.62780494998,15,0,597.19563445208,27
20,partial_cloud,hybrid,18,0.927103874702081,3.30228547717906e-22,0.930840579286828,1,0.0423917783906455,140.65500603308,17,0,636.173053547199,27
20,partial_cloud,hybrid,19,0.946052196170588,0,0.928970762836815,1,0.0434499823334378,147.238856949145,17,0,641.398742842942,27
20,partial_cloud,hybrid,20,0.924042669036405,0,0.931142046443725,1,0.0422211387352493,139.607967835842,17,0,635.330111149214,27
20,partial_cloud,hybrid,21,0.860583782023169,0,0.937231902901426,1,0.0388095033075738,119.488849398238,15,0,606.737366624867,27
20,partial_cloud,hybrid,22,0.779966851082885,0,0.943250657856981,1,0.0351641121828593,97.9768069129721,13,0,523.758157513684,21
20,partial_cloud,hybrid,23,0.711974371775082,0,0.947800723412628,1,0.0322479395867162,81.7715689803696,6,0,447.079492663929,21
20,partial_cloud,hybrid_pso,0,0.6,0,0.962618393501152,1,0.0238778953041629,51.5953820656186,0,0,720.83426696692,27
20,partial_cloud,hybrid_pso,1,0.6,0,0.962618393501152,1,0.0238778953041629,51.5953820656186,0,0,720.83426696692,27
20,partial_cloud,hybrid_pso,2,0.6,0,0.962618393501152,1,0.0238778953041629,51.5953820656186,0,0,720.83426696692,27
20,partial_cloud,hybrid_pso,3,0.6,0,0.962618393501152,1,0.0238778953041629,51.5953820656186,0,0,720.83426696692,27
20,partial_cloud,hybrid_pso,4,0.6,0,0.962618393501152,1,0.0238778953041629,51.5953820656186,0,0,720.83426696692,27
20,partial_cloud,hybrid_pso,5,0.610464194115905,0,0.961676390439793,1,0.0244269975452979,53.5718959828276,0,0,724.462012001253,27
20,partial_cloud,hybrid_pso,6,0.67568081763371,0,0.955769067089529,1,0.0278688532726684,66.9257696366449,0,0,747.163345763268,27
20,partial_cloud,hybrid_pso,7,0.744126393163558,0.161266770627791,0.952802645763374,1,0.0298623827735144,74.2899321371503,0,0,753.295533741458,27
20,partial_cloud,hybrid_pso,8,0.790210924609343,0.392270263240168,0.952619412961894,1,0.0302749811181473,74.254423749139,0,0,714.784968851531,26
20,partial_cloud,hybrid_pso,9,0.801515493969863,0.621169965673079,0.953995726743503,1,0.0292840487306045,68.0870736154381,0,0,626.450936751663,26
20,partial_cloud,hybrid_pso,10,0.793604441167075,0.687177426219552,0.955139465663799,1,0.0285065860478782,64.3189102247565,0,0,588.668654812585,26
20,partial_cloud,hybrid_pso,11,0.787101899349258,0.524851842193077,0.954322658096051,1,0.0291231005523692,68.1319996902551,0,0,666.076103521595,26
20,partial_cloud,hybrid_pso,12,0.786286066835735,0.834320566194173,0.956492495042496,1,0.0275703720621913,59.6629222565113,0,0,486.557202233504,25
20,partial_cloud,hybrid_pso,13,0.788425387827532,0.92861096363174,0.956419084902147,1,0.027601803559124,59.5737836166799,0,0,399.503908978993,24
20,partial_cloud,hybrid_pso,14,0.794369066373686,0.642014022492508,0.954746308901411,1,0.0287841862463626,65.799498369272,0,0,613.67906583257,26
20,partial_cloud,hybrid_pso,15,0.809627940215971,0.488330467094246,0.952116530491424,1,0.030583422008313,74.8468707783595,0,0,687.638409435245,26
20,partial_cloud,hybrid_pso,16,0.840403231337678,0.384974642144386,0.947812083003,1,0.0330768144617046,87.3034585052008,9,0,726.074148549302,26
20,partial_cloud,hybrid_pso,17,0.884764896719951,0.16124521980021,0.93948874863316,1,0.0376141578989651,112.372143934231,15,0,777.035738430248,27
20,partial_cloud,hybrid_pso,18,0.927103874702081,3.30228547717906e-22,0.931663544999209,1,0.0417468100334246,137.090917320015,17,0,794.480555595626,27
20,partial_cloud,hybrid_pso,19,0.946052196170588,0,0.929766059897417,1,0.0428235817971752,143.647080999634,17,0,797.047753635368,27
20,partial_cloud,hybrid_pso,20,0.924042669036405,0,0.931969457697927,1,0.0415731858252702,136.048907523138,17,0,794.066282018782,27
20,partial_cloud,hybrid_pso,21,0.860583782023169,0,0.938261856229725,1,0.0379945652610972,115.508695726715,15,0,785.507539409367,27
20,partial_cloud,hybrid_pso,22,0.779966851082885,0,0.94610312159348,1,0.0335035991293157,92.2631868711525,9,0,774.713209748231,27
20,partial_cloud,hybrid_pso,23,0.711974371775082,0,0.9524537469268,1,0.0297993125107215,75.1433493806037,0,0,759.850855610131,27
20,low_irradiance,none,0,0.6,0,0.944298502867788,1,0.0317437262537251,71.3034479686274,6,0,0,1
20,low_irradiance,none,1,0.6,0,0.944298502867788,1,0.0317437262537251,71.3034479686274,6,0,0,1
20,low_irradiance,none,2,0.6,0,0.944298502867788,1,0.0317437262537251,71.3034479686274,6,0,0,1
20,low_irradiance,none,3,0.6,0,0.944298502867788,1,0.0317437262537251,71.3034479686274,6,0,0,1
20,low_irradiance,none,4,0.6,0,0.944298502867788,1,0.0317437262537251,71.3034479686274,6,0,0,1
20,low_irradiance,none,5,0.610464194115905,0,0.943276652061827,1,0.0323238068079629,73.9281269288822,6,0,0,1
20,low_irradiance,none,6,0.67568081763371,0,0.936864485298945,1,0.0359618899882495,91.466227903963,13,0,0,1
20,low_irradiance,none,7,0.744126393163558,0.0725700504575134,0.931812445366531,1,0.03900316332093,107.851689762537,15,0,0,1
20,low_irradiance,none,8,0.790210924609343,0.176531422026769,0.929723063082863,1,0.040442108562832,116.446330933494,16,0,0,1
20,low_irradiance,none,9,0.801515493969863,0.281849498690429,0.931143979972607,1,0.0398939128771106,113.943692796995,15,0,0,1
20,low_irradiance,none,10,0.793604441167075,0.370577345917451,0.934072203049882,1,0.0384482091629086,106.485707098119,15,0,0,1
20,low_irradiance,none,11,0.787101899349258,0.42942429785188,0.936128838246607,1,0.037423077641201,101.367776090565,15,0,0,1
20,low_irradiance,none,12,0.786286066835735,0.45,0.936701684633508,1,0.0371475307874292,100.054685383162,15,0,0,1
20,low_irradiance,none,13,0.788425387827532,0.42942429785188,0.935997742842887,1,0.0374975779252402,101.76500142872,15,0,0,1
20,low_irradiance,none,14,0.794369066373686,0.370577345917451,0.933996178529352,1,0.0384913877344817,106.721762554812,15,0,0,1
20,low_irradiance,none,15,0.809627940215971,0.281849498690429,0.930332399035351,1,0.0403544259042255,116.563600304327,16,0,0,1
20,low_irradiance,none,16,0.840403231337678,0.176531422026769,0.924668167313772,1,0.0433073349165201,133.416429609666,17,0,0,1
20,low_irradiance,none,17,0.884764896719951,0.0725700504575136,0.917581471413293,1,0.0470621703824922,156.798006012627,17,0,0,1
20,low_irradiance,none,18,0.927103874702081,1.48602858526597e-22,0.911395892047719,1,0.0503779103732077,179.182674633709,18,0,0,1
20,low_irradiance,none,19,0.946052196170588,0,0.909425098377172,1,0.0514911043069735,187.163288546381,19,0,0,1
20,low_irradiance,none,20,0.924042669036405,0,0.911713575335099,1,0.0501984363327555,177.912175612085,18,0,0,1
20,low_irradiance,none,21,0.860583782023169,0,0.918255480891273,1,0.0465006452045954,152.73546855333,17,0,0,1
20,low_irradiance,none,22,0.779966851082885,0,0.926449456513576,1,0.0418638041128581,123.863739638504,17,0,0,1
20,low_irradiance,none,23,0.711974371775082,0,0.933262828253068,1,0.0380038788252637,102.123350121383,15,0,0,1
20,low_irradiance,voltvar,0,0.6,0,0.955197075088696,1,0.0274792226468855,58.4543926958085,0,0,330.075865832809,20
20,low_irradiance,voltvar,1,0.6,0,0.955197075088696,1,0.0274792226468855,58.4543926958085,0,0,330.075865832809,20
20,low_irradiance,voltvar,2,0.6,0,0.955197075088696,1,0.0274792226468855,58.4543926958085,0,0,330.075865832809,20
20,low_irradiance,voltvar,3,0.6,0,0.955197075088696,1,0.0274792226468855,58.4543926958085,0,0,330.075865832809,20
20,low_irradiance,voltvar,4,0.6,0,0.955197075088696,1,0.0274792226468855,58.4543926958085,0,0,330.075865832809,20
20,low_irradiance,voltvar,5,0.610464194115905,0,0.954508905157154,1,0.0279230351620992,60.4555576338004,0,0,340.748776305628,20
20,low_irradiance,voltvar,6,0.67568081763371,0,0.950202668000724,1,0.0307003177725441,73.7667837528226,0,0,407.545444254052,20
20,low_irradiance,voltvar,7,0.744126393163558,0.0725700504575134,0.946816901965242,1,0.0330229123919903,85.616138420164,9,0,465.87145039234,21
20,low_irradiance,voltvar,8,0.790210924609343,0.176531422026769,0.945313635731827,1,0.0341729814387484,91.4549637831174,11,0,489.922961953328,21
20,low_irradiance,voltvar,9,0.801515493969863,0.281849498690429,0.946059886602166,1,0.033863282444783,89.2483638079486,9,0,471.202563515826,21
20,low_irradiance,voltvar,10,0.793604441167075,0.370577345917451,0.947790178294083,1,0.0328820603393849,83.6250909121503,9,0,434.117624867682,21
20,low_irradiance,voltvar,11,0.787101899349258,0.42942429785188,0.94898674569491,1,0.0321910733574813,79.8573216264063,6,0,407.391692557667,21
20,low_irradiance,voltvar,12,0.786286066835735,0.45,0.949299891726263,1,0.0320152207176979,78.9075760683155,4,0,399.440626993568,21
20,low_irradiance,voltvar,13,0.788425387827532,0.42942429785188,0.948896037137813,1,0.0322484550093794,80.1500261004831,6,0,408.783269258802,21
20,low_irradiance,voltvar,14,0.794369066373686,0.370577345917451,0.947737976015125,1,0.0329151262916854,83.798764894771,9,0,434.937488813862,21
20,low_irradiance,voltvar,15,0.809627940215971,0.281849498690429,0.945511999865879,1,0.0342134654999168,91.1737366816737,11,0,480.107533597163,21
20,low_irradiance,voltvar,16,0.840403231337678,0.176531422026769,0.941927656262425,1,0.0363392648224643,103.935467205814,14,0,546.07264438341,21
20,low_irradiance,voltvar,17,0.884764896719951,0.0725700504575136,0.93658305550895,1,0.0393163613521998,122.039262012327,15,0,612.125501017172,27
20,low_irradiance,voltvar,18,0.927103874702081,1.48602858526597e-22,0.930840579286828,1,0.0423917783906455,140.65500603308,17,0,636.173053547199,27
20,low_irradiance,voltvar,19,0.946052196170588,0,0.928970762836815,1,0.0434499823334378,147.238856949145,17,0,641.398742842942,27
20,low_irradiance,voltvar,20,0.924042669036405,0,0.931142046443725,1,0.0422211387352493,139.607967835842,17,0,635.330111149214,27
20,low_irradiance,voltvar,21,0.860583782023169,0,0.937231902901426,1,0.0388095033075738,119.488849398238,15,0,606.737366624867,27
20,low_irradiance,voltvar,22,0.779966851082885,0,0.943250657856981,1,0.0351641121828593,97.9768069129721,13,0,523.758157513684,21
20,low_irradiance,voltvar,23,0.711974371775082,0,0.947800723412628,1,0.0322479395867162,81.7715689803696,6,0,447.079492663929,21
20,low_irradiance,voltwatt,0,0.6,0,0.944298502867788,1,0.0317437262537251,71.3034479686274,6,0,0,1
20,low_irradiance,voltwatt,1,0.6,0,0.944298502867788,1,0.0317437262537251,71.3034479686274,6,0,0,1
20,low_irradiance,voltwatt,2,0.6,0,0.944298502867788,1,0.0317437262537251,71.3034479686274,6,0,0,1
20,low_irradiance,voltwatt,3,0.6,0,0.944298502867788,1,0.0317437262537251,71.3034479686274,6,0,0,1
20,low_irradiance,voltwatt,4,0.6,0,0.944298502867788,1,0.0317437262537251,71.3034479686274,6,0,0,1
20,low_irradiance,voltwatt,5,0.610464194115905,0,0.943276652061827,1,0.0323238068079629,73.9281269288822,6,0,0,1
20,low_irradiance,voltwatt,6,0.67568081763371,0,0.936864485298945,1,0.0359618899882495,91.466227903963,13,0,0,1
20,low_irradiance,voltwatt,7,0.744126393163558,0.0725700504575134,0.931812445366531,1,0.03900316332093,107.851689762537,15,0,0,1
20,low_irradiance,voltwatt,8,0.790210924609343,0.176531422026769,0.929723063082863,1,0.040442108562832,116.446330933494,16,0,0,1
20,low_irradiance,voltwatt,9,0.801515493969863,0.281849498690429,0.931143979972607,1,0.0398939128771106,113.943692796995,15,0,0,1
20,low_irradiance,voltwatt,10,0.793604441167075,0.370577345917451,0.934072203049882,1,0.0384482091629086,106.485707098119,15,0,0,1
20,low_irradiance,voltwatt,11,0.787101899349258,0.42942429785188,0.936128838246607,1,0.037423077641201,101.367776090565,15,0,0,1
20,low_irradiance,voltwatt,12,0.786286066835735,0.45,0.936701684633508,1,0.0371475307874292,100.054685383162,15,0,0,1
20,low_irradiance,voltwatt,13,0.788425387827532,0.42942429785188,0.935997742842887,1,0.0374975779252402,101.76500142872,15,0,0,1
20,low_irradiance,voltwatt,14,0.794369066373686,0.370577345917451,0.933996178529352,1,0.0384913877344817,106.721762554812,15,0,0,1
20,low_irradiance,voltwatt,15,0.809627940215971,0.281849498690429,0.930332399035351,1,0.0403544259042255,116.563600304327,16,0,0,1
20,low_irradiance,voltwatt,16,0.840403231337678,0.176531422026769,0.924668167313772,1,0.0433073349165201,133.416429609666,17,0,0,1
20,low_irradiance,voltwatt,17,0.884764896719951,0.0725700504575136,0.917581471413293,1,0.0470621703824922,156.798006012627,17,0,0,1
20,low_irradiance,voltwatt,18,0.927103874702081,1.48602858526597e-22,0.911395892047719,1,0.0503779103732077,179.182674633709,18,0,0,1
20,low_irradiance,voltwatt,19,0.946052196170588,0,0.909425098377172,1,0.0514911043069735,187.163288546381,19,0,0,1
20,low_irradiance,voltwatt,20,0.924042669036405,0,0.911713575335099,1,0.0501984363327555,177.912175612085,18,0,0,1
20,low_irradiance,voltwatt,21,0.860583782023169,0,0.918255480891273,1,0.0465006452045954,152.73546855333,17,0,0,1
20,low_irradiance,voltwatt,22,0.779966851082885,0,0.926449456513576,1,0.0418638041128581,123.863739638504,17,0,0,1
20,low_irradiance,voltwatt,23,0.711974371775082,0,0.933262828253068,1,0.0380038788252637,102.123350121383,15,0,0,1
20,low_irradiance,hybrid,0,0.6,0,0.955197075088696,1,0.0274792226468855,58.4543926958085,0,0,330.075865832809,20
20,low_irradiance,hybrid,1,0.6,0,0.955197075088696,1,0.0274792226468855,58.4543926958085,0,0,330.075865832809,20
20,low_irradiance,hybrid,2,0.6,0,0.955197075088696,1,0.0274792226468855,58.4543926958085,0,0,330.075865832809,20
20,low_irradiance,hybrid,3,0.6,0,0.955197075088696,1,0.0274792226468855,58.4543926958085,0,0,330.075865832809,20
20,low_irradiance,hybrid,4,0.6,0,0.955197075088696,1,0.0274792226468855,58.4543926958085,0,0,330.075865832809,20
20,low_irradiance,hybrid,5,0.610464194115905,0,0.954508905157154,1,0.0279230351620992,60.4555576338004,0,0,340.748776305628,20
20,low_irradiance,hybrid,6,0.67568081763371,0,0.950202668000724,1,0.0307003177725441,73.7667837528226,0,0,407.545444254052,20
20,low_irradiance,hybrid,7,0.744126393163558,0.0725700504575134,0.946816901965242,1,0.0330229123919903,85.616138420164,9,0,465.87145039234,21
20,low_irradiance,hybrid,8,0.790210924609343,0.176531422026769,0.945313635731827,1,0.0341729814387484,91.4549637831174,11,0,489.922961953328,21
20,low_irradiance,hybrid,9,0.801515493969863,0.281849498690429,0.946059886602166,1,0.033863282444783,89.2483638079486,9,0,471.202563515826,21
20,low_irradiance,hybrid,10,0.793604441167075,0.370577345917451,0.947790178294083,1,0.0328820603393849,83.6250909121503,9,0,434.117624867682,21
20,low_irradiance,hybrid,11,0.787101899349258,0.42942429785188,0.94898674569491,1,0.0321910733574813,79.8573216264063,6,0,407.391692557667,21
20,low_irradiance,hybrid,12,0.786286066835735,0.45,0.949299891726263,1,0.0320152207176979,78.9075760683155,4,0,399.440626993568,21
20,low_irradiance,hybrid,13,0.788425387827532,0.42942429785188,0.948896037137813,1,0.0322484550093794,80.1500261004831,6,0,408.783269258802,21
20,low_irradiance,hybrid,14,0.794369066373686,0.370577345917451,0.947737976015125,1,0.0329151262916854,83.798764894771,9,0,434.937488813862,21
20,low_irradiance,hybrid,15,0.809627940215971,0.281849498690429,0.945511999865879,1,0.0342134654999168,91.1737366816737,11,0,480.107533597163,21
20,low_irradiance,hybrid,16,0.840403231337678,0.176531422026769,0.941927656262425,1,0.0363392648224643,103.935467205814,14,0,546.07264438341,21
20,low_irradiance,hybrid,17,0.884764896719951,0.0725700504575136,0.93658305550895,1,0.0393163613521998,122.039262012327,15,0,612.125501017172,27
20,low_irradiance,hybrid,18,0.927103874702081,1.48602858526597e-22,0.930840579286828,1,0.0423917783906455,140.65500603308,17,0,636.173053547199,27
20,low_irradiance,hybrid,19,0.946052196170588,0,0.928970762836815,1,0.0434499823334378,147.238856949145,17,0,641.398742842942,27
20,low_irradiance,hybrid,20,0.924042669036405,0,0.931142046443725,1,0.0422211387352493,139.607967835842,17,0,635.330111149214,27
20,low_irradiance,hybrid,21,0.860583782023169,0,0.937231902901426,1,0.0388095033075738,119.488849398238,15,0,606.737366624867,27
20,low_irradiance,hybrid,22,0.779966851082885,0,0.943250657856981,1,0.0351641121828593,97.9768069129721,13,0,523.758157513684,21
20,low_irradiance,hybrid,23,0.711974371775082,0,0.947800723412628,1,0.0322479395867162,81.7715689803696,6,0,447.079492663929,21
20,low_irradiance,hybrid_pso,0,0.6,0,0.962618393501152,1,0.0238778953041629,51.5953820656186,0,0,720.83426696692,27
20,low_irradiance,hybrid_pso,1,0.6,0,0.962618393501152,1,0.0238778953041629,51.5953820656186,0,0,720.83426696692,27
20,low_irradiance,hybrid_pso,2,0.6,0,0.962618393501152,1,0.0238778953041629,51.5953820656186,0,0,720.83426696692,27
20,low_irradiance,hybrid_pso,3,0.6,0,0.962618393501152,1,0.0238778953041629,51.5953820656186,0,0,720.83426696692,27
20,low_irradiance,hybrid_pso,4,0.6,0,0.962618393501152,1,0.0238778953041629,51.5953820656186,0,0,720.83426696692,27
20,low_irradiance,hybrid_pso,5,0.610464194115905,0,0.961676390439793,1,0.0244269975452979,53.5718959828276,0,0,724.462012001253,27
20,low_irradiance,hybrid_pso,6,0.67568081763371,0,0.955769067089529,1,0.0278688532726684,66.9257696366449,0,0,747.163345763268,27
20,low_irradiance,hybrid_pso,7,0.744126393163558,0.0725700504575134,0.951033826806907,1,0.0307510252918241,78.9046411392643,0,0,764.994975732488,27
20,low_irradiance,hybrid_pso,8,0.790210924609343,0.176531422026769,0.948821557699966,1,0.0322083808107208,84.8496092788455,6,0,762.562367509422,27
20,low_irradiance,hybrid_pso,9,0.801515493969863,0.281849498690429,0.949718023315511,1,0.0318333893651387,82.2587421448423,2,0,745.938010209353,26
20,low_irradiance,hybrid_pso,10,0.793604441167075,0.370577345917451,0.951963837565305,1,0.0306324753711284,76.0372112019453,0,0,722.464814591943,26
20,low_irradiance,hybrid_pso,11,0.787101899349258,0.42942429785188,0.953347742960122,1,0.0298168374312643,71.9194749434773,0,0,701.744384411407,26
20,low_irradiance,hybrid_pso,12,0.786286066835735,0.45,0.953634710148655,1,0.0296167132331495,70.8739155374033,0,0,694.387934347048,26
20,low_irradiance,hybrid_pso,13,0.788425387827532,0.42942429785188,0.953239336866385,1,0.0298875475778055,72.2306085754897,0,0,702.170783298407,26
20,low_irradiance,hybrid_pso,14,0.794369066373686,0.370577345917451,0.951893615354242,1,0.0306734259439488,76.2220373237993,0,0,722.713326563017,26
20,low_irradiance,hybrid_pso,15,0.809627940215971,0.281849498690429,0.948954147823331,1,0.0322801299102563,84.3480153298614,6,0,746.982937085556,26
20,low_irradiance,hybrid_pso,16,0.840403231337678,0.176531422026769,0.94406926969404,1,0.0349854693316895,98.4211486394877,13,0,769.176711901982,27
20,low_irradiance,hybrid_pso,17,0.884764896719951,0.0725700504575136,0.937560815697244,1,0.0385468356158715,118.118159600311,15,0,785.555038122643,27
20,low_irradiance,hybrid_pso,18,0.927103874702081,1.48602858526597e-22,0.931663544999209,1,0.0417468100334246,137.090917320015,17,0,794.480555595626,27
20,low_irradiance,hybrid_pso,19,0.946052196170588,0,0.929766059897417,1,0.0428235817971752,143.647080999634,17,0,797.047753635368,27
20,low_irradiance,hybrid_pso,20,0.924042669036405,0,0.931969457697927,1,0.0415731858252702,136.048907523138,17,0,794.066282018782,27
20,low_irradiance,hybrid_pso,21,0.860583782023169,0,0.938261856229725,1,0.0379945652610972,115.508695726715,15,0,785.507539409367,27
20,low_irradiance,hybrid_pso,22,0.779966851082885,0,0.94610312159348,1,0.0335035991293157,92.2631868711525,9,0,774.713209748231,27
20,low_irradiance,hybrid_pso,23,0.711974371775082,0,0.9524537469268,1,0.0297993125107215,75.1433493806037,0,0,759.850855610131,27
50,clear_sky,none,0,0.6,0,0.944298502867788,1,0.0317437262537251,71.3034479686274,6,0,0,1
50,clear_sky,none,1,0.6,0,0.944298502867788,1,0.0317437262537251,71.3034479686274,6,0,0,1
50,clear_sky,none,2,0.6,0,0.944298502867788,1,0.0317437262537251,71.3034479686274,6,0,0,1
50,clear_sky,none,3,0.6,0,0.944298502867788,1,0.0317437262537251,71.3034479686274,6,0,0,1
50,clear_sky,none,4,0.6,0,0.944298502867788,1,0.0317437262537251,71.3034479686274,6,0,0,1
50,clear_sky,none,5,0.610464194115905,0,0.943276652061827,1,0.0323238068079629,73.9281269288822,6,0,0,1
50,clear_sky,none,6,0.67568081763371,0,0.936864485298945,1,0.0359618899882495,91.466227903963,13,0,0,1
50,clear_sky,none,7,0.744126393163558,0.161266778794474,0.93974456900144,1,0.0353041638799548,90.2158921847102,13,0,0,1
50,clear_sky,none,8,0.790210924609343,0.392292048948375,0.94870578176692,1,0.0315210197694273,77.226736453533,4,0,0,1
50,clear_sky,none,9,0.801515493969863,0.626332219312064,0.95876944041597,1,0.0258575043354569,61.1209540469466,0,0,0,1
50,clear_sky,none,10,0.793604441167075,0.823505213149891,0.966778643406111,1,0.0202665585887659,49.9920980812067,0,0,0,1
50,clear_sky,none,11,0.787101899349258,0.954276217448621,0.972103920953924,1,0.0165610096921013,45.7453736383781,0,0,0,1
50,clear_sky,none,12,0.786286066835735,1,0.973831680226615,1,0.0153548526984477,45.066242772779,0,0,0,1
50,clear_sky,none,13,0.788425387827532,0.954276217448621,0.971996690628267,1,0.0166309021378847,45.9287159505937,0,0,0,1
50,clear_sky,none,14,0.794369066373686,0.823505213149891,0.966716060396691,1,0.0203073768288059,50.1188218370076,0,0,0,1
50,clear_sky,none,15,0.809627940215971,0.626332219312064,0.958094600845176,1,0.0262981301077275,62.8227242988856,0,0,0,1
50,clear_sky,none,16,0.840403231337678,0.392292048948375,0.943855979958317,1,0.0343051263952339,90.4669366419702,12,0,0,1
50,clear_sky,none,17,0.884764896719951,0.161266778794475,0.925727309327098,1,0.0432651962687274,134.675411239728,17,0,0,1
50,clear_sky,none,18,0.927103874702081,3.30228574503549e-22,0.911395892047719,1,0.0503779103732077,179.182674633709,18,0,0,1
50,clear_sky,none,19,0.946052196170588,0,0.909425098377172,1,0.0514911043069735,187.163288546381,19,0,0,1
50,clear_sky,none,20,0.924042669036405,0,0.911713575335099,1,0.0501984363327555,177.912175612085,18,0,0,1
50,clear_sky,none,21,0.860583782023169,0,0.918255480891273,1,0.0465006452045954,152.73546855333,17,0,0,1
50,clear_sky,none,22,0.779966851082885,0,0.926449456513576,1,0.0418638041128581,123.863739638504,17,0,0,1
50,clear_sky,none,23,0.711974371775082,0,0.933262828253068,1,0.0380038788252637,102.123350121383,15,0,0,1
50,clear_sky,voltvar,0,0.6,0,0.962529184183679,1,0.0241817488544389,52.962747852768,0,0,599.163178756853,19
50,clear_sky,voltvar,1,0.6,0,0.962529184183679,1,0.0241817488544389,52.962747852768,0,0,599.163178756853,19
50,clear_sky,voltvar,2,0.6,0,0.962529184183679,1,0.0241817488544389,52.962747852768,0,0,599.163178756853,19
50,clear_sky,voltvar,3,0.6,0,0.962529184183679,1,0.0241817488544389,52.962747852768,0,0,599.163178756853,19
50,clear_sky,voltvar,4,0.6,0,0.962529184183679,1,0.0241817488544389,52.962747852768,0,0,599.163178756853,19
50,clear_sky,voltvar,5,0.610464194115905,0,0.962003103662734,1,0.024522834336559,54.7747493337624,0,0,618.832144451627,19
50,clear_sky,voltvar,6,0.67568081763371,0,0.958716619209101,1,0.0266556453423066,66.88346454731,0,0,741.928845977436,20
50,clear_sky,voltvar,7,0.744126393163558,0.161266778794474,0.958857163012853,1,0.0264259460653141,62.0017604499173,0,0,709.490131724048,20
50,clear_sky,voltvar,8,0.790210924609343,0.392292048948375,0.961399043410583,1,0.0245745133011231,50.5670289051117,0,0,556.399399189519,20
50,clear_sky,voltvar,9,0.801515493969863,0.626332219312064,0.965572623953899,1,0.0216495646888829,42.3422899394636,0,0,338.656712835288,19
50,clear_sky,voltvar,10,0.793604441167075,0.823505213149891,0.970127617298226,1,0.0184751514203471,40.7892558506565,0,0,150.475958496433,18
50,clear_sky,voltvar,11,0.787101899349258,0.954276217448621,0.97349470559536,1,0.0160372458611194,42.4086256645557,0,0,51.7921796687629,16
50,clear_sky,voltvar,12,0.786286066835735,1,0.97471757460801,1,0.0150560652941288,43.0268099441618,0,0,31.18094613888,15
50,clear_sky,voltvar,13,0.788425387827532,0.954276217448621,0.973410733672151,1,0.0160944143777725,42.520269307948,0,0,52.8578660798945,16
50,clear_sky,voltvar,14,0.794369066373686,0.823505213149891,0.97008348170173,1,0.0185034546458928,40.8526852029713,0,0,151.420888758783,18
50,clear_sky,voltvar,15,0.809627940215971,0.626332219312064,0.965141416258171,1,0.0219264015869872,43.2181681992071,0,0,351.942735161405,19
50,clear_sky,voltvar,16,0.840403231337678,0.392292048948375,0.95881866229494,1,0.0262395759043352,58.3390556558905,0,0,646.549569955278,20
50,clear_sky,voltvar,17,0.884764896719951,0.161266778794475,0.951723128546706,1,0.0310295369745851,90.5983338156125,0,0,996.07773426745,21
50,clear_sky,voltvar,18,0.927103874702081,3.30228574503549e-22,0.945915755935109,1,0.03493215504402,126.636829162735,12,0,1265.76477440869,21
50,clear_sky,voltvar,19,0.946052196170588,0,0.944939421736939,1,0.035563511885799,132.039049841143,14,0,1306.38149877451,21
50,clear_sky,voltvar,20,0.924042669036405,0,0.946073296252916,1,0.0348302828484583,125.776373408429,12,0,1259.21025720298,21
50,clear_sky,voltvar,21,0.860583782023169,0,0.949328973423588,1,0.032725691662056,108.700404762205,3,0,1123.79226924387,21
50,clear_sky,voltvar,22,0.779966851082885,0,0.953434977430945,1,0.0300722726477396,89.0679023632764,0,0,952.916570551395,20
50,clear_sky,voltvar,23,0.711974371775082,0,0.956878548924963,1,0.0278486446250013,74.2408797244241,0,0,810.810241577371,20
50,clear_sky,voltwatt,0,0.6,0,0.944298502867788,1,0.0317437262537251,71.3034479686274,6,0,0,1
50,clear_sky,voltwatt,1,0.6,0,0.944298502867788,1,0.0317437262537251,71.3034479686274,6,0,0,1
50,clear_sky,voltwatt,2,0.6,0,0.944298502867788,1,0.0317437262537251,71.3034479686274,6,0,0,1
50,clear_sky,voltwatt,3,0.6,0,0.944298502867788,1,0.0317437262537251,71.3034479686274,6,0,0,1
50,clear_sky,voltwatt,4,0.6,0,0.944298502867788,1,0.0317437262537251,71.3034479686274,6,0,0,1
50,clear_sky,voltwatt,5,0.610464194115905,0,0.943276652061827,1,0.0323238068079629,73.9281269288822,6,0,0,1
50,clear_sky,voltwatt,6,0.67568081763371,0,0.936864485298945,1,0.0359618899882495,91.466227903963,13,0,0,1
50,clear_sky,voltwatt,7,0.744126393163558,0.161266778794474,0.93974456900144,1,0.0353041638799548,90.2158921847102,13,0,0,1
50,clear_sky,voltwatt,8,0.790210924609343,0.392292048948375,0.94870578176692,1,0.0315210197694273,77.226736453533,4,0,0,1
50,clear_sky,voltwatt,9,0.801515493969863,0.626332219312064,0.95876944041597,1,0.0258575043354569,61.1209540469466,0,0,0,1
50,clear_sky,voltwatt,10,0.793604441167075,0.823505213149891,0.966778643406111,1,0.0202665585887659,49.9920980812067,0,0,0,1
50,clear_sky,voltwatt,11,0.787101899349258,0.954276217448621,0.972103920953924,1,0.0165610096921013,45.7453736383781,0,0,0,1
50,clear_sky,voltwatt,12,0.786286066835735,1,0.973831680226615,1,0.0153548526984477,45.066242772779,0,0,0,1
50,clear_sky,voltwatt,13,0.788425387827532,0.954276217448621,0.971996690628267,1,0.0166309021378847,45.9287159505937,0,0,0,1
50,clear_sky,voltwatt,14,0.794369066373686,0.823505213149891,0.966716060396691,1,0.0203073768288059,50.1188218370076,0,0,0,1
50,clear_sky,voltwatt,15,0.809627940215971,0.626332219312064,0.958094600845176,1,0.0262981301077275,62.8227242988856,0,0,0,1
50,clear_sky,voltwatt,16,0.840403231337678,0.392292048948375,0.943855979958317,1,0.0343051263952339,90.4669366419702,12,0,0,1
50,clear_sky,voltwatt,17,0.884764896719951,0.161266778794475,0.925727309327098,1,0.0432651962687274,134.675411239728,17,0,0,1
50,clear_sky,voltwatt,18,0.927103874702081,3.30228574503549e-22,0.911395892047719,1,0.0503779103732077,179.182674633709,18,0,0,1
50,clear_sky,voltwatt,19,0.946052196170588,0,0.909425098377172,1,0.0514911043069735,187.163288546381,19,0,0,1
50,clear_sky,voltwatt,20,0.924042669036405,0,0.911713575335099,1,0.0501984363327555,177.912175612085,18,0,0,1
50,clear_sky,voltwatt,21,0.860583782023169,0,0.918255480891273,1,0.0465006452045954,152.73546855333,17,0,0,1
50,clear_sky,voltwatt,22,0.779966851082885,0,0.926449456513576,1,0.0418638041128581,123.863739638504,17,0,0,1
50,clear_sky,voltwatt,23,0.711974371775082,0,0.933262828253068,1,0.0380038788252637,102.123350121383,15,0,0,1
50,clear_sky,hybrid,0,0.6,0,0.962529184183679,1,0.0241817488544389,52.962747852768,0,0,599.163178756853,19
50,clear_sky,hybrid,1,0.6,0,0.962529184183679,1,0.0241817488544389,52.962747852768,0,0,599.163178756853,19
50,clear_sky,hybrid,2,0.6,0,0.962529184183679,1,0.0241817488544389,52.962747852768,0,0,599.163178756853,19
50,clear_sky,hybrid,3,0.6,0,0.962529184183679,1,0.0241817488544389,52.962747852768,0,0,599.163178756853,19
50,clear_sky,hybrid,4,0.6,0,0.962529184183679,1,0.0241817488544389,52.962747852768,0,0,599.163178756853,19
50,clear_sky,hybrid,5,0.610464194115905,0,0.962003103662734,1,0.024522834336559,54.7747493337624,0,0,618.832144451627,19
50,clear_sky,hybrid,6,0.67568081763371,0,0.958716619209101,1,0.0266556453423066,66.88346454731,0,0,741.928845977436,20
50,clear_sky,hybrid,7,0.744126393163558,0.161266778794474,0.958857163012853,1,0.0264259460653141,62.0017604499173,0,0,709.490131724048,20
50,clear_sky,hybrid,8,0.790210924609343,0.392292048948375,0.961399043410583,1,0.0245745133011231,50.5670289051117,0,0,556.399399189519,20
50,clear_sky,hybrid,9,0.801515493969863,0.626332219312064,0.965572623953899,1,0.0216495646888829,42.3422899394636,0,0,338.656712835288,19
50,clear_sky,hybrid,10,0.793604441167075,0.823505213149891,0.970127617298226,1,0.0184751514203471,40.7892558506565,0,0,150.475958496433,18
50,clear_sky,hybrid,11,0.787101899349258,0.954276217448621,0.97349470559536,1,0.0160372458611194,42.4086256645557,0,0,51.7921796687629,16
50,clear_sky,hybrid,12,0.786286066835735,1,0.97471757460801,1,0.0150560652941288,43.0268099441618,0,0,31.18094613888,15
50,clear_sky,hybrid,13,0.788425387827532,0.954276217448621,0.973410733672151,1,0.0160944143777725,42.520269307948,0,0,52.8578660798945,16
50,clear_sky,hybrid,14,0.794369066373686,0.823505213149891,0.97008348170173,1,0.0185034546458928,40.8526852029713,0,0,151.420888758783,18
50,clear_sky,hybrid,15,0.809627940215971,0.626332219312064,0.965141416258171,1,0.0219264015869872,43.2181681992071,0,0,351.942735161405,19
50,clear_sky,hybrid,16,0.840403231337678,0.392292048948375,0.95881866229494,1,0.0262395759043352,58.3390556558905,0,0,646.549569955278,20
50,clear_sky,hybrid,17,0.884764896719951,0.161266778794475,0.951723128546706,1,0.0310295369745851,90.5983338156125,0,0,996.07773426745,21
50,clear_sky,hybrid,18,0.927103874702081,3.30228574503549e-22,0.945915755935109,1,0.03493215504402,126.636829162735,12,0,1265.76477440869,21
50,clear_sky,hybrid,19,0.946052196170588,0,0.944939421736939,1,0.035563511885799,132.039049841143,14,0,1306.38149877451,21
50,clear_sky,hybrid,20,0.924042669036405,0,0.946073296252916,1,0.0348302828484583,125.776373408429,12,0,1259.21025720298,21
50,clear_sky,hybrid,21,0.860583782023169,0,0.949328973423588,1,0.032725691662056,108.700404762205,3,0,1123.79226924387,21
50,clear_sky,hybrid,22,0.779966851082885,0,0.953434977430945,1,0.0300722726477396,89.0679023632764,0,0,952.916570551395,20
50,clear_sky,hybrid,23,0.711974371775082,0,0.956878548924963,1,0.0278486446250013,74.2408797244241,0,0,810.810241577371,20
50,clear_sky,hybrid_pso,0,0.6,0,0.973919060386037,1,0.0168429662409515,54.3705791704444,0,0,1431.84725184211,23
50,clear_sky,hybrid_pso,1,0.6,0,0.973919060386037,1,0.0168429662409515,54.3705791704444,0,0,1431.84725184211,23
50,clear_sky,hybrid_pso,2,0.6,0,0.973919060386037,1,0.0168429662409515,54.3705791704444,0,0,1431.84725184211,23
50,clear_sky,hybrid_pso,3,0.6,0,0.973919060386037,1,0.0168429662409515,54.3705791704444,0,0,1431.84725184211,23
50,clear_sky,hybrid_pso,4,0.6,0,0.973919060386037,1,0.0168429662409515,54.3705791704444,0,0,1431.84725184211,23
50,clear_sky,hybrid_pso,5,0.610464194115905,0,0.973453052405717,1,0.0171450824745238,56.3502764393675,0,0,1457.4808292879,23
50,clear_sky,hybrid_pso,6,0.67568081763371,0,0.970540658421093,1,0.0190345529892522,69.5477390816315,0,0,1617.94896600681,25
50,clear_sky,hybrid_pso,7,0.744126393163558,0.161266778794474,0.970593181146484,1,0.0188617438564671,59.5268554527202,0,0,1576.41598240432,25
50,clear_sky,hybrid_pso,8,0.790210924609343,0.392292048948375,0.97250257671981,1,0.0174099071684168,40.129242629989,0,0,1362.80265871243,23
50,clear_sky,hybrid_pso,9,0.801515493969863,0.626332219312064,0.975488813109395,1,0.0152311351273065,25.1783446695539,0,0,1039.09459391465,23
50,clear_sky,hybrid_pso,10,0.793604441167075,0.823505213149891,0.978380738281719,1,0.0131011106507168,21.1090993135046,0,0,713.144964772358,22
50,clear_sky,hybrid_pso,11,0.787101899349258,0.954276217448621,0.979980900225935,1,0.011822290518334,24.3724234563676,0,0,479.035491130983,21
50,clear_sky,hybrid_pso,12,0.786286066835735,1,0.98027353713272,1,0.0115150343502284,27.0081183054437,0,0,389.879063772395,20
50,clear_sky,hybrid_pso,13,0.788425387827532,0.954276217448621,0.97990761689104,1,0.0118691661107226,24.4358522554652,0,0,481.065329280655,21
50,clear_sky,hybrid_pso,14,0.794369066373686,0.823505213149891,0.978341874263512,1,0.0131259645181288,21.1577971174721,0,0,714.568608715445,22
50,clear_sky,hybrid_pso,15,0.809627940215971,0.626332219312064,0.975104041277508,1,0.0154780409224163,26.0167894832546,0,0,1056.49217885005,23
50,clear_sky,hybrid_pso,16,0.840403231337678,0.392292048948375,0.97021347871898,1,0.0188868098109675,48.1876970240994,0,0,1480.54019416211,25
50,clear_sky,hybrid_pso,17,0.884764896719951,0.161266778794475,0.961632614434386,1,0.0238769725268589,90.0459194794715,0,0,1825.23407657226,31
50,clear_sky,hybrid_pso,18,0.927103874702081,3.30228574503549e-22,0.952856926654674,1,0.029825083294463,127.22514764753,0,0,1947.31532530701,31
50,clear_sky,hybrid_pso,19,0.946052196170588,0,0.951272760928819,1,0.0308565750677477,132.083968716813,0,0,1953.15235447589,31
50,clear_sky,hybrid_pso,20,0.924042669036405,0,0.953112395655888,1,0.0296587354614644,126.455544093971,0,0,1946.37327332086,31
50,clear_sky,hybrid_pso,21,0.860583782023169,0,0.958054198926757,1,0.0264201433068435,111.256445232196,0,0,1896.12242983733,31
50,clear_sky,hybrid_pso,22,0.779966851082885,0,0.964092402304391,1,0.0226623270539906,93.0425503881577,0,0,1812.33828311983,31
50,clear_sky,hybrid_pso,23,0.711974371775082,0,0.968830025365315,1,0.0201171483151039,77.5216825225248,0,0,1704.41724275155,31
50,partial_cloud,none,0,0.6,0,0.944298502867788,1,0.0317437262537251,71.3034479686274,6,0,0,1
50,partial_cloud,none,1,0.6,0,0.944298502867788,1,0.0317437262537251,71.3034479686274,6,0,0,1
50,partial_cloud,none,2,0.6,0,0.944298502867788,1,0.0317437262537251,71.3034479686274,6,0,0,1
50,partial_cloud,none,3,0.6,0,0.944298502867788,1,0.0317437262537251,71.3034479686274,6,0,0,1
50,partial_cloud,none,4,0.6,0,0.944298502867788,1,0.0317437262537251,71.3034479686274,6,0,0,1
50,partial_cloud,none,5,0.610464194115905,0,0.943276652061827,1,0.0323238068079629,73.9281269288822,6,0,0,1
50,partial_cloud,none,6,0.67568081763371,0,0.936864485298945,1,0.0359618899882495,91.466227903963,13,0,0,1
50,partial_cloud,none,7,0.744126393163558,0.161266770627791,0.939744568515969,1,0.0353041641065069,90.2158931855376,13,0,0,1
50,partial_cloud,none,8,0.790210924609343,0.392270263240168,0.948704547565095,1,0.031521612118841,77.228835921372,4,0,0,1
50,partial_cloud,none,9,0.801515493969863,0.621169965673079,0.958574748636678,1,0.0259943732269516,61.4521227858862,0,0,0,1
50,partial_cloud,none,10,0.793604441167075,0.687177426219552,0.961710835132884,1,0.0238232806060846,55.9730784218118,0,0,0,1
50,partial_cloud,none,11,0.787101899349258,0.524851842193077,0.956129256043633,1,0.0277751235651959,65.0949842863632,0,0,0,1
50,partial_cloud,none,12,0.786286066835735,0.834320566194173,0.967775944429739,1,0.0195965668287377,48.4428834157132,0,0,0,1
50,partial_cloud,none,13,0.788425387827532,0.92861096363174,0.971060495816064,1,0.0172864627204385,46.3779446228796,0,0,0,1
50,partial_cloud,none,14,0.794369066373686,0.642014022492508,0.959953307406657,1,0.0250550171822956,58.6866573639371,0,0,0,1
50,partial_cloud,none,15,0.809627940215971,0.488330467094246,0.952260330017274,1,0.029990273892039,73.254899121291,0,0,0,1
50,partial_cloud,none,16,0.840403231337678,0.384974642144386,0.943437528251768,1,0.0345059196004725,91.2569380410458,13,0,0,1
50,partial_cloud,none,17,0.884764896719951,0.16124521980021,0.9257259937851,1,0.0432658099361567,134.678769106823,17,0,0,1
50,partial_cloud,none,18,0.927103874702081,3.30228547717906e-22,0.911395892047719,1,0.0503779103732077,179.182674633709,18,0,0,1
50,partial_cloud,none,19,0.946052196170588,0,0.909425098377172,1,0.0514911043069735,187.163288546381,19,0,0,1
50,partial_cloud,none,20,0.924042669036405,0,0.911713575335099,1,0.0501984363327555,177.912175612085,18,0,0,1
50,partial_cloud,none,21,0.860583782023169,0,0.918255480891273,1,0.0465006452045954,152.73546855333,17,0,0,1
50,partial_cloud,none,22,0.779966851082885,0,0.926449456513576,1,0.0418638041128581,123.863739638504,17,0,0,1
50,partial_cloud,none,23,0.711974371775082,0,0.933262828253068,1,0.0380038788252637,102.123350121383,15,0,0,1
50,partial_cloud,voltvar,0,0.6,0,0.962529184183679,1,0.0241817488544389,52.962747852768,0,0,599.163178756853,19
50,partial_cloud,voltvar,1,0.6,0,0.962529184183679,1,0.0241817488544389,52.962747852768,0,0,599.163178756853,19
50,partial_cloud,voltvar,2,0.6,0,0.962529184183679,1,0.0241817488544389,52.962747852768,0,0,599.163178756853,19
50,partial_cloud,voltvar,3,0.6,0,0.962529184183679,1,0.0241817488544389,52.962747852768,0,0,599.163178756853,19
50,partial_cloud,voltvar,4,0.6,0,0.962529184183679,1,0.0241817488544389,52.962747852768,0,0,599.163178756853,19
50,partial_cloud,voltvar,5,0.610464194115905,0,0.962003103662734,1,0.024522834336559,54.7747493337624,0,0,618.832144451627,19
50,partial_cloud,voltvar,6,0.67568081763371,0,0.958716619209101,1,0.0266556453423066,66.88346454731,0,0,741.928845977436,20
50,partial_cloud,voltvar,7,0.744126393163558,0.161266770627791,0.95885716283489,1,0.0264259461876987,62.0017612780143,0,0,709.490140050775,20
50,partial_cloud,voltvar,8,0.790210924609343,0.392270263240168,0.961398594559122,1,0.0245748234442948,50.5684061061666,0,0,556.421902788976,20
50,partial_cloud,voltvar,9,0.801515493969863,0.621169965673079,0.965467990769238,1,0.02172249438906,42.4486852859154,0,0,343.739476567108,19
50,partial_cloud,voltvar,10,0.793604441167075,0.687177426219552,0.967235720351663,1,0.0205123909094152,40.682757043378,0,0,267.098413282146,19
50,partial_cloud,voltvar,11,0.787101899349258,0.524851842193077,0.964269265883403,1,0.0225950152438572,43.5727938149396,0,0,415.519382046064,19
50,partial_cloud,voltvar,12,0.786286066835735,0.834320566194173,0.9707841847985,1,0.0180365754559036,40.3230357072902,0,0,132.896288671568,17
50,partial_cloud,voltvar,13,0.788425387827532,0.92861096363174,0.972784241819245,1,0.0165866067656218,42.1143309159978,0,0,66.8028428090934,16
50,partial_cloud,voltvar,14,0.794369066373686,0.642014022492508,0.966271631594746,1,0.0211832599673578,41.3111918158227,0,0,311.683679097124,19
50,partial_cloud,voltvar,15,0.809627940215971,0.488330467094246,0.962358556407527,1,0.0238626704066455,47.9648274091391,0,0,491.647769531763,20
50,partial_cloud,voltvar,16,0.840403231337678,0.384974642144386,0.958669411926578,1,0.0263430176539685,58.8832215182034,0,0,654.300944444186,20
50,partial_cloud,voltvar,17,0.884764896719951,0.16124521980021,0.951722660236327,1,0.0310298592384646,90.6012064792854,0,0,996.102153764286,21
50,partial_cloud,voltvar,18,0.927103874702081,3.30228547717906e-22,0.945915755935109,1,0.03493215504402,126.636829162735,12,0,1265.76477440869,21
50,partial_cloud,voltvar,19,0.946052196170588,0,0.944939421736939,1,0.035563511885799,132.039049841143,14,0,1306.38149877451,21
50,partial_cloud,voltvar,20,0.924042669036405,0,0.946073296252916,1,0.0348302828484583,125.776373408429,12,0,1259.21025720298,21
50,partial_cloud,voltvar,21,0.860583782023169,0,0.949328973423588,1,0.032725691662056,108.700404762205,3,0,1123.79226924387,21
50,partial_cloud,voltvar,22,0.779966851082885,0,0.953434977430945,1,0.0300722726477396,89.0679023632764,0,0,952.916570551395,20
50,partial_cloud,voltvar,23,0.711974371775082,0,0.956878548924963,1,0.0278486446250013,74.2408797244241,0,0,810.810241577371,20
50,partial_cloud,voltwatt,0,0.6,0,0.944298502867788,1,0.0317437262537251,71.3034479686274,6,0,0,1
50,partial_cloud,voltwatt,1,0.6,0,0.944298502867788,1,0.0317437262537251,71.3034479686274,6,0,0,1
50,partial_cloud,voltwatt,2,0.6,0,0.944298502867788,1,0.0317437262537251,71.3034479686274,6,0,0,1
50,partial_cloud,voltwatt,3,0.6,0,0.944298502867788,1,0.0317437262537251,71.3034479686274,6,0,0,1
50,partial_cloud,voltwatt,4,0.6,0,0.944298502867788,1,0.0317437262537251,71.3034479686274,6,0,0,1
50,partial_cloud,voltwatt,5,0.610464194115905,0,0.943276652061827,1,0.0323238068079629,73.9281269288822,6,0,0,1
50,partial_cloud,voltwatt,6,0.67568081763371,0,0.936864485298945,1,0.0359618899882495,91.466227903963,13,0,0,1
50,partial_cloud,voltwatt,7,0.744126393163558,0.161266770627791,0.939744568515969,1,0.0353041641065069,90.2158931855376,13,0,0,1
50,partial_cloud,voltwatt,8,0.790210924609343,0.392270263240168,0.948704547565095,1,0.031521612118841,77.228835921372,4,0,0,1
50,partial_cloud,voltwatt,9,0.801515493969863,0.621169965673079,0.958574748636678,1,0.0259943732269516,61.4521227858862,0,0,0,1
50,partial_cloud,voltwatt,10,0.793604441167075,0.687177426219552,0.961710835132884,1,0.0238232806060846,55.9730784218118,0,0,0,1
50,partial_cloud,voltwatt,11,0.787101899349258,0.524851842193077,0.956129256043633,1,0.0277751235651959,65.0949842863632,0,0,0,1
50,partial_cloud,voltwatt,12,0.786286066835735,0.834320566194173,0.967775944429739,1,0.0195965668287377,48.4428834157132,0,0,0,1
50,partial_cloud,voltwatt,13,0.788425387827532,0.92861096363174,0.971060495816064,1,0.0172864627204385,46.3779446228796,0,0,0,1
50,partial_cloud,voltwatt,14,0.794369066373686,0.642014022492508,0.959953307406657,1,0.0250550171822956,58.6866573639371,0,0,0,1
50,partial_cloud,voltwatt,15,0.809627940215971,0.488330467094246,0.952260330017274,1,0.029990273892039,73.254899121291,0,0,0,1
50,partial_cloud,voltwatt,16,0.840403231337678,0.384974642144386,0.943437528251768,1,0.0345059196004725,91.2569380410458,13,0,0,1
50,partial_cloud,voltwatt,17,0.884764896719951,0.16124521980021,0.9257259937851,1,0.0432658099361567,134.678769106823,17,0,0,1
50,partial_cloud,voltwatt,18,0.927103874702081,3.30228547717906e-22,0.911395892047719,1,0.0503779103732077,179.182674633709,18,0,0,1
50,partial_cloud,voltwatt,19,0.946052196170588,0,0.909425098377172,1,0.0514911043069735,187.163288546381,19,0,0,1
50,partial_cloud,voltwatt,20,0.924042669036405,0,0.911713575335099,1,0.0501984363327555,177.912175612085,18,0,0,1
50,partial_cloud,voltwatt,21,0.860583782023169,0,0.918255480891273,1,0.0465006452045954,152.73546855333,17,0,0,1
50,partial_cloud,voltwatt,22,0.779966851082885,0,0.926449456513576,1,0.0418638041128581,123.863739638504,17,0,0,1
50,partial_cloud,voltwatt,23,0.711974371775082,0,0.933262828253068,1,0.0380038788252637,102.123350121383,15,0,0,1
50,partial_cloud,hybrid,0,0.6,0,0.962529184183679,1,0.0241817488544389,52.962747852768,0,0,599.163178756853,19
50,partial_cloud,hybrid,1,0.6,0,0.962529184183679,1,0.0241817488544389,52.962747852768,0,0,599.163178756853,19
50,partial_cloud,hybrid,2,0.6,0,0.962529184183679,1,0.0241817488544389,52.962747852768,0,0,599.163178756853,19
50,partial_cloud,hybrid,3,0.6,0,0.962529184183679,1,0.0241817488544389,52.962747852768,0,0,599.163178756853,19
50,partial_cloud,hybrid,4,0.6,0,0.962529184183679,1,0.0241817488544389,52.962747852768,0,0,599.163178756853,19
50,partial_cloud,hybrid,5,0.610464194115905,0,0.962003103662734,1,0.024522834336559,54.7747493337624,0,0,618.832144451627,19
50,partial_cloud,hybrid,6,0.67568081763371,0,0.958716619209101,1,0.0266556453423066,66.88346454731,0,0,741.928845977436,20
50,partial_cloud,hybrid,7,0.744126393163558,0.161266770627791,0.95885716283489,1,0.0264259461876987,62.0017612780143,0,0,709.490140050775,20
50,partial_cloud,hybrid,8,0.790210924609343,0.392270263240168,0.961398594559122,1,0.0245748234442948,50.5684061061666,0,0,556.421902788976,20
50,partial_cloud,hybrid,9,0.801515493969863,0.621169965673079,0.965467990769238,1,0.02172249438906,42.4486852859154,0,0,343.739476567108,19
50,partial_cloud,hybrid,10,0.793604441167075,0.687177426219552,0.967235720351663,1,0.0205123909094152,40.682757043378,0,0,267.098413282146,19
50,partial_cloud,hybrid,11,0.787101899349258,0.524851842193077,0.964269265883403,1,0.0225950152438572,43.5727938149396,0,0,415.519382046064,19
50,partial_cloud,hybrid,12,0.786286066835735,0.834320566194173,0.9707841847985,1,0.0180365754559036,40.3230357072902,0,0,132.896288671568,17
50,partial_cloud,hybrid,13,0.788425387827532,0.92861096363174,0.972784241819245,1,0.0165866067656218,42.1143309159978,0,0,66.8028428090934,16
50,partial_cloud,hybrid,14,0.794369066373686,0.642014022492508,0.966271631594746,1,0.0211832599673578,41.3111918158227,0,0,311.683679097124,19
50,partial_cloud,hybrid,15,0.809627940215971,0.488330467094246,0.962358556407527,1,0.0238626704066455,47.9648274091391,0,0,491.647769531763,20
50,partial_cloud,hybrid,16,0.840403231337678,0.384974642144386,0.958669411926578,1,0.0263430176539685,58.8832215182034,0,0,654.300944444186,20
50,partial_cloud,hybrid,17,0.884764896719951,0.16124521980021,0.951722660236327,1,0.0310298592384646,90.6012064792854,0,0,996.102153764286,21
50,partial_cloud,hybrid,18,0.927103874702081,3.30228547717906e-22,0.945915755935109,1,0.03493215504402,126.636829162735,12,0,1265.76477440869,21
50,partial_cloud,hybrid,19,0.946052196170588,0,0.944939421736939,1,0.035563511885799,132.039049841143,14,0,1306.38149877451,21
50,partial_cloud,hybrid,20,0.924042669036405,0,0.946073296252916,1,0.0348302828484583,125.776373408429,12,0,1259.21025720298,21
50,partial_cloud,hybrid,21,0.860583782023169,0,0.949328973423588,1,0.032725691662056,108.700404762205,3,0,1123.79226924387,21
50,partial_cloud,hybrid,22,0.779966851082885,0,0.953434977430945,1,0.0300722726477396,89.0679023632764,0,0,952.916570551395,20
50,partial_cloud,hybrid,23,0.711974371775082,0,0.956878548924963,1,0.0278486446250013,74.2408797244241,0,0,810.810241577371,20
50,partial_cloud,hybrid_pso,0,0.6,0,0.973919060386037,1,0.0168429662409515,54.3705791704444,0,0,1431.84725184211,23
50,partial_cloud,hybrid_pso,1,0.6,0,0.973919060386037,1,0.0168429662409515,54.3705791704444,0,0,1431.84725184211,23
50,partial_cloud,hybrid_pso,2,0.6,0,0.973919060386037,1,0.0168429662409515,54.3705791704444,0,0,1431.84725184211,23
50,partial_cloud,hybrid_pso,3,0.6,0,0.973919060386037,1,0.0168429662409515,54.3705791704444,0,0,1431.84725184211,23
50,partial_cloud,hybrid_pso,4,0.6,0,0.973919060386037,1,0.0168429662409515,54.3705791704444,0,0,1431.84725184211,23
50,partial_cloud,hybrid_pso,5,0.610464194115905,0,0.973453052405717,1,0.0171450824745238,56.3502764393675,0,0,1457.4808292879,23
50,partial_cloud,hybrid_pso,6,0.67568081763371,0,0.970540658421093,1,0.0190345529892522,69.5477390816315,0,0,1617.94896600681,25
50,partial_cloud,hybrid_pso,7,0.744126393163558,0.161266770627791,0.970593180995603,1,0.0188617439613685,59.5268565940869,0,0,1576.41599340925,25
50,partial_cloud,hybrid_pso,8,0.790210924609343,0.392270263240168,0.972502225719075,1,0.0174101553616146,40.1313556701419,0,0,1362.83430389386,23
50,partial_cloud,hybrid_pso,9,0.801515493969863,0.621169965673079,0.975417256277044,1,0.0152833724029245,25.4022217662171,0,0,1047.00390895329,23
50,partial_cloud,hybrid_pso,10,0.793604441167075,0.687177426219552,0.976691001538929,1,0.0143825483134288,22.3370901265709,0,0,928.599618838957,22
50,partial_cloud,hybrid_pso,11,0.787101899349258,0.524851842193077,0.974702557123886,1,0.0158540952340022,29.016205599228,0,0,1160.7005042737,23
50,partial_cloud,hybrid_pso,12,0.786286066835735,0.834320566194173,0.978875843842859,1,0.0127664706185714,20.7707830785342,0,0,682.049097465703,22
50,partial_cloud,hybrid_pso,13,0.788425387827532,0.92861096363174,0.979707984417644,1,0.0120548289716625,23.3033890203524,0,0,527.140516954146,21
50,partial_cloud,hybrid_pso,14,0.794369066373686,0.642014022492508,0.976044624793697,1,0.0148551689743218,23.8397513129477,0,0,999.817659362293,23
50,partial_cloud,hybrid_pso,15,0.809627940215971,0.488330467094246,0.973111995107619,1,0.0169171730086087,34.4968171234389,0,0,1266.02125997306,23
50,partial_cloud,hybrid_pso,16,0.840403231337678,0.384974642144386,0.970096832449821,1,0.0189695135404379,48.9953238675243,0,0,1491.39133148328,25
50,partial_cloud,hybrid_pso,17,0.884764896719951,0.16124521980021,0.961631964938491,1,0.0238773697959791,90.0495158005062,0,0,1825.25310733492,31
50,partial_cloud,hybrid_pso,18,0.927103874702081,3.30228547717906e-22,0.952856926654674,1,0.029825083294463,127.22514764753,0,0,1947.31532530701,31
50,partial_cloud,hybrid_pso,19,0.946052196170588,0,0.951272760928819,1,0.0308565750677477,132.083968716813,0,0,1953.15235447589,31
50,partial_cloud,hybrid_pso,20,0.924042669036405,0,0.953112395655888,1,0.0296587354614644,126.455544093971,0,0,1946.37327332086,31
50,partial_cloud,hybrid_pso,21,0.860583782023169,0,0.958054198926757,1,0.0264201433068435,111.256445232196,0,0,1896.12242983733,31
50,partial_cloud,hybrid_pso,22,0.779966851082885,0,0.964092402304391,1,0.0226623270539906,93.0425503881577,0,0,1812.33828311983,31
50,partial_cloud,hybrid_pso,23,0.711974371775082,0,0.968830025365315,1,0.0201171483151039,77.5216825225248,0,0,1704.41724275155,31
50,low_irradiance,none,0,0.6,0,0.944298502867788,1,0.0317437262537251,71.3034479686274,6,0,0,1
50,low_irradiance,none,1,0.6,0,0.944298502867788,1,0.0317437262537251,71.3034479686274,6,0,0,1
50,low_irradiance,none,2,0.6,0,0.944298502867788,1,0.0317437262537251,71.3034479686274,6,0,0,1
50,low_irradiance,none,3,0.6,0,0.944298502867788,1,0.0317437262537251,71.3034479686274,6,0,0,1
50,low_irradiance,none,4,0.6,0,0.944298502867788,1,0.0317437262537251,71.3034479686274,6,0,0,1
50,low_irradiance,none,5,0.610464194115905,0,0.943276652061827,1,0.0323238068079629,73.9281269288822,6,0,0,1
50,low_irradiance,none,6,0.67568081763371,0,0.936864485298945,1,0.0359618899882495,91.466227903963,13,0,0,1
50,low_irradiance,none,7,0.744126393163558,0.0725700504575134,0.934440127577686,1,0.037778380647481,101.726152211291,15,0,0,1
50,low_irradiance,none,8,0.790210924609343,0.176531422026769,0.936105782840857,1,0.0374651354529486,101.678311373037,15,0,0,1
50,low_irradiance,none,9,0.801515493969863,0.281849498690429,0.941253701606194,1,0.0351750584698667,91.9723702803568,13,0,0,1
50,low_irradiance,none,10,0.793604441167075,0.370577345917451,0.94714658689345,1,0.0323000667147243,80.2292190337515,8,0,0,1
50,low_irradiance,none,11,0.787101899349258,0.42942429785188,0.951102206217226,1,0.0303424731245186,72.9981972917721,0,0,0,1
50,low_irradiance,none,12,0.786286066835735,0.45,0.952338094544309,1,0.0297416470396176,70.9841840667072,0,0,0,1
50,low_irradiance,none,13,0.788425387827532,0.42942429785188,0.950975430571383,1,0.0304153257206591,73.3194582626582,0,0,0,1
50,low_irradiance,none,14,0.794369066373686,0.370577345917451,0.947072817163379,1,0.0323424095056999,80.426792633386,8,0,0,1
50,low_irradiance,none,15,0.809627940215971,0.281849498690429,0.940457198633621,1,0.0356286381162344,94.2737054115222,13,0,0,1
50,low_irradiance,none,16,0.840403231337678,0.176531422026769,0.931111309972591,1,0.0403026378567208,117.377658170678,16,0,0,1
50,low_irradiance,none,17,0.884764896719951,0.0725700504575136,0.920280745609217,1,0.0458046105415862,149.173456500664,17,0,0,1
50,low_irradiance,none,18,0.927103874702081,1.48602858526597e-22,0.911395892047719,1,0.0503779103732077,179.182674633709,18,0,0,1
50,low_irradiance,none,19,0.946052196170588,0,0.909425098377172,1,0.0514911043069735,187.163288546381,19,0,0,1
50,low_irradiance,none,20,0.924042669036405,0,0.911713575335099,1,0.0501984363327555,177.912175612085,18,0,0,1
50,low_irradiance,none,21,0.860583782023169,0,0.918255480891273,1,0.0465006452045954,152.73546855333,17,0,0,1
50,low_irradiance,none,22,0.779966851082885,0,0.926449456513576,1,0.0418638041128581,123.863739638504,17,0,0,1
50,low_irradiance,none,23,0.711974371775082,0,0.933262828253068,1,0.0380038788252637,102.123350121383,15,0,0,1
50,low_irradiance,voltvar,0,0.6,0,0.962529184183679,1,0.0241817488544389,52.962747852768,0,0,599.163178756853,19
50,low_irradiance,voltvar,1,0.6,0,0.962529184183679,1,0.0241817488544389,52.962747852768,0,0,599.163178756853,19
50,low_irradiance,voltvar,2,0.6,0,0.962529184183679,1,0.0241817488544389,52.962747852768,0,0,599.163178756853,19
50,low_irradiance,voltvar,3,0.6,0,0.962529184183679,1,0.0241817488544389,52.962747852768,0,0,599.163178756853,19
50,low_irradiance,voltvar,4,0.6,0,0.962529184183679,1,0.0241817488544389,52.962747852768,0,0,599.163178756853,19
50,low_irradiance,voltvar,5,0.610464194115905,0,0.962003103662734,1,0.024522834336559,54.7747493337624,0,0,618.832144451627,19
50,low_irradiance,voltvar,6,0.67568081763371,0,0.958716619209101,1,0.0266556453423066,66.88346454731,0,0,741.928845977436,20
50,low_irradiance,voltvar,7,0.744126393163558,0.0725700504575134,0.956896906572364,1,0.0277736631232455,71.8321612003754,0,0,799.604521825295,20
50,low_irradiance,voltvar,8,0.790210924609343,0.176531422026769,0.95685346542671,1,0.0277086965231269,69.0378601998084,0,0,781.966416691036,20
50,low_irradiance,voltvar,9,0.801515493969863,0.281849498690429,0.958524322608277,1,0.0265338346306112,60.7539172812124,0,0,691.78648205191,20
50,low_irradiance,voltvar,10,0.793604441167075,0.370577345917451,0.960777075308034,1,0.0249963000608842,52.5033839514224,0,0,584.971295331984,20
50,low_irradiance,voltvar,11,0.787101899349258,0.42942429785188,0.962322107108755,1,0.0239439237981375,47.9277888113116,0,0,512.62235293566,20
50,low_irradiance,voltvar,12,0.786286066835735,0.45,0.96278582634182,1,0.023625240368737,46.7272173444819,0,0,490.104697676778,20
50,low_irradiance,voltvar,13,0.788425387827532,0.42942429785188,0.96225398476963,1,0.0239878374351963,48.1112381923867,0,0,514.967152886461,20
50,low_irradiance,voltvar,14,0.794369066373686,0.370577345917451,0.96073790568169,1,0.0250215822836423,52.6200406168131,0,0,586.349764956091,20
50,low_irradiance,voltvar,15,0.809627940215971,0.281849498690429,0.958110499490509,1,0.0268014241826052,62.1759101673696,0,0,706.759027208708,20
50,low_irradiance,voltvar,16,0.840403231337678,0.176531422026769,0.954309155082607,1,0.0293475353438915,79.0452154547568,0,0,886.179302828948,20
50,low_irradiance,voltvar,17,0.884764896719951,0.0725700504575136,0.949759295425814,1,0.0323800041570839,103.308500162115,2,0,1095.62291215618,21
50,low_irradiance,voltvar,18,0.927103874702081,1.48602858526597e-22,0.945915755935109,1,0.03493215504402,126.636829162735,12,0,1265.76477440869,21
50,low_irradiance,voltvar,19,0.946052196170588,0,0.944939421736939,1,0.035563511885799,132.039049841143,14,0,1306.38149877451,21
50,low_irradiance,voltvar,20,0.924042669036405,0,0.946073296252916,1,0.0348302828484583,125.776373408429,12,0,1259.21025720298,21
50,low_irradiance,voltvar,21,0.860583782023169,0,0.949328973423588,1,0.032725691662056,108.700404762205,3,0,1123.79226924387,21
50,low_irradiance,voltvar,22,0.779966851082885,0,0.953434977430945,1,0.0300722726477396,89.0679023632764,0,0,952.916570551395,20
50,low_irradiance,voltvar,23,0.711974371775082,0,0.956878548924963,1,0.0278486446250013,74.2408797244241,0,0,810.810241577371,20
50,low_irradiance,voltwatt,0,0.6,0,0.944298502867788,1,0.0317437262537251,71.3034479686274,6,0,0,1
50,low_irradiance,voltwatt,1,0.6,0,0.944298502867788,1,0.0317437262537251,71.3034479686274,6,0,0,1
50,low_irradiance,voltwatt,2,0.6,0,0.944298502867788,1,0.0317437262537251,71.3034479686274,6,0,0,1
50,low_irradiance,voltwatt,3,0.6,0,0.944298502867788,1,0.0317437262537251,71.3034479686274,6,0,0,1
50,low_irradiance,voltwatt,4,0.6,0,0.944298502867788,1,0.0317437262537251,71.3034479686274,6,0,0,1
50,low_irradiance,voltwatt,5,0.610464194115905,0,0.943276652061827,1,0.0323238068079629,73.9281269288822,6,0,0,1
50,low_irradiance,voltwatt,6,0.67568081763371,0,0.936864485298945,1,0.0359618899882495,91.466227903963,13,0,0,1
50,low_irradiance,voltwatt,7,0.744126393163558,0.0725700504575134,0.934440127577686,1,0.037778380647481,101.726152211291,15,0,0,1
50,low_irradiance,voltwatt,8,0.790210924609343,0.176531422026769,0.936105782840857,1,0.0374651354529486,101.678311373037,15,0,0,1
50,low_irradiance,voltwatt,9,0.801515493969863,0.281849498690429,0.941253701606194,1,0.0351750584698667,91.9723702803568,13,0,0,1
50,low_irradiance,voltwatt,10,0.793604441167075,0.370577345917451,0.94714658689345,1,0.0323000667147243,80.2292190337515,8,0,0,1
50,low_irradiance,voltwatt,11,0.787101899349258,0.42942429785188,0.951102206217226,1,0.0303424731245186,72.9981972917721,0,0,0,1
50,low_irradiance,voltwatt,12,0.786286066835735,0.45,0.952338094544309,1,0.0297416470396176,70.9841840667072,0,0,0,1
50,low_irradiance,voltwatt,13,0.788425387827532,0.42942429785188,0.950975430571383,1,0.0304153257206591,73.3194582626582,0,0,0,1
50,low_irradiance,voltwatt,14,0.794369066373686,0.370577345917451,0.947072817163379,1,0.0323424095056999,80.426792633386,8,0,0,1
50,low_irradiance,voltwatt,15,0.809627940215971,0.281849498690429,0.940457198633621,1,0.0356286381162344,94.2737054115222,13,0,0,1
50,low_irradiance,voltwatt,16,0.840403231337678,0.176531422026769,0.931111309972591,1,0.0403026378567208,117.377658170678,16,0,0,1
50,low_irradiance,voltwatt,17,0.884764896719951,0.0725700504575136,0.920280745609217,1,0.0458046105415862,149.173456500664,17,0,0,1
50,low_irradiance,voltwatt,18,0.927103874702081,1.48602858526597e-22,0.911395892047719,1,0.0503779103732077,179.182674633709,18,0,0,1
50,low_irradiance,voltwatt,19,0.946052196170588,0,0.909425098377172,1,0.0514911043069735,187.163288546381,19,0,0,1
50,low_irradiance,voltwatt,20,0.924042669036405,0,0.911713575335099,1,0.0501984363327555,177.912175612085,18,0,0,1
50,low_irradiance,voltwatt,21,0.860583782023169,0,0.918255480891273,1,0.0465006452045954,152.73546855333,17,0,0,1
50,low_irradiance,voltwatt,22,0.779966851082885,0,0.926449456513576,1,0.0418638041128581,123.863739638504,17,0,0,1
50,low_irradiance,voltwatt,23,0.711974371775082,0,0.933262828253068,1,0.0380038788252637,102.123350121383,15,0,0,1
50,low_irradiance,hybrid,0,0.6,0,0.962529184183679,1,0.0241817488544389,52.962747852768,0,0,599.163178756853,19
50,low_irradiance,hybrid,1,0.6,0,0.962529184183679,1,0.0241817488544389,52.962747852768,0,0,599.163178756853,19
50,low_irradiance,hybrid,2,0.6,0,0.962529184183679,1,0.0241817488544389,52.962747852768,0,0,599.163178756853,19
50,low_irradiance,hybrid,3,0.6,0,0.962529184183679,1,0.0241817488544389,52.962747852768,0,0,599.163178756853,19
50,low_irradiance,hybrid,4,0.6,0,0.962529184183679,1,0.0241817488544389,52.962747852768,0,0,599.163178756853,19
50,low_irradiance,hybrid,5,0.610464194115905,0,0.962003103662734,1,0.024522834336559,54.7747493337624,0,0,618.832144451627,19
50,low_irradiance,hybrid,6,0.67568081763371,0,0.958716619209101,1,0.0266556453423066,66.88346454731,0,0,741.928845977436,20
50,low_irradiance,hybrid,7,0.744126393163558,0.0725700504575134,0.956896906572364,1,0.0277736631232455,71.8321612003754,0,0,799.604521825295,20
50,low_irradiance,hybrid,8,0.790210924609343,0.176531422026769,0.95685346542671,1,0.0277086965231269,69.0378601998084,0,0,781.966416691036,20
50,low_irradiance,hybrid,9,0.801515493969863,0.281849498690429,0.958524322608277,1,0.0265338346306112,60.7539172812124,0,0,691.78648205191,20
50,low_irradiance,hybrid,10,0.793604441167075,0.370577345917451,0.960777075308034,1,0.0249963000608842,52.5033839514224,0,0,584.971295331984,20
50,low_irradiance,hybrid,11,0.787101899349258,0.42942429785188,0.962322107108755,1,0.0239439237981375,47.9277888113116,0,0,512.62235293566,20
50,low_irradiance,hybrid,12,0.786286066835735,0.45,0.96278582634182,1,0.023625240368737,46.7272173444819,0,0,490.104697676778,20
50,low_irradiance,hybrid,13,0.788425387827532,0.42942429785188,0.96225398476963,1,0.0239878374351963,48.1112381923867,0,0,514.967152886461,20
50,low_irradiance,hybrid,14,0.794369066373686,0.370577345917451,0.96073790568169,1,0.0250215822836423,52.6200406168131,0,0,586.349764956091,20
50,low_irradiance,hybrid,15,0.809627940215971,0.281849498690429,0.958110499490509,1,0.0268014241826052,62.1759101673696,0,0,706.759027208708,20
50,low_irradiance,hybrid,16,0.840403231337678,0.176531422026769,0.954309155082607,1,0.0293475353438915,79.0452154547568,0,0,886.179302828948,20
50,low_irradiance,hybrid,17,0.884764896719951,0.0725700504575136,0.949759295425814,1,0.0323800041570839,103.308500162115,2,0,1095.62291215618,21
50,low_irradiance,hybrid,18,0.927103874702081,1.48602858526597e-22,0.945915755935109,1,0.03493215504402,126.636829162735,12,0,1265.76477440869,21
50,low_irradiance,hybrid,19,0.946052196170588,0,0.944939421736939,1,0.035563511885799,132.039049841143,14,0,1306.38149877451,21
50,low_irradiance,hybrid,20,0.924042669036405,0,0.946073296252916,1,0.0348302828484583,125.776373408429,12,0,1259.21025720298,21
50,low_irradiance,hybrid,21,0.860583782023169,0,0.949328973423588,1,0.032725691662056,108.700404762205,3,0,1123.79226924387,21
50,low_irradiance,hybrid,22,0.779966851082885,0,0.953434977430945,1,0.0300722726477396,89.0679023632764,0,0,952.916570551395,20
50,low_irradiance,hybrid,23,0.711974371775082,0,0.956878548924963,1,0.0278486446250013,74.2408797244241,0,0,810.810241577371,20
50,low_irradiance,hybrid_pso,0,0.6,0,0.973919060386037,1,0.0168429662409515,54.3705791704444,0,0,1431.84725184211,23
50,low_irradiance,hybrid_pso,1,0.6,0,0.973919060386037,1,0.0168429662409515,54.3705791704444,0,0,1431.84725184211,23
50,low_irradiance,hybrid_pso,2,0.6,0,0.973919060386037,1,0.0168429662409515,54.3705791704444,0,0,1431.84725184211,23
50,low_irradiance,hybrid_pso,3,0.6,0,0.973919060386037,1,0.0168429662409515,54.3705791704444,0,0,1431.84725184211,23
50,low_irradiance,hybrid_pso,4,0.6,0,0.973919060386037,1,0.0168429662409515,54.3705791704444,0,0,1431.84725184211,23
50,low_irradiance,hybrid_pso,5,0.610464194115905,0,0.973453052405717,1,0.0171450824745238,56.3502764393675,0,0,1457.4808292879,23
50,low_irradiance,hybrid_pso,6,0.67568081763371,0,0.970540658421093,1,0.0190345529892522,69.5477390816315,0,0,1617.94896600681,25
50,low_irradiance,hybrid_pso,7,0.744126393163558,0.0725700504575134,0.968838273601698,1,0.0200529014835818,72.8133299239506,0,0,1691.18013089978,31
50,low_irradiance,hybrid_pso,8,0.790210924609343,0.176531422026769,0.968694594742501,1,0.0200415567666726,66.6208627629784,0,0,1664.05975329086,31
50,low_irradiance,hybrid_pso,9,0.801515493969863,0.281849498690429,0.970156625174695,1,0.0190330374268385,54.3597450095335,0,0,1548.52797734546,25
50,low_irradiance,hybrid_pso,10,0.793604441167075,0.370577345917451,0.971996239358187,1,0.0177581203014953,42.8290623775792,0,0,1402.24778428241,23
50,low_irradiance,hybrid_pso,11,0.787101899349258,0.42942429785188,0.973236639472728,1,0.0168990885472049,36.249811803722,0,0,1301.46704753429,23
50,low_irradiance,hybrid_pso,12,0.786286066835735,0.45,0.973596965245892,1,0.0166457246382064,34.392566053527,0,0,1269.45761642068,23
50,low_irradiance,hybrid_pso,13,0.788425387827532,0.42942429785188,0.973176128418115,1,0.016938072082112,36.4384206063102,0,0,1304.52678676637,23
50,low_irradiance,hybrid_pso,14,0.794369066373686,0.370577345917451,0.971961455565964,1,0.0177805481463756,42.9505986152597,0,0,1404.04553210419,23
50,low_irradiance,hybrid_pso,15,0.809627940215971,0.281849498690429,0.96979044197081,1,0.0192700575239875,55.8626065089472,0,0,1568.06535991505,26
50,low_irradiance,hybrid_pso,16,0.840403231337678,0.176531422026769,0.965238984981138,1,0.02185273205409,77.4489060691292,0,0,1746.93874794173,31
50,low_irradiance,hybrid_pso,17,0.884764896719951,0.0725700504575136,0.958763517460896,1,0.025792670759484,104.706657095017,0,0,1885.53705458959,31
50,low_irradiance,hybrid_pso,18,0.927103874702081,1.48602858526597e-22,0.952856926654674,1,0.029825083294463,127.22514764753,0,0,1947.31532530701,31
50,low_irradiance,hybrid_pso,19,0.946052196170588,0,0.951272760928819,1,0.0308565750677477,132.083968716813,0,0,1953.15235447589,31
50,low_irradiance,hybrid_pso,20,0.924042669036405,0,0.953112395655888,1,0.0296587354614644,126.455544093971,0,0,1946.37327332086,31
50,low_irradiance,hybrid_pso,21,0.860583782023169,0,0.958054198926757,1,0.0264201433068435,111.256445232196,0,0,1896.12242983733,31
50,low_irradiance,hybrid_pso,22,0.779966851082885,0,0.964092402304391,1,0.0226623270539906,93.0425503881577,0,0,1812.33828311983,31
50,low_irradiance,hybrid_pso,23,0.711974371775082,0,0.968830025365315,1,0.0201171483151039,77.5216825225248,0,0,1704.41724275155,31
80,clear_sky,none,0,0.6,0,0.944298502867788,1,0.0317437262537251,71.3034479686274,6,0,0,1
80,clear_sky,none,1,0.6,0,0.944298502867788,1,0.0317437262537251,71.3034479686274,6,0,0,1
80,clear_sky,none,2,0.6,0,0.944298502867788,1,0.0317437262537251,71.3034479686274,6,0,0,1
80,clear_sky,none,3,0.6,0,0.944298502867788,1,0.0317437262537251,71.3034479686274,6,0,0,1
80,clear_sky,none,4,0.6,0,0.944298502867788,1,0.0317437262537251,71.3034479686274,6,0,0,1
80,clear_sky,none,5,0.610464194115905,0,0.943276652061827,1,0.0323238068079629,73.9281269288822,6,0,0,1
80,clear_sky,none,6,0.67568081763371,0,0.936864485298945,1,0.0359618899882495,91.466227903963,13,0,0,1
80,clear_sky,none,7,0.744126393163558,0.161266778794474,0.945459494000997,1,0.0326358743618547,79.1062863636826,9,0,0,1
80,clear_sky,none,8,0.790210924609343,0.392292048948375,0.95975859329879,1,0.0252091150528866,58.7168469071288,0,0,0,1
80,clear_sky,none,9,0.801515493969863,0.626332219312064,0.972677990154575,1,0.0161029037847671,47.0614360094822,0,0,0,1
80,clear_sky,none,10,0.793604441167075,0.823505213149891,0.984477697738995,1,0.00780391633796406,49.0765728039828,0,0,0,1
80,clear_sky,none,11,0.787101899349258,0.954276217448621,0.991888965003603,1.01077012169782,0.00482980261220009,57.5874000825977,0,0,0,1
80,clear_sky,none,12,0.786286066835735,1,0.99414435287207,1.01455651670986,0.00448368583119301,61.9214905777829,0,0,0,1
80,clear_sky,none,13,0.788425387827532,0.954276217448621,0.991796208130002,1.01065477386867,0.00485630836239508,57.6409986294832,0,0,0,1
80,clear_sky,none,14,0.794369066373686,0.823505213149891,0.984417825916624,1,0.00784329340358845,49.1355213872625,0,0,0,1
80,clear_sky,none,15,0.809627940215971,0.626332219312064,0.972021106570918,1,0.0165309202361826,48.1739943346683,0,0,0,1
80,clear_sky,none,16,0.840403231337678,0.392292048948375,0.955577130373381,1,0.0279392052046676,69.45340783129,0,0,0,1
80,clear_sky,none,17,0.884764896719951,0.161266778794475,0.931591865057336,1,0.0405280772764269,120.402729530937,17,0,0,1
80,clear_sky,none,18,0.927103874702081,3.30228574503549e-22,0.911395892047719,1,0.0503779103732077,179.182674633709,18,0,0,1
80,clear_sky,none,19,0.946052196170588,0,0.909425098377172,1,0.0514911043069735,187.163288546381,19,0,0,1
80,clear_sky,none,20,0.924042669036405,0,0.911713575335099,1,0.0501984363327555,177.912175612085,18,0,0,1
80,clear_sky,none,21,0.860583782023169,0,0.918255480891273,1,0.0465006452045954,152.73546855333,17,0,0,1
80,clear_sky,none,22,0.779966851082885,0,0.926449456513576,1,0.0418638041128581,123.863739638504,17,0,0,1
80,clear_sky,none,23,0.711974371775082,0,0.933262828253068,1,0.0380038788252637,102.123350121383,15,0,0,1
80,clear_sky,voltvar,0,0.6,0,0.965553242002291,1,0.0223441154585114,51.6499732018463,0,0,754.2940247443,21
80,clear_sky,voltvar,1,0.6,0,0.965553242002291,1,0.0223441154585114,51.6499732018463,0,0,754.2940247443,21
80,clear_sky,voltvar,2,0.6,0,0.965553242002291,1,0.0223441154585114,51.6499732018463,0,0,754.2940247443,21
80,clear_sky,voltvar,3,0.6,0,0.965553242002291,1,0.0223441154585114,51.6499732018463,0,0,754.2940247443,21
80,clear_sky,voltvar,4,0.6,0,0.965553242002291,1,0.0223441154585114,51.6499732018463,0,0,754.2940247443,21
80,clear_sky,voltvar,5,0.610464194115905,0,0.96512494479276,1,0.0226278796896044,53.4698604626207,0,0,779.460769990761,21
80,clear_sky,voltvar,6,0.67568081763371,0,0.96244691173912,1,0.0244032318005059,65.7098376790764,0,0,936.895326500643,20
80,clear_sky,voltvar,7,0.744126393163558,0.161266778794474,0.964306317961737,1,0.0230363559506262,49.7797448823411,0,0,778.860288640841,20
80,clear_sky,voltvar,8,0.790210924609343,0.392292048948375,0.968814775327181,1,0.0198580103122212,36.0348425073589,0,0,435.321664582146,21
80,clear_sky,voltvar,9,0.801515493969863,0.626332219312064,0.97518386638748,1,0.0152428203542668,41.260206087003,0,0,89.8817584225594,15
80,clear_sky,voltvar,10,0.793604441167075,0.823505213149891,0.984477697738995,1,0.00780391633796406,49.0765728039828,0,0,0,1
80,clear_sky,voltvar,11,0.787101899349258,0.954276217448621,0.991888965003603,1.01077012169782,0.00482980261220009,57.5874000825977,0,0,0,1
80,clear_sky,voltvar,12,0.786286066835735,1,0.99414435287207,1.01455651670986,0.00448368583119301,61.9214905777829,0,0,0,1
80,clear_sky,voltvar,13,0.788425387827532,0.954276217448621,0.991796208130002,1.01065477386867,0.00485630836239508,57.6409986294832,0,0,0,1
80,clear_sky,voltvar,14,0.794369066373686,0.823505213149891,0.984417825916624,1,0.00784329340358845,49.1355213872625,0,0,0,1
80,clear_sky,voltvar,15,0.809627940215971,0.626332219312064,0.97479400364119,1,0.0155438418589305,41.6138687641909,0,0,101.240368157783,16
80,clear_sky,voltvar,16,0.840403231337678,0.392292048948375,0.966712087093457,1,0.0212239277252635,40.4978308526846,0,0,549.352600494346,21
80,clear_sky,voltvar,17,0.884764896719951,0.161266778794475,0.958483596276557,1,0.0268449554095162,74.9274206448285,0,0,1132.15325080066,20
80,clear_sky,voltvar,18,0.927103874702081,3.30228574503549e-22,0.951995633770017,1,0.0312653727703653,127.211414301153,0,0,1609.13387400658,21
80,clear_sky,voltvar,19,0.946052196170588,0,0.951196200747356,1,0.0317879604259938,132.832601313139,0,0,1661.71014548904,21
80,clear_sky,voltvar,20,0.924042669036405,0,0.952124652415367,1,0.0311810469012856,126.316841590812,0,0,1600.65011594043,21
80,clear_sky,voltvar,21,0.860583782023169,0,0.954790562631536,1,0.0294394510906376,108.614824290191,0,0,1425.36420452307,20
80,clear_sky,voltvar,22,0.779966851082885,0,0.958149478084291,1,0.0272437653753228,88.3974528791536,0,0,1204.28969890683,20
80,clear_sky,voltvar,23,0.711974371775082,0,0.960950813398614,1,0.0253963139656084,73.199962347636,0,0,1024.97931925532,20
80,clear_sky,voltwatt,0,0.6,0,0.944298502867788,1,0.0317437262537251,71.3034479686274,6,0,0,1
80,clear_sky,voltwatt,1,0.6,0,0.944298502867788,1,0.0317437262537251,71.3034479686274,6,0,0,1
80,clear_sky,voltwatt,2,0.6,0,0.944298502867788,1,0.0317437262537251,71.3034479686274,6,0,0,1
80,clear_sky,voltwatt,3,0.6,0,0.944298502867788,1,0.0317437262537251,71.3034479686274,6,0,0,1
80,clear_sky,voltwatt,4,0.6,0,0.944298502867788,1,0.0317437262537251,71.3034479686274,6,0,0,1
80,clear_sky,voltwatt,5,0.610464194115905,0,0.943276652061827,1,0.0323238068079629,73.9281269288822,6,0,0,1
80,clear_sky,voltwatt,6,0.67568081763371,0,0.936864485298945,1,0.0359618899882495,91.466227903963,13,0,0,1
80,clear_sky,voltwatt,7,0.744126393163558,0.161266778794474,0.945459494000997,1,0.0326358743618547,79.1062863636826,9,0,0,1
80,clear_sky,voltwatt,8,0.790210924609343,0.392292048948375,0.95975859329879,1,0.0252091150528866,58.7168469071288,0,0,0,1
80,clear_sky,voltwatt,9,0.801515493969863,0.626332219312064,0.972677990154575,1,0.0161029037847671,47.0614360094822,0,0,0,1
80,clear_sky,voltwatt,10,0.793604441167075,0.823505213149891,0.984477697738995,1,0.00780391633796406,49.0765728039828,0,0,0,1
80,clear_sky,voltwatt,11,0.787101899349258,0.954276217448621,0.991888965003603,1.01077012169782,0.00482980261220009,57.5874000825977,0,0,0,1
80,clear_sky,voltwatt,12,0.786286066835735,1,0.99414435287207,1.01455651670986,0.00448368583119301,61.9214905777829,0,0,0,1
80,clear_sky,voltwatt,13,0.788425387827532,0.954276217448621,0.991796208130002,1.01065477386867,0.00485630836239508,57.6409986294832,0,0,0,1
80,clear_sky,voltwatt,14,0.794369066373686,0.823505213149891,0.984417825916624,1,0.00784329340358845,49.1355213872625,0,0,0,1
80,clear_sky,voltwatt,15,0.809627940215971,0.626332219312064,0.972021106570918,1,0.0165309202361826,48.1739943346683,0,0,0,1
80,clear_sky,voltwatt,16,0.840403231337678,0.392292048948375,0.955577130373381,1,0.0279392052046676,69.45340783129,0,0,0,1
80,clear_sky,voltwatt,17,0.884764896719951,0.161266778794475,0.931591865057336,1,0.0405280772764269,120.402729530937,17,0,0,1
80,clear_sky,voltwatt,18,0.927103874702081,3.30228574503549e-22,0.911395892047719,1,0.0503779103732077,179.182674633709,18,0,0,1
80,clear_sky,voltwatt,19,0.946052196170588,0,0.909425098377172,1,0.0514911043069735,187.163288546381,19,0,0,1
80,clear_sky,voltwatt,20,0.924042669036405,0,0.911713575335099,1,0.0501984363327555,177.912175612085,18,0,0,1
80,clear_sky,voltwatt,21,0.860583782023169,0,0.918255480891273,1,0.0465006452045954,152.73546855333,17,0,0,1
80,clear_sky,voltwatt,22,0.779966851082885,0,0.926449456513576,1,0.0418638041128581,123.863739638504,17,0,0,1
80,clear_sky,voltwatt,23,0.711974371775082,0,0.933262828253068,1,0.0380038788252637,102.123350121383,15,0,0,1
80,clear_sky,hybrid,0,0.6,0,0.965553242002291,1,0.0223441154585114,51.6499732018463,0,0,754.2940247443,21
80,clear_sky,hybrid,1,0.6,0,0.965553242002291,1,0.0223441154585114,51.6499732018463,0,0,754.2940247443,21
80,clear_sky,hybrid,2,0.6,0,0.965553242002291,1,0.0223441154585114,51.6499732018463,0,0,754.2940247443,21
80,clear_sky,hybrid,3,0.6,0,0.965553242002291,1,0.0223441154585114,51.6499732018463,0,0,754.2940247443,21
80,clear_sky,hybrid,4,0.6,0,0.965553242002291,1,0.0223441154585114,51.6499732018463,0,0,754.2940247443,21
80,clear_sky,hybrid,5,0.610464194115905,0,0.96512494479276,1,0.0226278796896044,53.4698604626207,0,0,779.460769990761,21
80,clear_sky,hybrid,6,0.67568081763371,0,0.96244691173912,1,0.0244032318005059,65.7098376790764,0,0,936.895326500643,20
80,clear_sky,hybrid,7,0.744126393163558,0.161266778794474,0.964306317961737,1,0.0230363559506262,49.7797448823411,0,0,778.860288640841,20
80,clear_sky,hybrid,8,0.790210924609343,0.392292048948375,0.968814775327181,1,0.0198580103122212,36.0348425073589,0,0,435.321664582146,21
80,clear_sky,hybrid,9,0.801515493969863,0.626332219312064,0.97518386638748,1,0.0152428203542668,41.260206087003,0,0,89.8817584225594,15
80,clear_sky,hybrid,10,0.793604441167075,0.823505213149891,0.984477697738995,1,0.00780391633796406,49.0765728039828,0,0,0,1
80,clear_sky,hybrid,11,0.787101899349258,0.954276217448621,0.991888965003603,1.01077012169782,0.00482980261220009,57.5874000825977,0,0,0,1
80,clear_sky,hybrid,12,0.786286066835735,1,0.99414435287207,1.01455651670986,0.00448368583119301,61.9214905777829,0,0,0,1
80,clear_sky,hybrid,13,0.788425387827532,0.954276217448621,0.991796208130002,1.01065477386867,0.00485630836239508,57.6409986294832,0,0,0,1
80,clear_sky,hybrid,14,0.794369066373686,0.823505213149891,0.984417825916624,1,0.00784329340358845,49.1355213872625,0,0,0,1
80,clear_sky,hybrid,15,0.809627940215971,0.626332219312064,0.97479400364119,1,0.0155438418589305,41.6138687641909,0,0,101.240368157783,16
80,clear_sky,hybrid,16,0.840403231337678,0.392292048948375,0.966712087093457,1,0.0212239277252635,40.4978308526846,0,0,549.352600494346,21
80,clear_sky,hybrid,17,0.884764896719951,0.161266778794475,0.958483596276557,1,0.0268449554095162,74.9274206448285,0,0,1132.15325080066,20
80,clear_sky,hybrid,18,0.927103874702081,3.30228574503549e-22,0.951995633770017,1,0.0312653727703653,127.211414301153,0,0,1609.13387400658,21
80,clear_sky,hybrid,19,0.946052196170588,0,0.951196200747356,1,0.0317879604259938,132.832601313139,0,0,1661.71014548904,21
80,clear_sky,hybrid,20,0.924042669036405,0,0.952124652415367,1,0.0311810469012856,126.316841590812,0,0,1600.65011594043,21
80,clear_sky,hybrid,21,0.860583782023169,0,0.954790562631536,1,0.0294394510906376,108.614824290191,0,0,1425.36420452307,20
80,clear_sky,hybrid,22,0.779966851082885,0,0.958149478084291,1,0.0272437653753228,88.3974528791536,0,0,1204.28969890683,20
80,clear_sky,hybrid,23,0.711974371775082,0,0.960950813398614,1,0.0253963139656084,73.199962347636,0,0,1024.97931925532,20
80,clear_sky,hybrid_pso,0,0.6,0,0.979186043201074,1,0.0136787502053877,62.3025335098775,0,0,1810.08739472505,23
80,clear_sky,hybrid_pso,1,0.6,0,0.979186043201074,1,0.0136787502053877,62.3025335098775,0,0,1810.08739472505,23
80,clear_sky,hybrid_pso,2,0.6,0,0.979186043201074,1,0.0136787502053877,62.3025335098775,0,0,1810.08739472505,23
80,clear_sky,hybrid_pso,3,0.6,0,0.979186043201074,1,0.0136787502053877,62.3025335098775,0,0,1810.08739472505,23
80,clear_sky,hybrid_pso,4,0.6,0,0.979186043201074,1,0.0136787502053877,62.3025335098775,0,0,1810.08739472505,23
80,clear_sky,hybrid_pso,5,0.610464194115905,0,0.978814327293761,1,0.0139248105305611,64.5759663413387,0,0,1842.5413827721,23
80,clear_sky,hybrid_pso,6,0.67568081763371,0,0.976490368634759,1,0.0154646479065615,79.7392110641803,0,0,2045.53903648051,23
80,clear_sky,hybrid_pso,7,0.744126393163558,0.161266778794474,0.978032757931236,1,0.0143025572174698,51.936430123547,0,0,1847.47131323141,23
80,clear_sky,hybrid_pso,8,0.790210924609343,0.392292048948375,0.981626251809188,1,0.0117179584570066,21.1666125653214,0,0,1395.11705877978,23
80,clear_sky,hybrid_pso,9,0.801515493969863,0.626332219312064,0.986199259835591,1,0.00846906959584665,15.1216072469961,0,0,845.587326643107,22
80,clear_sky,hybrid_pso,10,0.793604441167075,0.823505213149891,0.99051651456563,1.00298825296689,0.00522713250802699,32.5516535502558,0,0,382.578471552339,21
80,clear_sky,hybrid_pso,11,0.787101899349258,0.954276217448621,0.993956686375909,1.01091917076575,0.00414460483194252,49.4457957180103,0,14.4283418184231,165.791523677032,20
80,clear_sky,hybrid_pso,12,0.786286066835735,1,0.994570433011148,1.0124532305328,0.00391296834828244,54.5168289366757,0,40.2173346041476,109.979602919493,19
80,clear_sky,hybrid_pso,13,0.788425387827532,0.954276217448621,0.993900415121931,1.01087112307109,0.00416396178764404,49.4554542440077,0,13.6708893086496,167.480845668375,20
80,clear_sky,hybrid_pso,14,0.794369066373686,0.823505213149891,0.990485927967414,1.00294924075132,0.00524569097549151,32.5235393340322,0,0,384.23963434368,21
80,clear_sky,hybrid_pso,15,0.809627940215971,0.626332219312064,0.985892996034796,1,0.00866663708535873,15.2430409438352,0,0,867.401835032228,22
80,clear_sky,hybrid_pso,16,0.840403231337678,0.392292048948375,0.979814367722446,1,0.0129019201469909,26.796357794089,0,0,1542.12709884048,23
80,clear_sky,hybrid_pso,17,0.884764896719951,0.161266778794475,0.972999916072256,1,0.0176289651045641,83.0016126393531,0,0,2281.84550916316,24
80,clear_sky,hybrid_pso,18,0.927103874702081,3.30228574503549e-22,0.966312421217637,1,0.0218181085675376,153.612165400205,0,0,2801.84536616801,33
80,clear_sky,hybrid_pso,19,0.946052196170588,0,0.965059763585552,1,0.0224326688917516,159.718967329265,0,0,2844.18487348682,33
80,clear_sky,hybrid_pso,20,0.924042669036405,0,0.966514478530113,1,0.0217189783954942,152.641166550414,0,0,2795.01499841718,33
80,clear_sky,hybrid_pso,21,0.860583782023169,0,0.969831640334424,1,0.0198912902483325,132.369169665627,0,0,2628.51018717792,31
80,clear_sky,hybrid_pso,22,0.779966851082885,0,0.972747755571849,1,0.0179498813278841,107.631200161756,0,0,2373.01288865546,25
80,clear_sky,hybrid_pso,23,0.711974371775082,0,0.975191509964884,1,0.0163263859136176,88.930617461509,0,0,2159.07971800307,23
80,partial_cloud,none,0,0.6,0,0.944298502867788,1,0.0317437262537251,71.3034479686274,6,0,0,1
80,partial_cloud,none,1,0.6,0,0.944298502867788,1,0.0317437262537251,71.3034479686274,6,0,0,1
80,partial_cloud,none,2,0.6,0,0.944298502867788,1,0.0317437262537251,71.3034479686274,6,0,0,1
80,partial_cloud,none,3,0.6,0,0.944298502867788,1,0.0317437262537251,71.3034479686274,6,0,0,1
80,partial_cloud,none,4,0.6,0,0.944298502867788,1,0.0317437262537251,71.3034479686274,6,0,0,1
80,partial_cloud,none,5,0.610464194115905,0,0.943276652061827,1,0.0323238068079629,73.9281269288822,6,0,0,1
80,partial_cloud,none,6,0.67568081763371,0,0.936864485298945,1,0.0359618899882495,91.466227903963,13,0,0,1
80,partial_cloud,none,7,0.744126393163558,0.161266770627791,0.945459493234181,1,0.032635874720058,79.1062877638423,9,0,0,1
80,partial_cloud,none,8,0.790210924609343,0.392270263240168,0.959757281631057,1,0.0252100371045401,58.7189834801497,0,0,0,1
80,partial_cloud,none,9,0.801515493969863,0.621169965673079,0.972377716065288,1,0.0163130273517228,47.164088548086,0,0,0,1
80,partial_cloud,none,10,0.793604441167075,0.687177426219552,0.976835167936531,1,0.0132261285333554,45.6034814470787,0,0,0,1
80,partial_cloud,none,11,0.787101899349258,0.524851842193077,0.967909785308062,1,0.0194994692704456,48.4034435358126,0,0,0,1
80,partial_cloud,none,12,0.786286066835735,0.834320566194173,0.985648982382336,1.00095886408079,0.00706076791756113,49.0725077747653,0,0,0,1
80,partial_cloud,none,13,0.788425387827532,0.92861096363174,0.990555683626536,1.00855641365599,0.00514335104657404,55.4750513224589,0,0,0,1
80,partial_cloud,none,14,0.794369066373686,0.642014022492508,0.974165713425881,1,0.0150897950827659,45.8798100701595,0,0,0,1
80,partial_cloud,none,15,0.809627940215971,0.488330467094246,0.963901032094038,1,0.0222203436450834,54.4046524891557,0,0,0,1
80,partial_cloud,none,16,0.840403231337678,0.384974642144386,0.955132638037347,1,0.0282517019995298,70.3013597264648,0,0,0,1
80,partial_cloud,none,17,0.884764896719951,0.16124521980021,0.931589788382898,1,0.0405290470156166,120.407536188095,17,0,0,1
80,partial_cloud,none,18,0.927103874702081,3.30228547717906e-22,0.911395892047719,1,0.0503779103732077,179.182674633709,18,0,0,1
80,partial_cloud,none,19,0.946052196170588,0,0.909425098377172,1,0.0514911043069735,187.163288546381,19,0,0,1
80,partial_cloud,none,20,0.924042669036405,0,0.911713575335099,1,0.0501984363327555,177.912175612085,18,0,0,1
80,partial_cloud,none,21,0.860583782023169,0,0.918255480891273,1,0.0465006452045954,152.73546855333,17,0,0,1
80,partial_cloud,none,22,0.779966851082885,0,0.926449456513576,1,0.0418638041128581,123.863739638504,17,0,0,1
80,partial_cloud,none,23,0.711974371775082,0,0.933262828253068,1,0.0380038788252637,102.123350121383,15,0,0,1
80,partial_cloud,voltvar,0,0.6,0,0.965553242002291,1,0.0223441154585114,51.6499732018463,0,0,754.2940247443,21
80,partial_cloud,voltvar,1,0.6,0,0.965553242002291,1,0.0223441154585114,51.6499732018463,0,0,754.2940247443,21
80,partial_cloud,voltvar,2,0.6,0,0.965553242002291,1,0.0223441154585114,51.6499732018463,0,0,754.2940247443,21
80,partial_cloud,voltvar,3,0.6,0,0.965553242002291,1,0.0223441154585114,51.6499732018463,0,0,754.2940247443,21
80,partial_cloud,voltvar,4,0.6,0,0.965553242002291,1,0.0223441154585114,51.6499732018463,0,0,754.2940247443,21
80,partial_cloud,voltvar,5,0.610464194115905,0,0.96512494479276,1,0.0226278796896044,53.4698604626207,0,0,779.460769990761,21
80,partial_cloud,voltvar,6,0.67568081763371,0,0.96244691173912,1,0.0244032318005059,65.7098376790764,0,0,936.895326500643,20
80,partial_cloud,voltvar,7,0.744126393163558,0.161266770627791,0.964306317730384,1,0.0230363561104262,49.7797460265104,0,0,778.860304913572,20
80,partial_cloud,voltvar,8,0.790210924609343,0.392270263240168,0.968814177610315,1,0.0198584227089222,36.0354449221553,0,0,435.362968637224,21
80,partial_cloud,voltvar,9,0.801515493969863,0.621169965673079,0.975011856978317,1,0.0153994759710979,41.0537716126419,0,0,94.9485076106049,16
80,partial_cloud,voltvar,10,0.793604441167075,0.687177426219552,0.977715803505345,1,0.0129188813296549,43.4944795968543,0,0,32.115086253365,12
80,partial_cloud,voltvar,11,0.787101899349258,0.524851842193077,0.97275624835128,1,0.0171378968477572,36.1177118632036,0,0,208.301351298804,17
80,partial_cloud,voltvar,12,0.786286066835735,0.834320566194173,0.985648982382336,1.00095886408079,0.00706076791756113,49.0725077747653,0,0,0,1
80,partial_cloud,voltvar,13,0.788425387827532,0.92861096363174,0.990555683626536,1.00855641365599,0.00514335104657404,55.4750513224589,0,0,0,1
80,partial_cloud,voltvar,14,0.794369066373686,0.642014022492508,0.97608719579276,1,0.0144303147164815,41.4241055077009,0,0,69.0104208788696,14
80,partial_cloud,voltvar,15,0.809627940215971,0.488330467094246,0.970707587690872,1,0.0185133982400367,36.4578042111508,0,0,310.97194576583,18
80,partial_cloud,voltvar,16,0.840403231337678,0.384974642144386,0.966512005393756,1,0.0213620549579263,40.8496572761344,0,0,563.497634263598,20
80,partial_cloud,voltvar,17,0.884764896719951,0.16124521980021,0.958482986889092,1,0.0268453764161875,74.9316869240453,0,0,1132.20109128071,20
80,partial_cloud,voltvar,18,0.927103874702081,3.30228547717906e-22,0.951995633770017,1,0.0312653727703653,127.211414301153,0,0,1609.13387400658,21
80,partial_cloud,voltvar,19,0.946052196170588,0,0.951196200747356,1,0.0317879604259938,132.832601313139,0,0,1661.71014548904,21
80,partial_cloud,voltvar,20,0.924042669036405,0,0.952124652415367,1,0.0311810469012856,126.316841590812,0,0,1600.65011594043,21
80,partial_cloud,voltvar,21,0.860583782023169,0,0.954790562631536,1,0.0294394510906376,108.614824290191,0,0,1425.36420452307,20
80,partial_cloud,voltvar,22,0.779966851082885,0,0.958149478084291,1,0.0272437653753228,88.3974528791536,0,0,1204.28969890683,20
80,partial_cloud,voltvar,23,0.711974371775082,0,0.960950813398614,1,0.0253963139656084,73.199962347636,0,0,1024.97931925532,20
80,partial_cloud,voltwatt,0,0.6,0,0.944298502867788,1,0.0317437262537251,71.3034479686274,6,0,0,1
80,partial_cloud,voltwatt,1,0.6,0,0.944298502867788,1,0.0317437262537251,71.3034479686274,6,0,0,1
80,partial_cloud,voltwatt,2,0.6,0,0.944298502867788,1,0.0317437262537251,71.3034479686274,6,0,0,1
80,partial_cloud,voltwatt,3,0.6,0,0.944298502867788,1,0.0317437262537251,71.3034479686274,6,0,0,1
80,partial_cloud,voltwatt,4,0.6,0,0.944298502867788,1,0.0317437262537251,71.3034479686274,6,0,0,1
80,partial_cloud,voltwatt,5,0.610464194115905,0,0.943276652061827,1,0.0323238068079629,73.9281269288822,6,0,0,1
80,partial_cloud,voltwatt,6,0.67568081763371,0,0.936864485298945,1,0.0359618899882495,91.466227903963,13,0,0,1
80,partial_cloud,voltwatt,7,0.744126393163558,0.161266770627791,0.945459493234181,1,0.032635874720058,79.1062877638423,9,0,0,1
80,partial_cloud,voltwatt,8,0.790210924609343,0.392270263240168,0.959757281631057,1,0.0252100371045401,58.7189834801497,0,0,0,1
80,partial_cloud,voltwatt,9,0.801515493969863,0.621169965673079,0.972377716065288,1,0.0163130273517228,47.164088548086,0,0,0,1
80,partial_cloud,voltwatt,10,0.793604441167075,0.687177426219552,0.976835167936531,1,0.0132261285333554,45.6034814470787,0,0,0,1
80,partial_cloud,voltwatt,11,0.787101899349258,0.524851842193077,0.967909785308062,1,0.0194994692704456,48.4034435358126,0,0,0,1
80,partial_cloud,voltwatt,12,0.786286066835735,0.834320566194173,0.985648982382336,1.00095886408079,0.00706076791756113,49.0725077747653,0,0,0,1
80,partial_cloud,voltwatt,13,0.788425387827532,0.92861096363174,0.990555683626536,1.00855641365599,0.00514335104657404,55.4750513224589,0,0,0,1
80,partial_cloud,voltwatt,14,0.794369066373686,0.642014022492508,0.974165713425881,1,0.0150897950827659,45.8798100701595,0,0,0,1
80,partial_cloud,voltwatt,15,0.809627940215971,0.488330467094246,0.963901032094038,1,0.0222203436450834,54.4046524891557,0,0,0,1
80,partial_cloud,voltwatt,16,0.840403231337678,0.384974642144386,0.955132638037347,1,0.0282517019995298,70.3013597264648,0,0,0,1
80,partial_cloud,voltwatt,17,0.884764896719951,0.16124521980021,0.931589788382898,1,0.0405290470156166,120.407536188095,17,0,0,1
80,partial_cloud,voltwatt,18,0.927103874702081,3.30228547717906e-22,0.911395892047719,1,0.0503779103732077,179.182674633709,18,0,0,1
80,partial_cloud,voltwatt,19,0.946052196170588,0,0.909425098377172,1,0.0514911043069735,187.163288546381,19,0,0,1
80,partial_cloud,voltwatt,20,0.924042669036405,0,0.911713575335099,1,0.0501984363327555,177.912175612085,18,0,0,1
80,partial_cloud,voltwatt,21,0.860583782023169,0,0.918255480891273,1,0.0465006452045954,152.73546855333,17,0,0,1
80,partial_cloud,voltwatt,22,0.779966851082885,0,0.926449456513576,1,0.0418638041128581,123.863739638504,17,0,0,1
80,partial_cloud,voltwatt,23,0.711974371775082,0,0.933262828253068,1,0.0380038788252637,102.123350121383,15,0,0,1
80,partial_cloud,hybrid,0,0.6,0,0.965553242002291,1,0.0223441154585114,51.6499732018463,0,0,754.2940247443,21
80,partial_cloud,hybrid,1,0.6,0,0.965553242002291,1,0.0223441154585114,51.6499732018463,0,0,754.2940247443,21
80,partial_cloud,hybrid,2,0.6,0,0.965553242002291,1,0.0223441154585114,51.6499732018463,0,0,754.2940247443,21
80,partial_cloud,hybrid,3,0.6,0,0.965553242002291,1,0.0223441154585114,51.6499732018463,0,0,754.2940247443,21
80,partial_cloud,hybrid,4,0.6,0,0.965553242002291,1,0.0223441154585114,51.6499732018463,0,0,754.2940247443,21
80,partial_cloud,hybrid,5,0.610464194115905,0,0.96512494479276,1,0.0226278796896044,53.4698604626207,0,0,779.460769990761,21
80,partial_cloud,hybrid,6,0.67568081763371,0,0.96244691173912,1,0.0244032318005059,65.7098376790764,0,0,936.895326500643,20
80,partial_cloud,hybrid,7,0.744126393163558,0.161266770627791,0.964306317730384,1,0.0230363561104262,49.7797460265104,0,0,778.860304913572,20
80,partial_cloud,hybrid,8,0.790210924609343,0.392270263240168,0.968814177610315,1,0.0198584227089222,36.0354449221553,0,0,435.362968637224,21
80,partial_cloud,hybrid,9,0.801515493969863,0.621169965673079,0.975011856978317,1,0.0153994759710979,41.0537716126419,0,0,94.9485076106049,16
80,partial_cloud,hybrid,10,0.793604441167075,0.687177426219552,0.977715803505345,1,0.0129188813296549,43.4944795968543,0,0,32.115086253365,12
80,partial_cloud,hybrid,11,0.787101899349258,0.524851842193077,0.97275624835128,1,0.0171378968477572,36.1177118632036,0,0,208.301351298804,17
80,partial_cloud,hybrid,12,0.786286066835735,0.834320566194173,0.985648982382336,1.00095886408079,0.00706076791756113,49.0725077747653,0,0,0,1
80,partial_cloud,hybrid,13,0.788425387827532,0.92861096363174,0.990555683626536,1.00855641365599,0.00514335104657404,55.4750513224589,0,0,0,1
80,partial_cloud,hybrid,14,0.794369066373686,0.642014022492508,0.97608719579276,1,0.0144303147164815,41.4241055077009,0,0,69.0104208788696,14
80,partial_cloud,hybrid,15,0.809627940215971,0.488330467094246,0.970707587690872,1,0.0185133982400367,36.4578042111508,0,0,310.97194576583,18
80,partial_cloud,hybrid,16,0.840403231337678,0.384974642144386,0.966512005393756,1,0.0213620549579263,40.8496572761344,0,0,563.497634263598,20
80,partial_cloud,hybrid,17,0.884764896719951,0.16124521980021,0.958482986889092,1,0.0268453764161875,74.9316869240453,0,0,1132.20109128071,20
80,partial_cloud,hybrid,18,0.927103874702081,3.30228547717906e-22,0.951995633770017,1,0.0312653727703653,127.211414301153,0,0,1609.13387400658,21
80,partial_cloud,hybrid,19,0.946052196170588,0,0.951196200747356,1,0.0317879604259938,132.832601313139,0,0,1661.71014548904,21
80,partial_cloud,hybrid,20,0.924042669036405,0,0.952124652415367,1,0.0311810469012856,126.316841590812,0,0,1600.65011594043,21
80,partial_cloud,hybrid,21,0.860583782023169,0,0.954790562631536,1,0.0294394510906376,108.614824290191,0,0,1425.36420452307,20
80,partial_cloud,hybrid,22,0.779966851082885,0,0.958149478084291,1,0.0272437653753228,88.3974528791536,0,0,1204.28969890683,20
80,partial_cloud,hybrid,23,0.711974371775082,0,0.960950813398614,1,0.0253963139656084,73.199962347636,0,0,1024.97931925532,20
80,partial_cloud,hybrid_pso,0,0.6,0,0.979186043201074,1,0.0136787502053877,62.3025335098775,0,0,1810.08739472505,23
80,partial_cloud,hybrid_pso,1,0.6,0,0.979186043201074,1,0.0136787502053877,62.3025335098775,0,0,1810.08739472505,23
80,partial_cloud,hybrid_pso,2,0.6,0,0.979186043201074,1,0.0136787502053877,62.3025335098775,0,0,1810.08739472505,23
80,partial_cloud,hybrid_pso,3,0.6,0,0.979186043201074,1,0.0136787502053877,62.3025335098775,0,0,1810.08739472505,23
80,partial_cloud,hybrid_pso,4,0.6,0,0.979186043201074,1,0.0136787502053877,62.3025335098775,0,0,1810.08739472505,23
80,partial_cloud,hybrid_pso,5,0.610464194115905,0,0.978814327293761,1,0.0139248105305611,64.5759663413387,0,0,1842.5413827721,23
80,partial_cloud,hybrid_pso,6,0.67568081763371,0,0.976490368634759,1,0.0154646479065615,79.7392110641803,0,0,2045.53903648051,23
80,partial_cloud,hybrid_pso,7,0.744126393163558,0.161266770627791,0.978032757737262,1,0.0143025573529129,51.9364319865655,0,0,1847.47133415529,23
80,partial_cloud,hybrid_pso,8,0.790210924609343,0.392270263240168,0.981625777420656,1,0.0117182913135359,21.1687485170505,0,0,1395.17238646548,23
80,partial_cloud,hybrid_pso,9,0.801515493969863,0.621169965673079,0.986090344194972,1,0.00854653295827207,14.9325344940179,0,0,858.049431908839,22
80,partial_cloud,hybrid_pso,10,0.793604441167075,0.687177426219552,0.987744885788849,1,0.00735406209903493,18.5225859422637,0,0,679.823803688373,22
80,partial_cloud,hybrid_pso,11,0.787101899349258,0.524851842193077,0.984587248574366,1,0.00964261927635282,13.4965384727463,0,0,1053.79382880437,22
80,partial_cloud,hybrid_pso,12,0.786286066835735,0.834320566194173,0.991047332529606,1.00390281164216,0.00492612787198971,34.2408225662049,0,0,345.547796772383,21
80,partial_cloud,hybrid_pso,13,0.788425387827532,0.92861096363174,0.993321273113073,1.00999247542437,0.00432014891633318,46.696959434147,0,0,199.893554539221,20
80,partial_cloud,hybrid_pso,14,0.794369066373686,0.642014022492508,0.98680128302378,1,0.00805873259459724,15.7365013316466,0,0,788.802208460903,22
80,partial_cloud,hybrid_pso,15,0.809627940215971,0.488330467094246,0.98298559921299,1,0.0107255512641542,15.9245941271164,0,0,1208.43211704122,23
80,partial_cloud,hybrid_pso,16,0.840403231337678,0.384974642144386,0.979656247088639,1,0.013013387855807,27.6929327262342,0,0,1561.02147646244,23
80,partial_cloud,hybrid_pso,17,0.884764896719951,0.16124521980021,0.972999401242925,1,0.0176293277472221,83.008048173097,0,0,2281.90247335201,24
80,partial_cloud,hybrid_pso,18,0.927103874702081,3.30228547717906e-22,0.966312421217637,1,0.0218181085675376,153.612165400205,0,0,2801.84536616801,33
80,partial_cloud,hybrid_pso,19,0.946052196170588,0,0.965059763585552,1,0.0224326688917516,159.718967329265,0,0,2844.18487348682,33
80,partial_cloud,hybrid_pso,20,0.924042669036405,0,0.966514478530113,1,0.0217189783954942,152.641166550414,0,0,2795.01499841718,33
80,partial_cloud,hybrid_pso,21,0.860583782023169,0,0.969831640334424,1,0.0198912902483325,132.369169665627,0,0,2628.51018717792,31
80,partial_cloud,hybrid_pso,22,0.779966851082885,0,0.972747755571849,1,0.0179498813278841,107.631200161756,0,0,2373.01288865546,25
80,partial_cloud,hybrid_pso,23,0.711974371775082,0,0.975191509964884,1,0.0163263859136176,88.930617461509,0,0,2159.07971800307,23
80,low_irradiance,none,0,0.6,0,0.944298502867788,1,0.0317437262537251,71.3034479686274,6,0,0,1
80,low_irradiance,none,1,0.6,0,0.944298502867788,1,0.0317437262537251,71.3034479686274,6,0,0,1
80,low_irradiance,none,2,0.6,0,0.944298502867788,1,0.0317437262537251,71.3034479686274,6,0,0,1
80,low_irradiance,none,3,0.6,0,0.944298502867788,1,0.0317437262537251,71.3034479686274,6,0,0,1
80,low_irradiance,none,4,0.6,0,0.944298502867788,1,0.0317437262537251,71.3034479686274,6,0,0,1
80,low_irradiance,none,5,0.610464194115905,0,0.943276652061827,1,0.0323238068079629,73.9281269288822,6,0,0,1
80,low_irradiance,none,6,0.67568081763371,0,0.936864485298945,1,0.0359618899882495,91.466227903963,13,0,0,1
80,low_irradiance,none,7,0.744126393163558,0.0725700504575134,0.937052124934942,1,0.0365603287584578,95.9148721843756,14,0,0,1
80,low_irradiance,none,8,0.790210924609343,0.176531422026769,0.942397107473385,1,0.0345274726930058,88.7505289675653,13,0,0,1
80,low_irradiance,none,9,0.801515493969863,0.281849498690429,0.950934835416323,1,0.0305533990891845,74.5713023320369,0,0,0,1
80,low_irradiance,none,10,0.793604441167075,0.370577345917451,0.958166524449855,1,0.0263144069046435,61.6478499125354,0,0,0,1
80,low_irradiance,none,11,0.787101899349258,0.42942429785188,0.962244333435656,1,0.0234752292727782,54.7378332721339,0,0,0,1
80,low_irradiance,none,12,0.786286066835735,0.45,0.963540328818222,1,0.022568416891713,52.9479009714139,0,0,0,1
80,low_irradiance,none,13,0.788425387827532,0.42942429785188,0.962135042621405,1,0.0235465683044066,54.9888096821388,0,0,0,1
80,low_irradiance,none,14,0.794369066373686,0.370577345917451,0.958102878668241,1,0.0263559738331714,61.8094742528823,0,0,0,1
80,low_irradiance,none,15,0.809627940215971,0.281849498690429,0.950157057037983,1,0.0310004358301486,76.5705205004945,0,0,0,1
80,low_irradiance,none,16,0.840403231337678,0.176531422026769,0.937460661470391,1,0.0373382676872727,103.221806752665,15,0,0,1
80,low_irradiance,none,17,0.884764896719951,0.0725700504575136,0.922963122958084,1,0.0445542939394954,141.884606310448,17,0,0,1
80,low_irradiance,none,18,0.927103874702081,1.48602858526597e-22,0.911395892047719,1,0.0503779103732077,179.182674633709,18,0,0,1
80,low_irradiance,none,19,0.946052196170588,0,0.909425098377172,1,0.0514911043069735,187.163288546381,19,0,0,1
80,low_irradiance,none,20,0.924042669036405,0,0.911713575335099,1,0.0501984363327555,177.912175612085,18,0,0,1
80,low_irradiance,none,21,0.860583782023169,0,0.918255480891273,1,0.0465006452045954,152.73546855333,17,0,0,1
80,low_irradiance,none,22,0.779966851082885,0,0.926449456513576,1,0.0418638041128581,123.863739638504,17,0,0,1
80,low_irradiance,none,23,0.711974371775082,0,0.933262828253068,1,0.0380038788252637,102.123350121383,15,0,0,1
80,low_irradiance,voltvar,0,0.6,0,0.965553242002291,1,0.0223441154585114,51.6499732018463,0,0,754.2940247443,21
80,low_irradiance,voltvar,1,0.6,0,0.965553242002291,1,0.0223441154585114,51.6499732018463,0,0,754.2940247443,21
80,low_irradiance,voltvar,2,0.6,0,0.965553242002291,1,0.0223441154585114,51.6499732018463,0,0,754.2940247443,21
80,low_irradiance,voltvar,3,0.6,0,0.965553242002291,1,0.0223441154585114,51.6499732018463,0,0,754.2940247443,21
80,low_irradiance,voltvar,4,0.6,0,0.965553242002291,1,0.0223441154585114,51.6499732018463,0,0,754.2940247443,21
80,low_irradiance,voltvar,5,0.610464194115905,0,0.96512494479276,1,0.0226278796896044,53.4698604626207,0,0,779.460769990761,21
80,low_irradiance,voltvar,6,0.67568081763371,0,0.96244691173912,1,0.0244032318005059,65.7098376790764,0,0,936.895326500643,20
80,low_irradiance,voltvar,7,0.744126393163558,0.0725700504575134,0.961761953976884,1,0.0247959522140144,64.5677267480472,0,0,956.714339347907,20
80,low_irradiance,voltvar,8,0.790210924609343,0.176531422026769,0.962840733294247,1,0.0239884698019751,54.9534235468592,0,0,858.067523791462,20
80,low_irradiance,voltvar,9,0.801515493969863,0.281849498690429,0.965307966286503,1,0.0222615913795511,43.8162267027218,0,0,675.092830746365,20
80,low_irradiance,voltvar,10,0.793604441167075,0.370577345917451,0.968077381886156,1,0.0203611803660748,37.063947472845,0,0,484.40050107496,21
80,low_irradiance,voltvar,11,0.787101899349258,0.42942429785188,0.970006692906671,1,0.0190380554412368,35.003354087286,0,0,365.319832814818,18
80,low_irradiance,voltvar,12,0.786286066835735,0.45,0.97063310948767,1,0.018606605646919,34.8147449297003,0,0,329.264099019017,18
80,low_irradiance,voltvar,13,0.788425387827532,0.42942429785188,0.969948785256133,1,0.0190757921698832,35.1004439110181,0,0,367.922022445153,18
80,low_irradiance,voltvar,14,0.794369066373686,0.370577345917451,0.968045458998141,1,0.0203819289367542,37.1327438336611,0,0,486.144920996244,21
80,low_irradiance,voltvar,15,0.809627940215971,0.281849498690429,0.964970534456361,1,0.0224817255161771,44.8525047317635,0,0,694.031647917195,20
80,low_irradiance,voltvar,16,0.840403231337678,0.176531422026769,0.960753796032394,1,0.0253541092123619,63.6798789476364,0,0,979.431087468439,20
80,low_irradiance,voltvar,17,0.884764896719951,0.0725700504575136,0.955934660012661,1,0.0286072406111437,94.9819506448026,0,0,1329.78355608492,20
80,low_irradiance,voltvar,18,0.927103874702081,1.48602858526597e-22,0.951995633770017,1,0.0312653727703653,127.211414301153,0,0,1609.13387400658,21
80,low_irradiance,voltvar,19,0.946052196170588,0,0.951196200747356,1,0.0317879604259938,132.832601313139,0,0,1661.71014548904,21
80,low_irradiance,voltvar,20,0.924042669036405,0,0.952124652415367,1,0.0311810469012856,126.316841590812,0,0,1600.65011594043,21
80,low_irradiance,voltvar,21,0.860583782023169,0,0.954790562631536,1,0.0294394510906376,108.614824290191,0,0,1425.36420452307,20
80,low_irradiance,voltvar,22,0.779966851082885,0,0.958149478084291,1,0.0272437653753228,88.3974528791536,0,0,1204.28969890683,20
80,low_irradiance,voltvar,23,0.711974371775082,0,0.960950813398614,1,0.0253963139656084,73.199962347636,0,0,1024.97931925532,20
80,low_irradiance,voltwatt,0,0.6,0,0.944298502867788,1,0.0317437262537251,71.3034479686274,6,0,0,1
80,low_irradiance,voltwatt,1,0.6,0,0.944298502867788,1,0.0317437262537251,71.3034479686274,6,0,0,1
80,low_irradiance,voltwatt,2,0.6,0,0.944298502867788,1,0.0317437262537251,71.3034479686274,6,0,0,1
80,low_irradiance,voltwatt,3,0.6,0,0.944298502867788,1,0.0317437262537251,71.3034479686274,6,0,0,1
80,low_irradiance,voltwatt,4,0.6,0,0.944298502867788,1,0.0317437262537251,71.3034479686274,6,0,0,1
80,low_irradiance,voltwatt,5,0.610464194115905,0,0.943276652061827,1,0.0323238068079629,73.9281269288822,6,0,0,1
80,low_irradiance,voltwatt,6,0.67568081763371,0,0.936864485298945,1,0.0359618899882495,91.466227903963,13,0,0,1
80,low_irradiance,voltwatt,7,0.744126393163558,0.0725700504575134,0.937052124934942,1,0.0365603287584578,95.9148721843756,14,0,0,1
80,low_irradiance,voltwatt,8,0.790210924609343,0.176531422026769,0.942397107473385,1,0.0345274726930058,88.7505289675653,13,0,0,1
80,low_irradiance,voltwatt,9,0.801515493969863,0.281849498690429,0.950934835416323,1,0.0305533990891845,74.5713023320369,0,0,0,1
80,low_irradiance,voltwatt,10,0.793604441167075,0.370577345917451,0.958166524449855,1,0.0263144069046435,61.6478499125354,0,0,0,1
80,low_irradiance,voltwatt,11,0.787101899349258,0.42942429785188,0.962244333435656,1,0.0234752292727782,54.7378332721339,0,0,0,1
80,low_irradiance,voltwatt,12,0.786286066835735,0.45,0.963540328818222,1,0.022568416891713,52.9479009714139,0,0,0,1
80,low_irradiance,voltwatt,13,0.788425387827532,0.42942429785188,0.962135042621405,1,0.0235465683044066,54.9888096821388,0,0,0,1
80,low_irradiance,voltwatt,14,0.794369066373686,0.370577345917451,0.958102878668241,1,0.0263559738331714,61.8094742528823,0,0,0,1
80,low_irradiance,voltwatt,15,0.809627940215971,0.281849498690429,0.950157057037983,1,0.0310004358301486,76.5705205004945,0,0,0,1
80,low_irradiance,voltwatt,16,0.840403231337678,0.176531422026769,0.937460661470391,1,0.0373382676872727,103.221806752665,15,0,0,1
80,low_irradiance,voltwatt,17,0.884764896719951,0.0725700504575136,0.922963122958084,1,0.0445542939394954,141.884606310448,17,0,0,1
80,low_irradiance,voltwatt,18,0.927103874702081,1.48602858526597e-22,0.911395892047719,1,0.0503779103732077,179.182674633709,18,0,0,1
80,low_irradiance,voltwatt,19,0.946052196170588,0,0.909425098377172,1,0.0514911043069735,187.163288546381,19,0,0,1
80,low_irradiance,voltwatt,20,0.924042669036405,0,0.911713575335099,1,0.0501984363327555,177.912175612085,18,0,0,1
80,low_irradiance,voltwatt,21,0.860583782023169,0,0.918255480891273,1,0.0465006452045954,152.73546855333,17,0,0,1
80,low_irradiance,voltwatt,22,0.779966851082885,0,0.926449456513576,1,0.0418638041128581,123.863739638504,17,0,0,1
80,low_irradiance,voltwatt,23,0.711974371775082,0,0.933262828253068,1,0.0380038788252637,102.123350121383,15,0,0,1
80,low_irradiance,hybrid,0,0.6,0,0.965553242002291,1,0.0223441154585114,51.6499732018463,0,0,754.2940247443,21
80,low_irradiance,hybrid,1,0.6,0,0.965553242002291,1,0.0223441154585114,51.6499732018463,0,0,754.2940247443,21
80,low_irradiance,hybrid,2,0.6,0,0.965553242002291,1,0.0223441154585114,51.6499732018463,0,0,754.2940247443,21
80,low_irradiance,hybrid,3,0.6,0,0.965553242002291,1,0.0223441154585114,51.6499732018463,0,0,754.2940247443,21
80,low_irradiance,hybrid,4,0.6,0,0.965553242002291,1,0.0223441154585114,51.6499732018463,0,0,754.2940247443,21
80,low_irradiance,hybrid,5,0.610464194115905,0,0.96512494479276,1,0.0226278796896044,53.4698604626207,0,0,779.460769990761,21
80,low_irradiance,hybrid,6,0.67568081763371,0,0.96244691173912,1,0.0244032318005059,65.7098376790764,0,0,936.895326500643,20
80,low_irradiance,hybrid,7,0.744126393163558,0.0725700504575134,0.961761953976884,1,0.0247959522140144,64.5677267480472,0,0,956.714339347907,20
80,low_irradiance,hybrid,8,0.790210924609343,0.176531422026769,0.962840733294247,1,0.0239884698019751,54.9534235468592,0,0,858.067523791462,20
80,low_irradiance,hybrid,9,0.801515493969863,0.281849498690429,0.965307966286503,1,0.0222615913795511,43.8162267027218,0,0,675.092830746365,20
80,low_irradiance,hybrid,10,0.793604441167075,0.370577345917451,0.968077381886156,1,0.0203611803660748,37.063947472845,0,0,484.40050107496,21
80,low_irradiance,hybrid,11,0.787101899349258,0.42942429785188,0.970006692906671,1,0.0190380554412368,35.003354087286,0,0,365.319832814818,18
80,low_irradiance,hybrid,12,0.786286066835735,0.45,0.97063310948767,1,0.018606605646919,34.8147449297003,0,0,329.264099019017,18
80,low_irradiance,hybrid,13,0.788425387827532,0.42942429785188,0.969948785256133,1,0.0190757921698832,35.1004439110181,0,0,367.922022445153,18
80,low_irradiance,hybrid,14,0.794369066373686,0.370577345917451,0.968045458998141,1,0.0203819289367542,37.1327438336611,0,0,486.144920996244,21
80,low_irradiance,hybrid,15,0.809627940215971,0.281849498690429,0.964970534456361,1,0.0224817255161771,44.8525047317635,0,0,694.031647917195,20
80,low_irradiance,hybrid,16,0.840403231337678,0.176531422026769,0.960753796032394,1,0.0253541092123619,63.6798789476364,0,0,979.431087468439,20
80,low_irradiance,hybrid,17,0.884764896719951,0.0725700504575136,0.955934660012661,1,0.0286072406111437,94.9819506448026,0,0,1329.78355608492,20
80,low_irradiance,hybrid,18,0.927103874702081,1.48602858526597e-22,0.951995633770017,1,0.0312653727703653,127.211414301153,0,0,1609.13387400658,21
80,low_irradiance,hybrid,19,0.946052196170588,0,0.951196200747356,1,0.0317879604259938,132.832601313139,0,0,1661.71014548904,21
80,low_irradiance,hybrid,20,0.924042669036405,0,0.952124652415367,1,0.0311810469012856,126.316841590812,0,0,1600.65011594043,21
80,low_irradiance,hybrid,21,0.860583782023169,0,0.954790562631536,1,0.0294394510906376,108.614824290191,0,0,1425.36420452307,20
80,low_irradiance,hybrid,22,0.779966851082885,0,0.958149478084291,1,0.0272437653753228,88.3974528791536,0,0,1204.28969890683,20
80,low_irradiance,hybrid,23,0.711974371775082,0,0.960950813398614,1,0.0253963139656084,73.199962347636,0,0,1024.97931925532,20
80,low_irradiance,hybrid_pso,0,0.6,0,0.979186043201074,1,0.0136787502053877,62.3025335098775,0,0,1810.08739472505,23
80,low_irradiance,hybrid_pso,1,0.6,0,0.979186043201074,1,0.0136787502053877,62.3025335098775,0,0,1810.08739472505,23
80,low_irradiance,hybrid_pso,2,0.6,0,0.979186043201074,1,0.0136787502053877,62.3025335098775,0,0,1810.08739472505,23
80,low_irradiance,hybrid_pso,3,0.6,0,0.979186043201074,1,0.0136787502053877,62.3025335098775,0,0,1810.08739472505,23
80,low_irradiance,hybrid_pso,4,0.6,0,0.979186043201074,1,0.0136787502053877,62.3025335098775,0,0,1810.08739472505,23
80,low_irradiance,hybrid_pso,5,0.610464194115905,0,0.978814327293761,1,0.0139248105305611,64.5759663413387,0,0,1842.5413827721,23
80,low_irradiance,hybrid_pso,6,0.67568081763371,0,0.976490368634759,1,0.0154646479065615,79.7392110641803,0,0,2045.53903648051,23
80,low_irradiance,hybrid_pso,7,0.744126393163558,0.0725700504575134,0.975879184401952,1,0.0158064418500745,74.824628174677,0,0,2074.73112629549,23
80,low_irradiance,hybrid_pso,8,0.790210924609343,0.176531422026769,0.976751806299403,1,0.0151337485111945,57.5007501783716,0,0,1949.6240727512,23
80,low_irradiance,hybrid_pso,9,0.801515493969863,0.281849498690429,0.978776516889076,1,0.0136979435170434,37.6800291092735,0,0,1711.65915466908,23
80,low_irradiance,hybrid_pso,10,0.793604441167075,0.370577345917451,0.981030001481221,1,0.0121304176394807,23.8307250239466,0,0,1460.33349587144,23
80,low_irradiance,hybrid_pso,11,0.787101899349258,0.42942429785188,0.982543583162831,1,0.0110796617286994,17.6921639334471,0,0,1292.11816099101,23
80,low_irradiance,hybrid_pso,12,0.786286066835735,0.45,0.983016587800596,1,0.010748987698802,16.2522977534433,0,0,1238.00534565553,23
80,low_irradiance,hybrid_pso,13,0.788425387827532,0.42942429785188,0.982495697748943,1,0.0111108737989136,17.8066662557588,0,0,1295.94360028851,23
80,low_irradiance,hybrid_pso,14,0.794369066373686,0.370577345917451,0.981002503300058,1,0.0121483980860357,23.9180403799493,0,0,1462.58224438547,23
80,low_irradiance,hybrid_pso,15,0.809627940215971,0.281849498690429,0.978486184356913,1,0.0138886841899957,38.968824185903,0,0,1736.07696781489,23
80,low_irradiance,hybrid_pso,16,0.840403231337678,0.176531422026769,0.974956032360305,1,0.0163197901173956,68.2173945576623,0,0,2104.19349459421,23
80,low_irradiance,hybrid_pso,17,0.884764896719951,0.0725700504575136,0.970825775042277,1,0.0191597395169778,112.255852625139,0,0,2515.73802365822,27
80,low_irradiance,hybrid_pso,18,0.927103874702081,1.48602858526597e-22,0.966312421217637,1,0.0218181085675376,153.612165400205,0,0,2801.84536616801,33
80,low_irradiance,hybrid_pso,19,0.946052196170588,0,0.965059763585552,1,0.0224326688917516,159.718967329265,0,0,2844.18487348682,33
80,low_irradiance,hybrid_pso,20,0.924042669036405,0,0.966514478530113,1,0.0217189783954942,152.641166550414,0,0,2795.01499841718,33
80,low_irradiance,hybrid_pso,21,0.860583782023169,0,0.969831640334424,1,0.0198912902483325,132.369169665627,0,0,2628.51018717792,31
80,low_irradiance,hybrid_pso,22,0.779966851082885,0,0.972747755571849,1,0.0179498813278841,107.631200161756,0,0,2373.01288865546,25
80,low_irradiance,hybrid_pso,23,0.711974371775082,0,0.975191509964884,1,0.0163263859136176,88.930617461509,0,0,2159.07971800307,23
