ScenarioGroup,PVPenetrationPercent,IrradianceCondition,ControlStrategy,TimeIndex,Time_h,Bus,LocalVoltage_pu,Pavailable_kW,Poutput_kW,Pcurtailed_kW,Qoutput_kVAr,Qlimit_kVAr,VoltVARActive,VoltWattActive,BothActive
normal,20,clear_sky,hybrid,1,0,6,0.973736865089983,0,0,0,21.3543682303588,136.216666666667,1,0,0
normal,20,clear_sky,hybrid,1,0,14,0.956453109978443,0,0,0,80.0002182601283,136.216666666667,1,0,0
normal,20,clear_sky,hybrid,1,0,18,0.955197075088696,0,0,0,84.367906476027,136.216666666667,1,0,0
normal,20,clear_sky,hybrid,1,0,25,0.982637939517418,0,0,0,0,136.216666666667,0,0,0
normal,20,clear_sky,hybrid,1,0,30,0.959798488739954,0,0,0,68.4882087860004,136.216666666667,1,0,0
normal,20,clear_sky,hybrid,1,0,33,0.957634959500276,0,0,0,75.8651640802942,136.216666666667,1,0,0
normal,20,clear_sky,hybrid,2,1,6,0.973736865089983,0,0,0,21.3543682303588,136.216666666667,1,0,0
normal,20,clear_sky,hybrid,2,1,14,0.956453109978443,0,0,0,80.0002182601283,136.216666666667,1,0,0
normal,20,clear_sky,hybrid,2,1,18,0.955197075088696,0,0,0,84.367906476027,136.216666666667,1,0,0
normal,20,clear_sky,hybrid,2,1,25,0.982637939517418,0,0,0,0,136.216666666667,0,0,0
normal,20,clear_sky,hybrid,2,1,30,0.959798488739954,0,0,0,68.4882087860004,136.216666666667,1,0,0
normal,20,clear_sky,hybrid,2,1,33,0.957634959500276,0,0,0,75.8651640802942,136.216666666667,1,0,0
normal,20,clear_sky,hybrid,3,2,6,0.973736865089983,0,0,0,21.3543682303588,136.216666666667,1,0,0
normal,20,clear_sky,hybrid,3,2,14,0.956453109978443,0,0,0,80.0002182601283,136.216666666667,1,0,0
normal,20,clear_sky,hybrid,3,2,18,0.955197075088696,0,0,0,84.367906476027,136.216666666667,1,0,0
normal,20,clear_sky,hybrid,3,2,25,0.982637939517418,0,0,0,0,136.216666666667,0,0,0
normal,20,clear_sky,hybrid,3,2,30,0.959798488739954,0,0,0,68.4882087860004,136.216666666667,1,0,0
normal,20,clear_sky,hybrid,3,2,33,0.957634959500276,0,0,0,75.8651640802942,136.216666666667,1,0,0
normal,20,clear_sky,hybrid,4,3,6,0.973736865089983,0,0,0,21.3543682303588,136.216666666667,1,0,0
normal,20,clear_sky,hybrid,4,3,14,0.956453109978443,0,0,0,80.0002182601283,136.216666666667,1,0,0
normal,20,clear_sky,hybrid,4,3,18,0.955197075088696,0,0,0,84.367906476027,136.216666666667,1,0,0
normal,20,clear_sky,hybrid,4,3,25,0.982637939517418,0,0,0,0,136.216666666667,0,0,0
normal,20,clear_sky,hybrid,4,3,30,0.959798488739954,0,0,0,68.4882087860004,136.216666666667,1,0,0
normal,20,clear_sky,hybrid,4,3,33,0.957634959500276,0,0,0,75.8651640802942,136.216666666667,1,0,0
normal,20,clear_sky,hybrid,5,4,6,0.973736865089983,0,0,0,21.3543682303588,136.216666666667,1,0,0
normal,20,clear_sky,hybrid,5,4,14,0.956453109978443,0,0,0,80.0002182601283,136.216666666667,1,0,0
normal,20,clear_sky,hybrid,5,4,18,0.955197075088696,0,0,0,84.367906476027,136.216666666667,1,0,0
normal,20,clear_sky,hybrid,5,4,25,0.982637939517418,0,0,0,0,136.216666666667,0,0,0
normal,20,clear_sky,hybrid,5,4,30,0.959798488739954,0,0,0,68.4882087860004,136.216666666667,1,0,0
normal,20,clear_sky,hybrid,5,4,33,0.957634959500276,0,0,0,75.8651640802942,136.216666666667,1,0,0
normal,20,clear_sky,hybrid,6,5,6,0.973305538184831,0,0,0,22.8155229696568,136.216666666667,1,0,0
normal,20,clear_sky,hybrid,6,5,14,0.955768760642123,0,0,0,82.3259732814541,136.216666666667,1,0,0
normal,20,clear_sky,hybrid,6,5,18,0.954508905157154,0,0,0,86.7101930806139,136.216666666667,1,0,0
normal,20,clear_sky,hybrid,6,5,25,0.982337133924506,0,0,0,0,136.216666666667,0,0,0
normal,20,clear_sky,hybrid,6,5,30,0.959142449638378,0,0,0,70.7126703671688,136.216666666667,1,0,0
normal,20,clear_sky,hybrid,6,5,33,0.956951607556008,0,0,0,78.1844166067341,136.216666666667,1,0,0
normal,20,clear_sky,hybrid,7,6,6,0.970606164755278,0,0,0,31.9615867482915,136.216666666667,1,0,0
normal,20,clear_sky,hybrid,7,6,14,0.951485653192338,0,0,0,96.891623735681,136.216666666667,1,0,0
normal,20,clear_sky,hybrid,7,6,18,0.950202668000724,0,0,0,101.352244746569,136.216666666667,1,0,0
normal,20,clear_sky,hybrid,7,6,25,0.980456988260094,0,0,0,0.00584287325878799,136.216666666667,0,0,0
normal,20,clear_sky,hybrid,7,6,30,0.955036850727917,0,0,0,84.6353948747388,136.216666666667,1,0,0
normal,20,clear_sky,hybrid,7,6,33,0.952675534754445,0,0,0,92.6987512755126,136.216666666667,1,0,0
normal,20,clear_sky,hybrid,8,7,6,0.968973949634292,19.9702027740491,19.9702027740491,0,37.1059362756029,134.74483767084,1,0,0
normal,20,clear_sky,hybrid,8,7,14,0.949316976208733,19.9702027740491,19.9702027740491,0,103.194649215458,134.74483767084,1,0,0
normal,20,clear_sky,hybrid,8,7,18,0.94823887170853,19.9702027740491,19.9702027740491,0,106.896627596999,134.74483767084,1,0,0
normal,20,clear_sky,hybrid,8,7,25,0.979206197287419,19.9702027740491,19.9702027740491,0,2.71422728099732,134.74483767084,1,0,0
normal,20,clear_sky,hybrid,8,7,30,0.952495649889763,19.9702027740491,19.9702027740491,0,92.3401016157651,134.74483767084,1,0,0
normal,20,clear_sky,hybrid,8,7,33,0.950081988254972,19.9702027740491,19.9702027740491,0,100.497543725183,134.74483767084,1,0,0
normal,20,clear_sky,hybrid,9,8,6,0.968659864557123,48.5788320614405,48.5788320614405,0,36.0311821432933,127.259881161834,1,0,0
normal,20,clear_sky,hybrid,9,8,14,0.949287910466262,48.5788320614405,48.5788320614405,0,97.5376989519928,127.259881161834,1,0,0
normal,20,clear_sky,hybrid,9,8,18,0.948456688738149,48.5788320614405,48.5788320614405,0,100.258630895428,127.259881161834,1,0,0
normal,20,clear_sky,hybrid,9,8,25,0.978850680368826,48.5788320614405,48.5788320614405,0,3.68543014885136,127.259881161834,1,0,0
normal,20,clear_sky,hybrid,9,8,30,0.951908988862733,48.5788320614405,48.5788320614405,0,89.0541085615669,127.259881161834,1,0,0
normal,20,clear_sky,hybrid,9,8,33,0.94951503763502,48.5788320614405,48.5788320614405,0,96.6950702407106,127.259881161834,1,0,0
normal,20,clear_sky,hybrid,10,9,6,0.969651874405944,77.5608064914772,77.5608064914772,0,28.9217930933461,111.97902292023,1,0,0
normal,20,clear_sky,hybrid,10,9,14,0.951180704229236,77.5608064914772,77.5608064914772,0,80.50075029196,111.97902292023,1,0,0
normal,20,clear_sky,hybrid,10,9,18,0.950538399176265,77.5608064914772,77.5608064914772,0,82.3797608270357,111.97902292023,1,0,0
normal,20,clear_sky,hybrid,10,9,25,0.979439718902732,77.5608064914772,77.5608064914772,0,1.60090477026343,111.97902292023,1,0,0
normal,20,clear_sky,hybrid,10,9,30,0.953281319649617,77.5608064914772,77.5608064914772,0,74.5001336983496,111.97902292023,1,0,0
normal,20,clear_sky,hybrid,10,9,33,0.950951733037148,77.5608064914772,77.5608064914772,0,81.0354828699641,111.97902292023,1,0,0
normal,20,clear_sky,hybrid,11,10,6,0.971072485321897,101.977395561728,101.977395561728,0,20.0973870267184,90.3083112023728,1,0,0
normal,20,clear_sky,hybrid,11,10,14,0.95356456857756,101.977395561728,101.977395561728,0,59.4502136396285,90.3083112023728,1,0,0
normal,20,clear_sky,hybrid,11,10,18,0.95302593001333,101.977395561728,101.977395561728,0,60.7353218757594,90.3083112023728,1,0,0
normal,20,clear_sky,hybrid,11,10,25,0.980408816858427,101.977395561728,101.977395561728,0,0.000968885851438958,90.3083112023728,0,0,0
normal,20,clear_sky,hybrid,11,10,30,0.95530129104414,101.977395561728,101.977395561728,0,55.4270634163375,90.3083112023728,1,0,0
normal,20,clear_sky,hybrid,11,10,33,0.953029190141717,101.977395561728,101.977395561728,0,60.5553635344701,90.3083112023728,1,0,0
normal,20,clear_sky,hybrid,12,11,6,0.971932803049822,118.171204927388,118.171204927388,0,13.5902807653272,67.7535726274795,1,0,0
normal,20,clear_sky,hybrid,12,11,14,0.954872074120196,118.171204927388,118.171204927388,0,42.2753467264681,67.7535726274795,1,0,0
normal,20,clear_sky,hybrid,12,11,18,0.954338279147031,118.171204927388,118.171204927388,0,43.2275327520991,67.7535726274795,1,0,0
normal,20,clear_sky,hybrid,12,11,25,0.981069486344289,118.171204927388,118.171204927388,0,0,67.7535726274795,0,0,0
normal,20,clear_sky,hybrid,12,11,30,0.956488742823633,118.171204927388,118.171204927388,0,39.4646194249524,67.7535726274795,1,0,0
normal,20,clear_sky,hybrid,12,11,33,0.954215984211021,118.171204927388,118.171204927388,0,43.2986623524644,67.7535726274795,1,0,0
normal,20,clear_sky,hybrid,13,12,6,0.972108991796279,123.833333333333,123.833333333333,0,11.1228855024464,56.7475623558698,1,0,0
normal,20,clear_sky,hybrid,13,12,14,0.955060440191196,123.833333333333,123.833333333333,0,35.1106691064245,56.7475623558698,1,0,0
normal,20,clear_sky,hybrid,13,12,18,0.954494973130921,123.833333333333,123.833333333333,0,35.9465402271704,56.7475623558698,1,0,0
normal,20,clear_sky,hybrid,13,12,25,0.981243811466669,123.833333333333,123.833333333333,0,0,56.7475623558698,0,0,0
normal,20,clear_sky,hybrid,13,12,30,0.95670205544865,123.833333333333,123.833333333333,0,32.7314032764232,56.7475623558698,1,0,0
normal,20,clear_sky,hybrid,13,12,33,0.954405319654436,123.833333333333,123.833333333333,0,35.9715049134924,56.7475623558698,1,0,0
normal,20,clear_sky,hybrid,14,13,6,0.971872835867388,118.171204927388,118.171204927388,0,13.6909251579971,67.7535726274795,1,0,0
normal,20,clear_sky,hybrid,14,13,14,0.954771713540471,118.171204927388,118.171204927388,0,42.4442552757591,67.7535726274795,1,0,0
normal,20,clear_sky,hybrid,14,13,18,0.954234838368073,118.171204927388,118.171204927388,0,43.4018331065176,67.7535726274795,1,0,0
normal,20,clear_sky,hybrid,14,13,25,0.981030201708636,118.171204927388,118.171204927388,0,0,67.7535726274795,0,0,0
normal,20,clear_sky,hybrid,14,13,30,0.956396416312383,118.171204927388,118.171204927388,0,39.6196493300076,67.7535726274795,1,0,0
normal,20,clear_sky,hybrid,14,13,33,0.954118592379776,118.171204927388,118.171204927388,0,43.4623009239353,67.7535726274795,1,0,0
normal,20,clear_sky,hybrid,15,14,6,0.971038895134203,101.977395561728,101.977395561728,0,20.1727419759052,90.3083112023728,1,0,0
normal,20,clear_sky,hybrid,15,14,14,0.953509421656269,101.977395561728,101.977395561728,0,59.5742680438386,90.3083112023728,1,0,0
normal,20,clear_sky,hybrid,15,14,18,0.952969577038139,101.977395561728,101.977395561728,0,60.8622421475819,90.3083112023728,1,0,0
normal,20,clear_sky,hybrid,15,14,25,0.98038633541579,101.977395561728,101.977395561728,0,0.00131317701807407,90.3083112023728,0,0,0
normal,20,clear_sky,hybrid,15,14,30,0.955249744306866,101.977395561728,101.977395561728,0,55.5427724358754,90.3083112023728,1,0,0
normal,20,clear_sky,hybrid,15,14,33,0.952975046055033,101.977395561728,101.977395561728,0,60.676985693359,90.3083112023728,1,0,0
normal,20,clear_sky,hybrid,16,15,6,0.96930547638687,77.5608064914772,77.5608064914772,0,29.8876465373822,111.97902292023,1,0,0
normal,20,clear_sky,hybrid,16,15,14,0.950620878770229,77.5608064914772,77.5608064914772,0,82.066424666907,111.97902292023,1,0,0
normal,20,clear_sky,hybrid,16,15,18,0.949970893299899,77.5608064914772,77.5608064914772,0,83.9644425271852,111.97902292023,1,0,0
normal,20,clear_sky,hybrid,16,15,25,0.979210926199948,77.5608064914772,77.5608064914772,0,2.23736630058652,111.97902292023,1,0,0
normal,20,clear_sky,hybrid,16,15,30,0.952751000980545,77.5608064914772,77.5608064914772,0,75.9794975535478,111.97902292023,1,0,0
normal,20,clear_sky,hybrid,16,15,33,0.950396919949043,77.5608064914772,77.5608064914772,0,82.5841720698895,111.97902292023,1,0,0
normal,20,clear_sky,hybrid,17,16,6,0.966546841738508,48.5788320614405,48.5788320614405,0,42.7417289757572,127.259881161834,1,0,0
normal,20,clear_sky,hybrid,17,16,14,0.945909445801888,48.5788320614405,48.5788320614405,0,108.258428775879,127.259881161834,1,0,0
normal,20,clear_sky,hybrid,17,16,18,0.945051120127923,48.5788320614405,48.5788320614405,0,111.041677947246,127.259881161834,1,0,0
normal,20,clear_sky,hybrid,17,16,25,0.977445278299744,48.5788320614405,48.5788320614405,0,8.1321074235433,127.259881161834,1,0,0
normal,20,clear_sky,hybrid,17,16,30,0.948683184114454,48.5788320614405,48.5788320614405,0,99.2994425511278,127.259881161834,1,0,0
normal,20,clear_sky,hybrid,17,16,33,0.94615010428611,48.5788320614405,48.5788320614405,0,107.36493920239,127.259881161834,1,0,0
normal,20,clear_sky,hybrid,18,17,6,0.963046516668168,19.9702027740491,19.9702027740491,0,57.1713708687642,134.74483767084,1,0,0
normal,20,clear_sky,hybrid,18,17,14,0.939746640143322,19.9702027740491,19.9702027740491,0,134.4190446442,134.74483767084,1,0,0
normal,20,clear_sky,hybrid,18,17,18,0.938528409697492,19.9702027740491,19.9702027740491,0,134.4190446442,134.74483767084,1,0,0
normal,20,clear_sky,hybrid,18,17,25,0.975269943690846,19.9702027740491,19.9702027740491,0,15.9423918724731,134.74483767084,1,0,0
normal,20,clear_sky,hybrid,18,17,30,0.943488682576929,19.9702027740491,19.9702027740491,0,122.977026441111,134.74483767084,1,0,0
normal,20,clear_sky,hybrid,18,17,33,0.940705492305268,19.9702027740491,19.9702027740491,0,132.262402218164,134.74483767084,1,0,0
normal,20,clear_sky,hybrid,19,18,6,0.959529680353327,4.08933051426895e-20,4.08933051426895e-20,0,69.798513735454,136.216666666667,1,0,0
normal,20,clear_sky,hybrid,19,18,14,0.932712576910148,4.08933051426895e-20,4.08933051426895e-20,0,135.887314975876,136.216666666667,1,0,0
normal,20,clear_sky,hybrid,19,18,18,0.930840579286828,4.08933051426895e-20,4.08933051426895e-20,0,135.887314975876,136.216666666667,1,0,0
normal,20,clear_sky,hybrid,19,18,25,0.973299558412023,4.08933051426895e-20,4.08933051426895e-20,0,22.8252799082392,136.216666666667,1,0,0
normal,20,clear_sky,hybrid,19,18,30,0.938181746349377,4.08933051426895e-20,4.08933051426895e-20,0,135.887314975876,136.216666666667,1,0,0
normal,20,clear_sky,hybrid,19,18,33,0.934986453637989,4.08933051426895e-20,4.08933051426895e-20,0,135.887314975876,136.216666666667,1,0,0
normal,20,clear_sky,hybrid,20,19,6,0.958561750951359,0,0,0,73.0891080827857,136.216666666667,1,0,0
normal,20,clear_sky,hybrid,20,19,14,0.930947563003548,0,0,0,135.887314975876,136.216666666667,1,0,0
normal,20,clear_sky,hybrid,20,19,18,0.928970762836815,0,0,0,135.887314975876,136.216666666667,1,0,0
normal,20,clear_sky,hybrid,20,19,25,0.972730396821181,0,0,0,24.7603748566512,136.216666666667,1,0,0
normal,20,clear_sky,hybrid,20,19,30,0.936662400978212,0,0,0,135.887314975876,136.216666666667,1,0,0
normal,20,clear_sky,hybrid,20,19,33,0.933361715841501,0,0,0,135.887314975876,136.216666666667,1,0,0
normal,20,clear_sky,hybrid,21,20,6,0.959685775675998,0,0,0,69.267849705216,136.216666666667,1,0,0
normal,20,clear_sky,hybrid,21,20,14,0.932997153344121,0,0,0,135.887314975876,136.216666666667,1,0,0
normal,20,clear_sky,hybrid,21,20,18,0.931142046443725,0,0,0,135.887314975876,136.216666666667,1,0,0
normal,20,clear_sky,hybrid,21,20,25,0.973391407711628,0,0,0,22.5130015404923,136.216666666667,1,0,0
normal,20,clear_sky,hybrid,21,20,30,0.938426743851333,0,0,0,135.887314975876,136.216666666667,1,0,0
normal,20,clear_sky,hybrid,21,20,33,0.935248441860146,0,0,0,135.887314975876,136.216666666667,1,0,0
normal,20,clear_sky,hybrid,22,21,6,0.962795621872841,0,0,0,58.6550909619318,136.216666666667,1,0,0
normal,20,clear_sky,hybrid,22,21,14,0.938749506670109,0,0,0,135.887314975876,136.216666666667,1,0,0
normal,20,clear_sky,hybrid,22,21,18,0.937241855119682,0,0,0,135.887314975876,136.216666666667,1,0,0
normal,20,clear_sky,hybrid,22,21,25,0.975266032905141,0,0,0,16.1311531652875,136.216666666667,1,0,0
normal,20,clear_sky,hybrid,22,21,30,0.943198393039999,0,0,0,125.316160791291,136.216666666667,1,0,0
normal,20,clear_sky,hybrid,22,21,33,0.9403566137764,0,0,0,134.860331754605,136.216666666667,1,0,0
normal,20,clear_sky,hybrid,23,22,6,0.966265565098165,0,0,0,46.7340800636719,136.216666666667,1,0,0
normal,20,clear_sky,hybrid,23,22,14,0.944584724376444,0,0,0,120.401837278284,136.216666666667,1,0,0
normal,20,clear_sky,hybrid,23,22,18,0.943266170845113,0,0,0,124.876485660429,136.216666666667,1,0,0
normal,20,clear_sky,hybrid,23,22,25,0.977539472249778,0,0,0,8.39296665072462,136.216666666667,1,0,0
normal,20,clear_sky,hybrid,23,22,30,0.948428540744083,0,0,0,107.194547757096,136.216666666667,1,0,0
normal,20,clear_sky,hybrid,23,22,33,0.945794161194839,0,0,0,116.158240103479,136.216666666667,1,0,0
normal,20,clear_sky,hybrid,24,23,6,0.969101095019082,0,0,0,37.0831482566007,136.216666666667,1,0,0
normal,20,clear_sky,hybrid,24,23,14,0.94909570618371,0,0,0,105.078626624455,136.216666666667,1,0,0
normal,20,clear_sky,hybrid,24,23,18,0.947800723412628,0,0,0,109.549619061209,136.216666666667,1,0,0
normal,20,clear_sky,hybrid,24,23,25,0.979432456081587,0,0,0,1.97927520841503,136.216666666667,1,0,0
normal,20,clear_sky,hybrid,24,23,30,0.952746954892614,0,0,0,92.500587480522,136.216666666667,1,0,0
normal,20,clear_sky,hybrid,24,23,33,0.950291416067369,0,0,0,100.888236032727,136.216666666667,1,0,0
normal,20,clear_sky,hybrid_pso,1,0,6,0.976769404048746,0,0,0,105.561943006998,136.216666666667,1,0,0
normal,20,clear_sky,hybrid_pso,1,0,14,0.963264107538231,0,0,0,135.887314975876,136.216666666667,1,0,0
normal,20,clear_sky,hybrid_pso,1,0,18,0.963137196978829,0,0,0,135.887314975876,136.216666666667,1,0,0
normal,20,clear_sky,hybrid_pso,1,0,25,0.984190162062112,0,0,0,71.7230640564165,136.216666666667,1,0,0
normal,20,clear_sky,hybrid_pso,1,0,30,0.964663496743435,0,0,0,135.887314975876,136.216666666667,1,0,0
normal,20,clear_sky,hybrid_pso,1,0,33,0.963231894233248,0,0,0,135.887314975876,136.216666666667,1,0,0
normal,20,clear_sky,hybrid_pso,2,1,6,0.976769404048746,0,0,0,105.561943006998,136.216666666667,1,0,0
normal,20,clear_sky,hybrid_pso,2,1,14,0.963264107538231,0,0,0,135.887314975876,136.216666666667,1,0,0
normal,20,clear_sky,hybrid_pso,2,1,18,0.963137196978829,0,0,0,135.887314975876,136.216666666667,1,0,0
normal,20,clear_sky,hybrid_pso,2,1,25,0.984190162062112,0,0,0,71.7230640564165,136.216666666667,1,0,0
normal,20,clear_sky,hybrid_pso,2,1,30,0.964663496743435,0,0,0,135.887314975876,136.216666666667,1,0,0
normal,20,clear_sky,hybrid_pso,2,1,33,0.963231894233248,0,0,0,135.887314975876,136.216666666667,1,0,0
normal,20,clear_sky,hybrid_pso,3,2,6,0.976769404048746,0,0,0,105.561943006998,136.216666666667,1,0,0
normal,20,clear_sky,hybrid_pso,3,2,14,0.963264107538231,0,0,0,135.887314975876,136.216666666667,1,0,0
normal,20,clear_sky,hybrid_pso,3,2,18,0.963137196978829,0,0,0,135.887314975876,136.216666666667,1,0,0
normal,20,clear_sky,hybrid_pso,3,2,25,0.984190162062112,0,0,0,71.7230640564165,136.216666666667,1,0,0
normal,20,clear_sky,hybrid_pso,3,2,30,0.964663496743435,0,0,0,135.887314975876,136.216666666667,1,0,0
normal,20,clear_sky,hybrid_pso,3,2,33,0.963231894233248,0,0,0,135.887314975876,136.216666666667,1,0,0
normal,20,clear_sky,hybrid_pso,4,3,6,0.976769404048746,0,0,0,105.561943006998,136.216666666667,1,0,0
normal,20,clear_sky,hybrid_pso,4,3,14,0.963264107538231,0,0,0,135.887314975876,136.216666666667,1,0,0
normal,20,clear_sky,hybrid_pso,4,3,18,0.963137196978829,0,0,0,135.887314975876,136.216666666667,1,0,0
normal,20,clear_sky,hybrid_pso,4,3,25,0.984190162062112,0,0,0,71.7230640564165,136.216666666667,1,0,0
normal,20,clear_sky,hybrid_pso,4,3,30,0.964663496743435,0,0,0,135.887314975876,136.216666666667,1,0,0
normal,20,clear_sky,hybrid_pso,4,3,33,0.963231894233248,0,0,0,135.887314975876,136.216666666667,1,0,0
normal,20,clear_sky,hybrid_pso,5,4,6,0.976769404048746,0,0,0,105.561943006998,136.216666666667,1,0,0
normal,20,clear_sky,hybrid_pso,5,4,14,0.963264107538231,0,0,0,135.887314975876,136.216666666667,1,0,0
normal,20,clear_sky,hybrid_pso,5,4,18,0.963137196978829,0,0,0,135.887314975876,136.216666666667,1,0,0
normal,20,clear_sky,hybrid_pso,5,4,25,0.984190162062112,0,0,0,71.7230640564165,136.216666666667,1,0,0
normal,20,clear_sky,hybrid_pso,5,4,30,0.964663496743435,0,0,0,135.887314975876,136.216666666667,1,0,0
normal,20,clear_sky,hybrid_pso,5,4,33,0.963231894233248,0,0,0,135.887314975876,136.216666666667,1,0,0
normal,20,clear_sky,hybrid_pso,6,5,6,0.976267858349763,0,0,0,107.835545162381,136.216666666667,1,0,0
normal,20,clear_sky,hybrid_pso,6,5,14,0.962350432956092,0,0,0,135.887314975876,136.216666666667,1,0,0
normal,20,clear_sky,hybrid_pso,6,5,18,0.962169523193812,0,0,0,135.887314975876,136.216666666667,1,0,0
normal,20,clear_sky,hybrid_pso,6,5,25,0.983891492386772,0,0,0,73.0772069353668,136.216666666667,1,0,0
normal,20,clear_sky,hybrid_pso,6,5,30,0.963875090232023,0,0,0,135.887314975876,136.216666666667,1,0,0
normal,20,clear_sky,hybrid_pso,6,5,33,0.962388761507966,0,0,0,135.887314975876,136.216666666667,1,0,0
normal,20,clear_sky,hybrid_pso,7,6,6,0.973124860078349,0,0,0,122.067993305219,136.216666666667,1,0,0
normal,20,clear_sky,hybrid_pso,7,6,14,0.956620982435883,0,0,0,135.887314975876,136.216666666667,1,0,0
normal,20,clear_sky,hybrid_pso,7,6,18,0.956101047139235,0,0,0,135.887314975876,136.216666666667,1,0,0
normal,20,clear_sky,hybrid_pso,7,6,25,0.982023761971853,0,0,0,81.5460925545432,136.216666666667,1,0,0
normal,20,clear_sky,hybrid_pso,7,6,30,0.958932969968999,0,0,0,135.887314975876,136.216666666667,1,0,0
normal,20,clear_sky,hybrid_pso,7,6,33,0.957103338700082,0,0,0,135.887314975876,136.216666666667,1,0,0
normal,20,clear_sky,hybrid_pso,8,7,6,0.971226203291267,19.9702027740491,19.9702027740491,0,129.219253887239,134.74483767084,1,0,0
normal,20,clear_sky,hybrid_pso,8,7,14,0.953674375832857,19.9702027740491,19.9702027740491,0,134.4190446442,134.74483767084,1,0,0
normal,20,clear_sky,hybrid_pso,8,7,18,0.953205628615316,19.9702027740491,19.9702027740491,0,134.4190446442,134.74483767084,1,0,0
normal,20,clear_sky,hybrid_pso,8,7,25,0.980745216339273,19.9702027740491,19.9702027740491,0,86.4000999814172,134.74483767084,1,0,0
normal,20,clear_sky,hybrid_pso,8,7,30,0.955868377279471,19.9702027740491,19.9702027740491,0,134.4190446442,134.74483767084,1,0,0
normal,20,clear_sky,hybrid_pso,8,7,33,0.953874712251316,19.9702027740491,19.9702027740491,0,134.4190446442,134.74483767084,1,0,0
normal,20,clear_sky,hybrid_pso,9,8,6,0.970778051307865,48.5788320614405,48.5788320614405,0,123.877803915078,127.259881161834,1,0,0
normal,20,clear_sky,hybrid_pso,9,8,14,0.953415447267367,48.5788320614405,48.5788320614405,0,126.87526177149,127.259881161834,1,0,0
normal,20,clear_sky,hybrid_pso,9,8,18,0.95317261447953,48.5788320614405,48.5788320614405,0,126.87526177149,127.259881161834,1,0,0
normal,20,clear_sky,hybrid_pso,9,8,25,0.980313360975917,48.5788320614405,48.5788320614405,0,83.399348725239,127.259881161834,1,0,0
normal,20,clear_sky,hybrid_pso,9,8,30,0.955035296061004,48.5788320614405,48.5788320614405,0,126.87526177149,127.259881161834,1,0,0
normal,20,clear_sky,hybrid_pso,9,8,33,0.953015689695854,48.5788320614405,48.5788320614405,0,126.87526177149,127.259881161834,1,0,0
normal,20,clear_sky,hybrid_pso,10,9,6,0.971697402910524,77.5608064914772,77.5608064914772,0,105.594260292763,111.97902292023,1,0,0
normal,20,clear_sky,hybrid_pso,10,9,14,0.955392182749335,77.5608064914772,77.5608064914772,0,111.640587090071,111.97902292023,1,0,0
normal,20,clear_sky,hybrid_pso,10,9,18,0.955394609422625,77.5608064914772,77.5608064914772,0,111.640587090071,111.97902292023,1,0,0
normal,20,clear_sky,hybrid_pso,10,9,25,0.980767380298709,77.5608064914772,77.5608064914772,0,71.6805625415939,111.97902292023,1,0,0
normal,20,clear_sky,hybrid_pso,10,9,30,0.956329724062325,77.5608064914772,77.5608064914772,0,111.640587090071,111.97902292023,1,0,0
normal,20,clear_sky,hybrid_pso,10,9,33,0.954378833834852,77.5608064914772,77.5608064914772,0,111.640587090071,111.97902292023,1,0,0
normal,20,clear_sky,hybrid_pso,11,10,6,0.972915951609314,101.977395561728,101.977395561728,0,81.4548084307781,90.3083112023728,1,0,0
normal,20,clear_sky,hybrid_pso,11,10,14,0.957550081978851,101.977395561728,101.977395561728,0,89.9671360488155,90.3083112023728,1,0,0
normal,20,clear_sky,hybrid_pso,11,10,18,0.957654052421257,101.977395561728,101.977395561728,0,89.9671360488155,90.3083112023728,1,0,0
normal,20,clear_sky,hybrid_pso,11,10,25,0.98151091116604,101.977395561728,101.977395561728,0,55.5329731562382,90.3083112023728,1,0,0
normal,20,clear_sky,hybrid_pso,11,10,30,0.958088637940782,101.977395561728,101.977395561728,0,89.9671360488155,90.3083112023728,1,0,0
normal,20,clear_sky,hybrid_pso,11,10,33,0.956179420940246,101.977395561728,101.977395561728,0,89.9671360488155,90.3083112023728,1,0,0
normal,20,clear_sky,hybrid_pso,12,11,6,0.973403604732626,118.171204927388,118.171204927388,0,59.9062186665312,67.7535726274795,1,0,0
normal,20,clear_sky,hybrid_pso,12,11,14,0.958111592308319,118.171204927388,118.171204927388,0,67.3536261268911,67.7535726274795,1,0,0
normal,20,clear_sky,hybrid_pso,12,11,18,0.958108314897511,118.171204927388,118.171204927388,0,67.3536261268911,67.7535726274795,1,0,0
normal,20,clear_sky,hybrid_pso,12,11,25,0.981904508042464,118.171204927388,118.171204927388,0,40.6975194429281,67.7535726274795,1,0,0
normal,20,clear_sky,hybrid_pso,12,11,30,0.958725993075062,118.171204927388,118.171204927388,0,67.3536261268911,67.7535726274795,1,0,0
normal,20,clear_sky,hybrid_pso,12,11,33,0.956749862795195,118.171204927388,118.171204927388,0,67.3536261268911,67.7535726274795,1,0,0
normal,20,clear_sky,hybrid_pso,13,12,6,0.973358627966645,123.833333333333,123.833333333333,0,50.2347214377883,56.7475623558698,1,0,0
normal,20,clear_sky,hybrid_pso,13,12,14,0.957814818104652,123.833333333333,123.833333333333,0,56.4125838728025,56.7475623558698,1,0,0
normal,20,clear_sky,hybrid_pso,13,12,18,0.957699840810268,123.833333333333,123.833333333333,0,56.4125838728025,56.7475623558698,1,0,0
normal,20,clear_sky,hybrid_pso,13,12,25,0.981946438297593,123.833333333333,123.833333333333,0,33.9988791606016,56.7475623558698,1,0,0
normal,20,clear_sky,hybrid_pso,13,12,30,0.95860331649007,123.833333333333,123.833333333333,0,56.4125838728025,56.7475623558698,1,0,0
normal,20,clear_sky,hybrid_pso,13,12,33,0.956558787886399,123.833333333333,123.833333333333,0,56.4125838728025,56.7475623558698,1,0,0
normal,20,clear_sky,hybrid_pso,14,13,6,0.973338181317149,118.171204927388,118.171204927388,0,60.0532363130175,67.7535726274795,1,0,0
normal,20,clear_sky,hybrid_pso,14,13,14,0.957993822923315,118.171204927388,118.171204927388,0,67.3536261268911,67.7535726274795,1,0,0
normal,20,clear_sky,hybrid_pso,14,13,18,0.957983713377389,118.171204927388,118.171204927388,0,67.3536261268911,67.7535726274795,1,0,0
normal,20,clear_sky,hybrid_pso,14,13,25,0.981865159556825,118.171204927388,118.171204927388,0,40.7859594820363,67.7535726274795,1,0,0
normal,20,clear_sky,hybrid_pso,14,13,30,0.958623732772993,118.171204927388,118.171204927388,0,67.3536261268911,67.7535726274795,1,0,0
normal,20,clear_sky,hybrid_pso,14,13,33,0.95664057765328,118.171204927388,118.171204927388,0,67.3536261268911,67.7535726274795,1,0,0
normal,20,clear_sky,hybrid_pso,15,14,6,0.972878386425108,101.977395561728,101.977395561728,0,81.5673371043004,90.3083112023728,1,0,0
normal,20,clear_sky,hybrid_pso,15,14,14,0.957482230089715,101.977395561728,101.977395561728,0,89.9671360488155,90.3083112023728,1,0,0
normal,20,clear_sky,hybrid_pso,15,14,18,0.957582258328154,101.977395561728,101.977395561728,0,89.9671360488155,90.3083112023728,1,0,0
normal,20,clear_sky,hybrid_pso,15,14,25,0.981488421150757,101.977395561728,101.977395561728,0,55.6004924713252,90.3083112023728,1,0,0
normal,20,clear_sky,hybrid_pso,15,14,30,0.958029777081729,101.977395561728,101.977395561728,0,89.9671360488155,90.3083112023728,1,0,0
normal,20,clear_sky,hybrid_pso,15,14,33,0.956116503560983,101.977395561728,101.977395561728,0,89.9671360488155,90.3083112023728,1,0,0
normal,20,clear_sky,hybrid_pso,16,15,6,0.971299889320563,77.5608064914772,77.5608064914772,0,107.063130774949,111.97902292023,1,0,0
normal,20,clear_sky,hybrid_pso,16,15,14,0.954671343505154,77.5608064914772,77.5608064914772,0,111.640587090071,111.97902292023,1,0,0
normal,20,clear_sky,hybrid_pso,16,15,18,0.954631716588186,77.5608064914772,77.5608064914772,0,111.640587090071,111.97902292023,1,0,0
normal,20,clear_sky,hybrid_pso,16,15,25,0.980530754394883,77.5608064914772,77.5608064914772,0,72.5623981627217,111.97902292023,1,0,0
normal,20,clear_sky,hybrid_pso,16,15,30,0.955705414390463,77.5608064914772,77.5608064914772,0,111.640587090071,111.97902292023,1,0,0
normal,20,clear_sky,hybrid_pso,16,15,33,0.953711340758251,77.5608064914772,77.5608064914772,0,111.640587090071,111.97902292023,1,0,0
normal,20,clear_sky,hybrid_pso,17,16,6,0.96824843011805,48.5788320614405,48.5788320614405,0,126.87526177149,127.259881161834,1,0,0
normal,20,clear_sky,hybrid_pso,17,16,14,0.948864562656612,48.5788320614405,48.5788320614405,0,126.87526177149,127.259881161834,1,0,0
normal,20,clear_sky,hybrid_pso,17,16,18,0.948358469522663,48.5788320614405,48.5788320614405,0,126.87526177149,127.259881161834,1,0,0
normal,20,clear_sky,hybrid_pso,17,16,25,0.978841354756436,48.5788320614405,48.5788320614405,0,89.6355687933331,127.259881161834,1,0,0
normal,20,clear_sky,hybrid_pso,17,16,30,0.951092967420455,48.5788320614405,48.5788320614405,0,126.87526177149,127.259881161834,1,0,0
normal,20,clear_sky,hybrid_pso,17,16,33,0.948804289661861,48.5788320614405,48.5788320614405,0,126.87526177149,127.259881161834,1,0,0
normal,20,clear_sky,hybrid_pso,18,17,6,0.964066940357186,19.9702027740491,19.9702027740491,0,134.4190446442,134.74483767084,1,0,0
normal,20,clear_sky,hybrid_pso,18,17,14,0.940793254025503,19.9702027740491,19.9702027740491,0,134.4190446442,134.74483767084,1,0,0
normal,20,clear_sky,hybrid_pso,18,17,18,0.939576403576393,19.9702027740491,19.9702027740491,0,134.4190446442,134.74483767084,1,0,0
normal,20,clear_sky,hybrid_pso,18,17,25,0.976612724224774,19.9702027740491,19.9702027740491,0,104.937822782995,134.74483767084,1,0,0
normal,20,clear_sky,hybrid_pso,18,17,30,0.944727158316575,19.9702027740491,19.9702027740491,0,134.4190446442,134.74483767084,1,0,0
normal,20,clear_sky,hybrid_pso,18,17,33,0.941974130561584,19.9702027740491,19.9702027740491,0,134.4190446442,134.74483767084,1,0,0
normal,20,clear_sky,hybrid_pso,19,18,6,0.960327110596782,4.08933051426895e-20,4.08933051426895e-20,0,135.887314975876,136.216666666667,1,0,0
normal,20,clear_sky,hybrid_pso,19,18,14,0.933533867982638,4.08933051426895e-20,4.08933051426895e-20,0,135.887314975876,136.216666666667,1,0,0
normal,20,clear_sky,hybrid_pso,19,18,18,0.931663544999209,4.08933051426895e-20,4.08933051426895e-20,0,135.887314975876,136.216666666667,1,0,0
normal,20,clear_sky,hybrid_pso,19,18,25,0.974636549816366,4.08933051426895e-20,4.08933051426895e-20,0,115.043980716244,136.216666666667,1,0,0
normal,20,clear_sky,hybrid_pso,19,18,30,0.938997767780229,4.08933051426895e-20,4.08933051426895e-20,0,135.887314975876,136.216666666667,1,0,0
normal,20,clear_sky,hybrid_pso,19,18,33,0.935805278918195,4.08933051426895e-20,4.08933051426895e-20,0,135.887314975876,136.216666666667,1,0,0
normal,20,clear_sky,hybrid_pso,20,19,6,0.959331557641199,0,0,0,135.887314975876,136.216666666667,1,0,0
normal,20,clear_sky,hybrid_pso,20,19,14,0.931741148473974,0,0,0,135.887314975876,136.216666666667,1,0,0
normal,20,clear_sky,hybrid_pso,20,19,18,0.929766059897417,0,0,0,135.887314975876,136.216666666667,1,0,0
normal,20,clear_sky,hybrid_pso,20,19,25,0.974070273691936,0,0,0,117.611178755986,136.216666666667,1,0,0
normal,20,clear_sky,hybrid_pso,20,19,30,0.937450661497186,0,0,0,135.887314975876,136.216666666667,1,0,0
normal,20,clear_sky,hybrid_pso,20,19,33,0.934152779307663,0,0,0,135.887314975876,136.216666666667,1,0,0
normal,20,clear_sky,hybrid_pso,21,20,6,0.960487649653802,0,0,0,135.887314975876,136.216666666667,1,0,0
normal,20,clear_sky,hybrid_pso,21,20,14,0.933822896511661,0,0,0,135.887314975876,136.216666666667,1,0,0
normal,20,clear_sky,hybrid_pso,21,20,18,0.931969457697927,0,0,0,135.887314975876,136.216666666667,1,0,0
normal,20,clear_sky,hybrid_pso,21,20,25,0.974727930972658,0,0,0,114.6297071394,136.216666666667,1,0,0
normal,20,clear_sky,hybrid_pso,21,20,30,0.939247227762296,0,0,0,135.887314975876,136.216666666667,1,0,0
normal,20,clear_sky,hybrid_pso,21,20,33,0.936071729133169,0,0,0,135.887314975876,136.216666666667,1,0,0
normal,20,clear_sky,hybrid_pso,22,21,6,0.963797241207412,0,0,0,135.887314975876,136.216666666667,1,0,0
normal,20,clear_sky,hybrid_pso,22,21,14,0.939777770050794,0,0,0,135.887314975876,136.216666666667,1,0,0
normal,20,clear_sky,hybrid_pso,22,21,18,0.938271798253873,0,0,0,135.887314975876,136.216666666667,1,0,0
normal,20,clear_sky,hybrid_pso,22,21,25,0.976615839615275,0,0,0,106.070964529986,136.216666666667,1,0,0
normal,20,clear_sky,hybrid_pso,22,21,30,0.944388706162819,0,0,0,135.887314975876,136.216666666667,1,0,0
normal,20,clear_sky,hybrid_pso,22,21,33,0.941563155954068,0,0,0,135.887314975876,136.216666666667,1,0,0
normal,20,clear_sky,hybrid_pso,23,22,6,0.967952377686548,0,0,0,135.887314975876,136.216666666667,1,0,0
normal,20,clear_sky,hybrid_pso,23,22,14,0.94724445661274,0,0,0,135.887314975876,136.216666666667,1,0,0
normal,20,clear_sky,hybrid_pso,23,22,18,0.946173107408937,0,0,0,135.887314975876,136.216666666667,1,0,0
normal,20,clear_sky,hybrid_pso,23,22,25,0.978996898033176,0,0,0,95.2766348688489,136.216666666667,1,0,0
normal,20,clear_sky,hybrid_pso,23,22,30,0.950840356182528,0,0,0,135.887314975876,136.216666666667,1,0,0
normal,20,clear_sky,hybrid_pso,23,22,33,0.948453320224655,0,0,0,135.887314975876,136.216666666667,1,0,0
normal,20,clear_sky,hybrid_pso,24,23,6,0.971362554188863,0,0,0,130.019509803717,136.216666666667,1,0,0
normal,20,clear_sky,hybrid_pso,24,23,14,0.953405655238608,0,0,0,135.887314975876,136.216666666667,1,0,0
normal,20,clear_sky,hybrid_pso,24,23,18,0.952695158156456,0,0,0,135.887314975876,136.216666666667,1,0,0
normal,20,clear_sky,hybrid_pso,24,23,25,0.980979551835219,0,0,0,86.2820859029076,136.216666666667,1,0,0
normal,20,clear_sky,hybrid_pso,24,23,30,0.956160846466259,0,0,0,135.887314975876,136.216666666667,1,0,0
normal,20,clear_sky,hybrid_pso,24,23,33,0.954138469604092,0,0,0,135.887314975876,136.216666666667,1,0,0
normal,20,partial_cloud,hybrid,1,0,6,0.973736865089983,0,0,0,21.3543682303588,136.216666666667,1,0,0
normal,20,partial_cloud,hybrid,1,0,14,0.956453109978443,0,0,0,80.0002182601283,136.216666666667,1,0,0
normal,20,partial_cloud,hybrid,1,0,18,0.955197075088696,0,0,0,84.367906476027,136.216666666667,1,0,0
normal,20,partial_cloud,hybrid,1,0,25,0.982637939517418,0,0,0,0,136.216666666667,0,0,0
normal,20,partial_cloud,hybrid,1,0,30,0.959798488739954,0,0,0,68.4882087860004,136.216666666667,1,0,0
normal,20,partial_cloud,hybrid,1,0,33,0.957634959500276,0,0,0,75.8651640802942,136.216666666667,1,0,0
normal,20,partial_cloud,hybrid,2,1,6,0.973736865089983,0,0,0,21.3543682303588,136.216666666667,1,0,0
normal,20,partial_cloud,hybrid,2,1,14,0.956453109978443,0,0,0,80.0002182601283,136.216666666667,1,0,0
normal,20,partial_cloud,hybrid,2,1,18,0.955197075088696,0,0,0,84.367906476027,136.216666666667,1,0,0
normal,20,partial_cloud,hybrid,2,1,25,0.982637939517418,0,0,0,0,136.216666666667,0,0,0
normal,20,partial_cloud,hybrid,2,1,30,0.959798488739954,0,0,0,68.4882087860004,136.216666666667,1,0,0
normal,20,partial_cloud,hybrid,2,1,33,0.957634959500276,0,0,0,75.8651640802942,136.216666666667,1,0,0
normal,20,partial_cloud,hybrid,3,2,6,0.973736865089983,0,0,0,21.3543682303588,136.216666666667,1,0,0
normal,20,partial_cloud,hybrid,3,2,14,0.956453109978443,0,0,0,80.0002182601283,136.216666666667,1,0,0
normal,20,partial_cloud,hybrid,3,2,18,0.955197075088696,0,0,0,84.367906476027,136.216666666667,1,0,0
normal,20,partial_cloud,hybrid,3,2,25,0.982637939517418,0,0,0,0,136.216666666667,0,0,0
normal,20,partial_cloud,hybrid,3,2,30,0.959798488739954,0,0,0,68.4882087860004,136.216666666667,1,0,0
normal,20,partial_cloud,hybrid,3,2,33,0.957634959500276,0,0,0,75.8651640802942,136.216666666667,1,0,0
normal,20,partial_cloud,hybrid,4,3,6,0.973736865089983,0,0,0,21.3543682303588,136.216666666667,1,0,0
normal,20,partial_cloud,hybrid,4,3,14,0.956453109978443,0,0,0,80.0002182601283,136.216666666667,1,0,0
normal,20,partial_cloud,hybrid,4,3,18,0.955197075088696,0,0,0,84.367906476027,136.216666666667,1,0,0
normal,20,partial_cloud,hybrid,4,3,25,0.982637939517418,0,0,0,0,136.216666666667,0,0,0
normal,20,partial_cloud,hybrid,4,3,30,0.959798488739954,0,0,0,68.4882087860004,136.216666666667,1,0,0
normal,20,partial_cloud,hybrid,4,3,33,0.957634959500276,0,0,0,75.8651640802942,136.216666666667,1,0,0
normal,20,partial_cloud,hybrid,5,4,6,0.973736865089983,0,0,0,21.3543682303588,136.216666666667,1,0,0
normal,20,partial_cloud,hybrid,5,4,14,0.956453109978443,0,0,0,80.0002182601283,136.216666666667,1,0,0
normal,20,partial_cloud,hybrid,5,4,18,0.955197075088696,0,0,0,84.367906476027,136.216666666667,1,0,0
normal,20,partial_cloud,hybrid,5,4,25,0.982637939517418,0,0,0,0,136.216666666667,0,0,0
normal,20,partial_cloud,hybrid,5,4,30,0.959798488739954,0,0,0,68.4882087860004,136.216666666667,1,0,0
normal,20,partial_cloud,hybrid,5,4,33,0.957634959500276,0,0,0,75.8651640802942,136.216666666667,1,0,0
normal,20,partial_cloud,hybrid,6,5,6,0.973305538184831,0,0,0,22.8155229696568,136.216666666667,1,0,0
normal,20,partial_cloud,hybrid,6,5,14,0.955768760642123,0,0,0,82.3259732814541,136.216666666667,1,0,0
normal,20,partial_cloud,hybrid,6,5,18,0.954508905157154,0,0,0,86.7101930806139,136.216666666667,1,0,0
normal,20,partial_cloud,hybrid,6,5,25,0.982337133924506,0,0,0,0,136.216666666667,0,0,0
normal,20,partial_cloud,hybrid,6,5,30,0.959142449638378,0,0,0,70.7126703671688,136.216666666667,1,0,0
normal,20,partial_cloud,hybrid,6,5,33,0.956951607556008,0,0,0,78.1844166067341,136.216666666667,1,0,0
normal,20,partial_cloud,hybrid,7,6,6,0.970606164755278,0,0,0,31.9615867482915,136.216666666667,1,0,0
normal,20,partial_cloud,hybrid,7,6,14,0.951485653192338,0,0,0,96.891623735681,136.216666666667,1,0,0
normal,20,partial_cloud,hybrid,7,6,18,0.950202668000724,0,0,0,101.352244746569,136.216666666667,1,0,0
normal,20,partial_cloud,hybrid,7,6,25,0.980456988260094,0,0,0,0.00584287325878799,136.216666666667,0,0,0
normal,20,partial_cloud,hybrid,7,6,30,0.955036850727917,0,0,0,84.6353948747388,136.216666666667,1,0,0
normal,20,partial_cloud,hybrid,7,6,33,0.952675534754445,0,0,0,92.6987512755126,136.216666666667,1,0,0
normal,20,partial_cloud,hybrid,8,7,6,0.968973949574811,19.9702017627415,19.9702017627415,0,37.1059365169145,134.744837820724,1,0,0
normal,20,partial_cloud,hybrid,8,7,14,0.949316976094593,19.9702017627415,19.9702017627415,0,103.194649714664,134.744837820724,1,0,0
normal,20,partial_cloud,hybrid,8,7,18,0.948238871583708,19.9702017627415,19.9702017627415,0,106.896628135214,134.744837820724,1,0,0
normal,20,partial_cloud,hybrid,8,7,25,0.979206197254032,19.9702017627415,19.9702017627415,0,2.7142273959091,134.744837820724,1,0,0
normal,20,partial_cloud,hybrid,8,7,30,0.952495649802368,19.9702017627415,19.9702017627415,0,92.3401020125207,134.744837820724,1,0,0
normal,20,partial_cloud,hybrid,8,7,33,0.950081988161701,19.9702017627415,19.9702017627415,0,100.497544150981,134.744837820724,1,0,0
normal,20,partial_cloud,hybrid,9,8,6,0.96865971995629,48.5761342645741,48.5761342645741,0,36.0319336440257,127.260910957324,1,0,0
normal,20,partial_cloud,hybrid,9,8,14,0.949287642862651,48.5761342645741,48.5761342645741,0,97.5393408415586,127.260910957324,1,0,0
normal,20,partial_cloud,hybrid,9,8,18,0.948456399350921,48.5761342645741,48.5761342645741,0,100.260361616939,127.260910957324,1,0,0
normal,20,partial_cloud,hybrid,9,8,25,0.978850594423426,48.5761342645741,48.5761342645741,0,3.68573208338101,127.260910957324,1,0,0
normal,20,partial_cloud,hybrid,9,8,30,0.951908779834731,48.5761342645741,48.5761342645741,0,89.0554947901908,127.260910957324,1,0,0
normal,20,partial_cloud,hybrid,9,8,33,0.949514817258503,48.5761342645741,48.5761342645741,0,96.6965551467464,127.260910957324,1,0,0
normal,20,partial_cloud,hybrid,10,9,6,0.969621440360089,76.9215474158496,76.9215474158497,0,29.1210966063832,112.419107899542,1,0,0
normal,20,partial_cloud,hybrid,10,9,14,0.951127135946554,76.9215474158496,76.9215474158497,0,80.9685915680764,112.419107899542,1,0,0
normal,20,partial_cloud,hybrid,10,9,18,0.95048136777251,76.9215474158496,76.9215474158497,0,82.8643236582476,112.419107899542,1,0,0
normal,20,partial_cloud,hybrid,10,9,25,0.979420127865033,76.9215474158496,76.9215474158497,0,1.66198930900453,112.419107899542,1,0,0
normal,20,partial_cloud,hybrid,10,9,30,0.953238345066212,76.9215474158496,76.9215474158497,0,74.9141827193123,112.419107899542,1,0,0
normal,20,partial_cloud,hybrid,10,9,33,0.950907224652659,76.9215474158496,76.9215474158497,0,81.4797791213885,112.419107899542,1,0,0
normal,20,partial_cloud,hybrid,11,10,6,0.970340404048821,85.0954712801878,85.0954712801878,0,25.6257254118551,106.366070931385,1,0,0
normal,20,partial_cloud,hybrid,11,10,14,0.952338647326461,85.0954712801878,85.0954712801878,0,73.3191235162428,106.366070931385,1,0,0
normal,20,partial_cloud,hybrid,11,10,18,0.951741754239903,85.0954712801878,85.0954712801878,0,74.9984052603685,106.366070931385,1,0,0
normal,20,partial_cloud,hybrid,11,10,25,0.979892576873476,85.0954712801878,85.0954712801878,0,0.331421718980761,106.366070931385,1,0,0
normal,20,partial_cloud,hybrid,11,10,30,0.95429085850091,85.0954712801878,85.0954712801878,0,67.9950628526076,106.366070931385,1,0,0
normal,20,partial_cloud,hybrid,11,10,33,0.952000750884455,85.0954712801878,85.0954712801878,0,74.0935319925688,106.366070931385,1,0,0
normal,20,partial_cloud,hybrid,12,11,6,0.96964638361601,64.9941531249094,64.9941531249094,0,30.9432937566718,119.711070237274,1,0,0
normal,20,partial_cloud,hybrid,12,11,14,0.9510640828068,64.9941531249094,64.9941531249094,0,86.4270178823135,119.711070237274,1,0,0
normal,20,partial_cloud,hybrid,12,11,18,0.950356976172363,64.9941531249094,64.9941531249094,0,88.625736182343,119.711070237274,1,0,0
normal,20,partial_cloud,hybrid,12,11,25,0.979455810350048,64.9941531249094,64.9941531249094,0,1.66505596163486,119.711070237274,1,0,0
normal,20,partial_cloud,hybrid,12,11,30,0.95333969449837,64.9941531249094,64.9941531249094,0,79.4866942356637,119.711070237274,1,0,0
normal,20,partial_cloud,hybrid,12,11,33,0.951016511926997,64.9941531249094,64.9941531249094,0,86.4574019442731,119.711070237274,1,0,0
normal,20,partial_cloud,hybrid,13,12,6,0.971447884299975,103.316696780378,103.316696780378,0,18.9261467326714,88.7729713604829,1,0,0
normal,20,partial_cloud,hybrid,13,12,14,0.954178802801127,103.316696780378,103.316696780378,0,57.0770484117984,88.7729713604829,1,0,0
normal,20,partial_cloud,hybrid,13,12,18,0.953654462232805,103.316696780378,103.316696780378,0,58.3063646520212,88.7729713604829,1,0,0
normal,20,partial_cloud,hybrid,13,12,25,0.980664272788634,103.316696780378,103.316696780378,0,0,88.7729713604829,0,0,0
normal,20,partial_cloud,hybrid,13,12,30,0.955867607125614,103.316696780378,103.316696780378,0,53.2317713104295,88.7729713604829,1,0,0
normal,20,partial_cloud,hybrid,13,12,33,0.953620522340945,103.316696780378,103.316696780378,0,58.2160842632497,88.7729713604829,1,0,0
normal,20,partial_cloud,hybrid,14,13,6,0.971778918410381,114.992990996397,114.992990996397,0,14.9514532609974,73.0177533171236,1,0,0
normal,20,partial_cloud,hybrid,14,13,14,0.954657272571869,114.992990996397,114.992990996397,0,46.0383296384528,73.0177533171236,1,0,0
normal,20,partial_cloud,hybrid,14,13,18,0.954130765256803,114.992990996397,114.992990996397,0,47.0458484708923,73.0177533171236,1,0,0
normal,20,partial_cloud,hybrid,14,13,25,0.980942348036419,114.992990996397,114.992990996397,0,0,73.0177533171236,0,0,0
normal,20,partial_cloud,hybrid,14,13,30,0.956282022563718,114.992990996397,114.992990996397,0,43.0025699604002,73.0177533171236,1,0,0
normal,20,partial_cloud,hybrid,14,13,33,0.95401465040424,114.992990996397,114.992990996397,0,47.1322582619368,73.0177533171236,1,0,0
normal,20,partial_cloud,hybrid,15,14,6,0.970046842648533,79.5027364519889,79.5027364519889,0,27.4602313769533,110.608748182155,1,0,0
normal,20,partial_cloud,hybrid,15,14,14,0.951830918730681,79.5027364519889,79.5027364519889,0,77.6558715802887,110.608748182155,1,0,0
normal,20,partial_cloud,hybrid,15,14,18,0.951205273803185,79.5027364519889,79.5027364519889,0,79.4847786038409,110.608748182155,1,0,0
normal,20,partial_cloud,hybrid,15,14,25,0.979700329335136,79.5027364519889,79.5027364519889,0,0.872781909876703,110.608748182155,1,0,0
normal,20,partial_cloud,hybrid,15,14,30,0.953874007118895,79.5027364519889,79.5027364519889,0,71.8647242442782,110.608748182155,1,0,0
normal,20,partial_cloud,hybrid,15,14,33,0.951569724981673,79.5027364519889,79.5027364519889,0,78.2486109141121,110.608748182155,1,0,0
normal,20,partial_cloud,hybrid,16,15,6,0.968464632215022,60.4715895085042,60.4715895085042,0,35.1461015692865,122.058048239732,1,0,0
normal,20,partial_cloud,hybrid,16,15,14,0.949119423997876,60.4715895085042,60.4715895085042,0,94.0522486677462,122.058048239732,1,0,0
normal,20,partial_cloud,hybrid,16,15,18,0.948365520097229,60.4715895085042,60.4715895085042,0,96.4288585617047,122.058048239732,1,0,0
normal,20,partial_cloud,hybrid,16,15,25,0.978682570380664,60.4715895085042,60.4715895085042,0,4.04339802307433,122.058048239732,1,0,0
normal,20,partial_cloud,hybrid,16,15,30,0.951555746758329,60.4715895085042,60.4715895085042,0,86.476916553997,122.058048239732,1,0,0
normal,20,partial_cloud,hybrid,16,15,33,0.949152695771702,60.4715895085042,60.4715895085042,0,93.8319496914173,122.058048239732,1,0,0
normal,20,partial_cloud,hybrid,17,16,6,0.966498777101474,47.6726931855465,47.6726931855465,0,43.0105359495445,127.602094819068,1,0,0
normal,20,partial_cloud,hybrid,17,16,14,0.945821051416546,47.6726931855465,47.6726931855465,0,108.831374252737,127.602094819068,1,0,0
normal,20,partial_cloud,hybrid,17,16,18,0.944955809838737,47.6726931855465,47.6726931855465,0,111.642943222125,127.602094819068,1,0,0
normal,20,partial_cloud,hybrid,17,16,25,0.977416592583534,47.6726931855465,47.6726931855465,0,8.24517046485931,127.602094819068,1,0,0
normal,20,partial_cloud,hybrid,17,16,30,0.948613960275508,47.6726931855465,47.6726931855465,0,99.7883031210305,127.602094819068,1,0,0
normal,20,partial_cloud,hybrid,17,16,33,0.946077309594091,47.6726931855465,47.6726931855465,0,107.885474863842,127.602094819068,1,0,0
normal,20,partial_cloud,hybrid,18,17,6,0.963046341463911,19.967533051926,19.967533051926,0,57.1721313626046,134.745233316797,1,0,0
normal,20,partial_cloud,hybrid,18,17,14,0.939746246708879,19.967533051926,19.967533051926,0,134.419439333544,134.745233316797,1,0,0
normal,20,partial_cloud,hybrid,18,17,18,0.938527964643922,19.967533051926,19.967533051926,0,134.419439333544,134.745233316797,1,0,0
normal,20,partial_cloud,hybrid,18,17,25,0.975269851621596,19.967533051926,19.967533051926,0,15.9427490136903,134.745233316797,1,0,0
normal,20,partial_cloud,hybrid,18,17,30,0.943488435657756,19.967533051926,19.967533051926,0,122.978221335854,134.745233316797,1,0,0
normal,20,partial_cloud,hybrid,18,17,33,0.94070523111872,19.967533051926,19.967533051926,0,132.263654072844,134.745233316797,1,0,0
normal,20,partial_cloud,hybrid,19,18,6,0.959529680353327,4.0893301825734e-20,4.0893301825734e-20,0,69.798513735454,136.216666666667,1,0,0
normal,20,partial_cloud,hybrid,19,18,14,0.932712576910148,4.0893301825734e-20,4.0893301825734e-20,0,135.887314975876,136.216666666667,1,0,0
normal,20,partial_cloud,hybrid,19,18,18,0.930840579286828,4.0893301825734e-20,4.0893301825734e-20,0,135.887314975876,136.216666666667,1,0,0
normal,20,partial_cloud,hybrid,19,18,25,0.973299558412023,4.0893301825734e-20,4.0893301825734e-20,0,22.8252799082392,136.216666666667,1,0,0
normal,20,partial_cloud,hybrid,19,18,30,0.938181746349377,4.0893301825734e-20,4.0893301825734e-20,0,135.887314975876,136.216666666667,1,0,0
normal,20,partial_cloud,hybrid,19,18,33,0.934986453637989,4.0893301825734e-20,4.0893301825734e-20,0,135.887314975876,136.216666666667,1,0,0
normal,20,partial_cloud,hybrid,20,19,6,0.958561750951359,0,0,0,73.0891080827857,136.216666666667,1,0,0
normal,20,partial_cloud,hybrid,20,19,14,0.930947563003548,0,0,0,135.887314975876,136.216666666667,1,0,0
normal,20,partial_cloud,hybrid,20,19,18,0.928970762836815,0,0,0,135.887314975876,136.216666666667,1,0,0
normal,20,partial_cloud,hybrid,20,19,25,0.972730396821181,0,0,0,24.7603748566512,136.216666666667,1,0,0
normal,20,partial_cloud,hybrid,20,19,30,0.936662400978212,0,0,0,135.887314975876,136.216666666667,1,0,0
normal,20,partial_cloud,hybrid,20,19,33,0.933361715841501,0,0,0,135.887314975876,136.216666666667,1,0,0
normal,20,partial_cloud,hybrid,21,20,6,0.959685775675998,0,0,0,69.267849705216,136.216666666667,1,0,0
normal,20,partial_cloud,hybrid,21,20,14,0.932997153344121,0,0,0,135.887314975876,136.216666666667,1,0,0
normal,20,partial_cloud,hybrid,21,20,18,0.931142046443725,0,0,0,135.887314975876,136.216666666667,1,0,0
normal,20,partial_cloud,hybrid,21,20,25,0.973391407711628,0,0,0,22.5130015404923,136.216666666667,1,0,0
normal,20,partial_cloud,hybrid,21,20,30,0.938426743851333,0,0,0,135.887314975876,136.216666666667,1,0,0
normal,20,partial_cloud,hybrid,21,20,33,0.935248441860146,0,0,0,135.887314975876,136.216666666667,1,0,0
normal,20,partial_cloud,hybrid,22,21,6,0.962795621872841,0,0,0,58.6550909619318,136.216666666667,1,0,0
normal,20,partial_cloud,hybrid,22,21,14,0.938749506670109,0,0,0,135.887314975876,136.216666666667,1,0,0
normal,20,partial_cloud,hybrid,22,21,18,0.937241855119682,0,0,0,135.887314975876,136.216666666667,1,0,0
normal,20,partial_cloud,hybrid,22,21,25,0.975266032905141,0,0,0,16.1311531652875,136.216666666667,1,0,0
normal,20,partial_cloud,hybrid,22,21,30,0.943198393039999,0,0,0,125.316160791291,136.216666666667,1,0,0
normal,20,partial_cloud,hybrid,22,21,33,0.9403566137764,0,0,0,134.860331754605,136.216666666667,1,0,0
normal,20,partial_cloud,hybrid,23,22,6,0.966265565098165,0,0,0,46.7340800636719,136.216666666667,1,0,0
normal,20,partial_cloud,hybrid,23,22,14,0.944584724376444,0,0,0,120.401837278284,136.216666666667,1,0,0
normal,20,partial_cloud,hybrid,23,22,18,0.943266170845113,0,0,0,124.876485660429,136.216666666667,1,0,0
normal,20,partial_cloud,hybrid,23,22,25,0.977539472249778,0,0,0,8.39296665072462,136.216666666667,1,0,0
normal,20,partial_cloud,hybrid,23,22,30,0.948428540744083,0,0,0,107.194547757096,136.216666666667,1,0,0
normal,20,partial_cloud,hybrid,23,22,33,0.945794161194839,0,0,0,116.158240103479,136.216666666667,1,0,0
normal,20,partial_cloud,hybrid,24,23,6,0.969101095019082,0,0,0,37.0831482566007,136.216666666667,1,0,0
normal,20,partial_cloud,hybrid,24,23,14,0.94909570618371,0,0,0,105.078626624455,136.216666666667,1,0,0
normal,20,partial_cloud,hybrid,24,23,18,0.947800723412628,0,0,0,109.549619061209,136.216666666667,1,0,0
normal,20,partial_cloud,hybrid,24,23,25,0.979432456081587,0,0,0,1.97927520841503,136.216666666667,1,0,0
normal,20,partial_cloud,hybrid,24,23,30,0.952746954892614,0,0,0,92.500587480522,136.216666666667,1,0,0
normal,20,partial_cloud,hybrid,24,23,33,0.950291416067369,0,0,0,100.888236032727,136.216666666667,1,0,0
normal,20,partial_cloud,hybrid_pso,1,0,6,0.976769404048746,0,0,0,105.561943006998,136.216666666667,1,0,0
normal,20,partial_cloud,hybrid_pso,1,0,14,0.963264107538231,0,0,0,135.887314975876,136.216666666667,1,0,0
normal,20,partial_cloud,hybrid_pso,1,0,18,0.963137196978829,0,0,0,135.887314975876,136.216666666667,1,0,0
normal,20,partial_cloud,hybrid_pso,1,0,25,0.984190162062112,0,0,0,71.7230640564165,136.216666666667,1,0,0
normal,20,partial_cloud,hybrid_pso,1,0,30,0.964663496743435,0,0,0,135.887314975876,136.216666666667,1,0,0
normal,20,partial_cloud,hybrid_pso,1,0,33,0.963231894233248,0,0,0,135.887314975876,136.216666666667,1,0,0
normal,20,partial_cloud,hybrid_pso,2,1,6,0.976769404048746,0,0,0,105.561943006998,136.216666666667,1,0,0
normal,20,partial_cloud,hybrid_pso,2,1,14,0.963264107538231,0,0,0,135.887314975876,136.216666666667,1,0,0
normal,20,partial_cloud,hybrid_pso,2,1,18,0.963137196978829,0,0,0,135.887314975876,136.216666666667,1,0,0
normal,20,partial_cloud,hybrid_pso,2,1,25,0.984190162062112,0,0,0,71.7230640564165,136.216666666667,1,0,0
normal,20,partial_cloud,hybrid_pso,2,1,30,0.964663496743435,0,0,0,135.887314975876,136.216666666667,1,0,0
normal,20,partial_cloud,hybrid_pso,2,1,33,0.963231894233248,0,0,0,135.887314975876,136.216666666667,1,0,0
normal,20,partial_cloud,hybrid_pso,3,2,6,0.976769404048746,0,0,0,105.561943006998,136.216666666667,1,0,0
normal,20,partial_cloud,hybrid_pso,3,2,14,0.963264107538231,0,0,0,135.887314975876,136.216666666667,1,0,0
normal,20,partial_cloud,hybrid_pso,3,2,18,0.963137196978829,0,0,0,135.887314975876,136.216666666667,1,0,0
normal,20,partial_cloud,hybrid_pso,3,2,25,0.984190162062112,0,0,0,71.7230640564165,136.216666666667,1,0,0
normal,20,partial_cloud,hybrid_pso,3,2,30,0.964663496743435,0,0,0,135.887314975876,136.216666666667,1,0,0
normal,20,partial_cloud,hybrid_pso,3,2,33,0.963231894233248,0,0,0,135.887314975876,136.216666666667,1,0,0
normal,20,partial_cloud,hybrid_pso,4,3,6,0.976769404048746,0,0,0,105.561943006998,136.216666666667,1,0,0
normal,20,partial_cloud,hybrid_pso,4,3,14,0.963264107538231,0,0,0,135.887314975876,136.216666666667,1,0,0
normal,20,partial_cloud,hybrid_pso,4,3,18,0.963137196978829,0,0,0,135.887314975876,136.216666666667,1,0,0
normal,20,partial_cloud,hybrid_pso,4,3,25,0.984190162062112,0,0,0,71.7230640564165,136.216666666667,1,0,0
normal,20,partial_cloud,hybrid_pso,4,3,30,0.964663496743435,0,0,0,135.887314975876,136.216666666667,1,0,0
normal,20,partial_cloud,hybrid_pso,4,3,33,0.963231894233248,0,0,0,135.887314975876,136.216666666667,1,0,0
normal,20,partial_cloud,hybrid_pso,5,4,6,0.976769404048746,0,0,0,105.561943006998,136.216666666667,1,0,0
normal,20,partial_cloud,hybrid_pso,5,4,14,0.963264107538231,0,0,0,135.887314975876,136.216666666667,1,0,0
normal,20,partial_cloud,hybrid_pso,5,4,18,0.963137196978829,0,0,0,135.887314975876,136.216666666667,1,0,0
normal,20,partial_cloud,hybrid_pso,5,4,25,0.984190162062112,0,0,0,71.7230640564165,136.216666666667,1,0,0
normal,20,partial_cloud,hybrid_pso,5,4,30,0.964663496743435,0,0,0,135.887314975876,136.216666666667,1,0,0
normal,20,partial_cloud,hybrid_pso,5,4,33,0.963231894233248,0,0,0,135.887314975876,136.216666666667,1,0,0
normal,20,partial_cloud,hybrid_pso,6,5,6,0.976267858349763,0,0,0,107.835545162381,136.216666666667,1,0,0
normal,20,partial_cloud,hybrid_pso,6,5,14,0.962350432956092,0,0,0,135.887314975876,136.216666666667,1,0,0
normal,20,partial_cloud,hybrid_pso,6,5,18,0.962169523193812,0,0,0,135.887314975876,136.216666666667,1,0,0
normal,20,partial_cloud,hybrid_pso,6,5,25,0.983891492386772,0,0,0,73.0772069353668,136.216666666667,1,0,0
normal,20,partial_cloud,hybrid_pso,6,5,30,0.963875090232023,0,0,0,135.887314975876,136.216666666667,1,0,0
normal,20,partial_cloud,hybrid_pso,6,5,33,0.962388761507966,0,0,0,135.887314975876,136.216666666667,1,0,0
normal,20,partial_cloud,hybrid_pso,7,6,6,0.973124860078349,0,0,0,122.067993305219,136.216666666667,1,0,0
normal,20,partial_cloud,hybrid_pso,7,6,14,0.956620982435883,0,0,0,135.887314975876,136.216666666667,1,0,0
normal,20,partial_cloud,hybrid_pso,7,6,18,0.956101047139235,0,0,0,135.887314975876,136.216666666667,1,0,0
normal,20,partial_cloud,hybrid_pso,7,6,25,0.982023761971853,0,0,0,81.5460925545432,136.216666666667,1,0,0
normal,20,partial_cloud,hybrid_pso,7,6,30,0.958932969968999,0,0,0,135.887314975876,136.216666666667,1,0,0
normal,20,partial_cloud,hybrid_pso,7,6,33,0.957103338700082,0,0,0,135.887314975876,136.216666666667,1,0,0
normal,20,partial_cloud,hybrid_pso,8,7,6,0.97122620322229,19.9702017627415,19.9702017627415,0,129.219254337205,134.744837820724,1,0,0
normal,20,partial_cloud,hybrid_pso,8,7,14,0.953674375683463,19.9702017627415,19.9702017627415,0,134.419044793721,134.744837820724,1,0,0
normal,20,partial_cloud,hybrid_pso,8,7,18,0.95320562844681,19.9702017627415,19.9702017627415,0,134.419044793721,134.744837820724,1,0,0
normal,20,partial_cloud,hybrid_pso,8,7,25,0.980745216305467,19.9702017627415,19.9702017627415,0,86.4001002293678,134.744837820724,1,0,0
normal,20,partial_cloud,hybrid_pso,8,7,30,0.955868377175129,19.9702017627415,19.9702017627415,0,134.419044793721,134.744837820724,1,0,0
normal,20,partial_cloud,hybrid_pso,8,7,33,0.953874712137772,19.9702017627415,19.9702017627415,0,134.419044793721,134.744837820724,1,0,0
normal,20,partial_cloud,hybrid_pso,9,8,6,0.970777896017975,48.5761342645741,48.5761342645741,0,123.879453727237,127.260910957324,1,0,0
normal,20,partial_cloud,hybrid_pso,9,8,14,0.953415122769681,48.5761342645741,48.5761342645741,0,126.876288454614,127.260910957324,1,0,0
normal,20,partial_cloud,hybrid_pso,9,8,18,0.953172252957561,48.5761342645741,48.5761342645741,0,126.876288454614,127.260910957324,1,0,0
normal,20,partial_cloud,hybrid_pso,9,8,25,0.980313281514316,48.5761342645741,48.5761342645741,0,83.400361305839,127.260910957324,1,0,0
normal,20,partial_cloud,hybrid_pso,9,8,30,0.955035064756896,48.5761342645741,48.5761342645741,0,126.876288454614,127.260910957324,1,0,0
normal,20,partial_cloud,hybrid_pso,9,8,33,0.953015441547029,48.5761342645741,48.5761342645741,0,126.876288454614,127.260910957324,1,0,0
normal,20,partial_cloud,hybrid_pso,10,9,6,0.971669706318529,76.9215474158496,76.9215474158497,0,106.112865018401,112.419107899542,1,0,0
normal,20,partial_cloud,hybrid_pso,10,9,14,0.955338722671394,76.9215474158496,76.9215474158497,0,112.079341994148,112.419107899542,1,0,0
normal,20,partial_cloud,hybrid_pso,10,9,18,0.955336721987942,76.9215474158496,76.9215474158497,0,112.079341994148,112.419107899542,1,0,0
normal,20,partial_cloud,hybrid_pso,10,9,25,0.980751855133412,76.9215474158496,76.9215474158497,0,72.0207037566701,112.419107899542,1,0,0
normal,20,partial_cloud,hybrid_pso,10,9,30,0.956289835561001,76.9215474158496,76.9215474158497,0,112.079341994148,112.419107899542,1,0,0
normal,20,partial_cloud,hybrid_pso,10,9,33,0.954337369658223,76.9215474158496,76.9215474158497,0,112.079341994148,112.419107899542,1,0,0
normal,20,partial_cloud,hybrid_pso,11,10,6,0.972391600882902,85.0954712801878,85.0954712801878,0,97.8473392190879,106.366070931385,1,0,0
normal,20,partial_cloud,hybrid_pso,11,10,14,0.956673346699365,85.0954712801878,85.0954712801878,0,106.044599207686,106.366070931385,1,0,0
normal,20,partial_cloud,hybrid_pso,11,10,18,0.956759453582549,85.0954712801878,85.0954712801878,0,106.044599207686,106.366070931385,1,0,0
normal,20,partial_cloud,hybrid_pso,11,10,25,0.981174374364071,85.0954712801878,85.0954712801878,0,66.6429187627549,106.366070931385,1,0,0
normal,20,partial_cloud,hybrid_pso,11,10,30,0.95737569389998,85.0954712801878,85.0954712801878,0,106.044599207686,106.366070931385,1,0,0
normal,20,partial_cloud,hybrid_pso,11,10,33,0.9554801626518,85.0954712801878,85.0954712801878,0,106.044599207686,106.366070931385,1,0,0
normal,20,partial_cloud,hybrid_pso,12,11,6,0.971815043710073,64.9941531249094,64.9941531249094,0,112.434239160153,119.711070237274,1,0,0
normal,20,partial_cloud,hybrid_pso,12,11,14,0.955511153136669,64.9941531249094,64.9941531249094,0,119.349265728015,119.711070237274,1,0,0
normal,20,partial_cloud,hybrid_pso,12,11,18,0.955481042280176,64.9941531249094,64.9941531249094,0,119.349265728015,119.711070237274,1,0,0
normal,20,partial_cloud,hybrid_pso,12,11,25,0.980865693777585,64.9941531249094,64.9941531249094,0,76.2448014493799,119.711070237274,1,0,0
normal,20,partial_cloud,hybrid_pso,12,11,30,0.956583193892582,64.9941531249094,64.9941531249094,0,119.349265728015,119.711070237274,1,0,0
normal,20,partial_cloud,hybrid_pso,12,11,33,0.954666711788626,64.9941531249094,64.9941531249094,0,119.349265728015,119.711070237274,1,0,0
normal,20,partial_cloud,hybrid_pso,13,12,6,0.973305151881413,103.316696780378,103.316696780378,0,78.9207381006056,88.7729713604829,1,0,0
normal,20,partial_cloud,hybrid_pso,13,12,14,0.958238415149797,103.316696780378,103.316696780378,0,88.437596556853,88.7729713604829,1,0,0
normal,20,partial_cloud,hybrid_pso,13,12,18,0.958375923481814,103.316696780378,103.316696780378,0,88.437596556853,88.7729713604829,1,0,0
normal,20,partial_cloud,hybrid_pso,13,12,25,0.981748639519815,103.316696780378,103.316696780378,0,53.8860779054865,88.7729713604829,1,0,0
normal,20,partial_cloud,hybrid_pso,13,12,30,0.958688970433865,103.316696780378,103.316696780378,0,88.437596556853,88.7729713604829,1,0,0
normal,20,partial_cloud,hybrid_pso,13,12,33,0.956814346949944,103.316696780378,103.316696780378,0,88.437596556853,88.7729713604829,1,0,0
normal,20,partial_cloud,hybrid_pso,14,13,6,0.973346615561415,114.992990996397,114.992990996397,0,64.7538740510848,73.0177533171236,1,0,0
normal,20,partial_cloud,hybrid_pso,14,13,14,0.958102039580571,114.992990996397,114.992990996397,0,72.6729367262045,73.0177533171236,1,0,0
normal,20,partial_cloud,hybrid_pso,14,13,18,0.958138907757565,114.992990996397,114.992990996397,0,72.6729367262045,73.0177533171236,1,0,0
normal,20,partial_cloud,hybrid_pso,14,13,25,0.981840659749567,114.992990996397,114.992990996397,0,44.0582880230906,73.0177533171236,1,0,0
normal,20,partial_cloud,hybrid_pso,14,13,30,0.958664273269923,114.992990996397,114.992990996397,0,72.6729367262045,73.0177533171236,1,0,0
normal,20,partial_cloud,hybrid_pso,14,13,33,0.956711838101994,114.992990996397,114.992990996397,0,72.6729367262045,73.0177533171236,1,0,0
normal,20,partial_cloud,hybrid_pso,15,14,6,0.972129807860716,79.5027364519889,79.5027364519889,0,102.717512439015,110.608748182155,1,0,0
normal,20,partial_cloud,hybrid_pso,15,14,14,0.956184714365635,79.5027364519889,79.5027364519889,0,110.274453753273,110.608748182155,1,0,0
normal,20,partial_cloud,hybrid_pso,15,14,18,0.95623682778401,79.5027364519889,79.5027364519889,0,110.274453753273,110.608748182155,1,0,0
normal,20,partial_cloud,hybrid_pso,15,14,25,0.981022395367121,79.5027364519889,79.5027364519889,0,69.8637383804617,110.608748182155,1,0,0
normal,20,partial_cloud,hybrid_pso,15,14,30,0.956997660215399,79.5027364519889,79.5027364519889,0,110.274453753273,110.608748182155,1,0,0
normal,20,partial_cloud,hybrid_pso,15,14,33,0.955089127731196,79.5027364519889,79.5027364519889,0,110.274453753273,110.608748182155,1,0,0
normal,20,partial_cloud,hybrid_pso,16,15,6,0.970481373434947,60.4715895085042,60.4715895085042,0,119.981678631098,122.058048239732,1,0,0
normal,20,partial_cloud,hybrid_pso,16,15,14,0.953039338175216,60.4715895085042,60.4715895085042,0,121.68915042471,122.058048239732,1,0,0
normal,20,partial_cloud,hybrid_pso,16,15,18,0.952843843559111,60.4715895085042,60.4715895085042,0,121.68915042471,122.058048239732,1,0,0
normal,20,partial_cloud,hybrid_pso,16,15,25,0.980088443330422,60.4715895085042,60.4715895085042,0,80.9001291053072,122.058048239732,1,0,0
normal,20,partial_cloud,hybrid_pso,16,15,30,0.954510327293466,60.4715895085042,60.4715895085042,0,121.68915042471,122.058048239732,1,0,0
normal,20,partial_cloud,hybrid_pso,16,15,33,0.952453255856763,60.4715895085042,60.4715895085042,0,121.68915042471,122.058048239732,1,0,0
normal,20,partial_cloud,hybrid_pso,17,16,6,0.968193765799584,47.6726931855465,47.6726931855465,0,127.216441151409,127.602094819068,1,0,0
normal,20,partial_cloud,hybrid_pso,17,16,14,0.94875216631003,47.6726931855465,47.6726931855465,0,127.216441151409,127.602094819068,1,0,0
normal,20,partial_cloud,hybrid_pso,17,16,18,0.948233452778007,47.6726931855465,47.6726931855465,0,127.216441151409,127.602094819068,1,0,0
normal,20,partial_cloud,hybrid_pso,17,16,25,0.978814259467624,47.6726931855465,47.6726931855465,0,89.9919427922563,127.602094819068,1,0,0
normal,20,partial_cloud,hybrid_pso,17,16,30,0.951012395410209,47.6726931855465,47.6726931855465,0,127.216441151409,127.602094819068,1,0,0
normal,20,partial_cloud,hybrid_pso,17,16,33,0.948717957680583,47.6726931855465,47.6726931855465,0,127.216441151409,127.602094819068,1,0,0
normal,20,partial_cloud,hybrid_pso,18,17,6,0.964066746627084,19.967533051926,19.967533051926,0,134.419439333544,134.745233316797,1,0,0
normal,20,partial_cloud,hybrid_pso,18,17,14,0.940792841860444,19.967533051926,19.967533051926,0,134.419439333544,134.745233316797,1,0,0
normal,20,partial_cloud,hybrid_pso,18,17,18,0.939575939826453,19.967533051926,19.967533051926,0,134.419439333544,134.745233316797,1,0,0
normal,20,partial_cloud,hybrid_pso,18,17,25,0.97661263267682,19.967533051926,19.967533051926,0,104.93854176253,134.745233316797,1,0,0
normal,20,partial_cloud,hybrid_pso,18,17,30,0.944726868670288,19.967533051926,19.967533051926,0,134.419439333544,134.745233316797,1,0,0
normal,20,partial_cloud,hybrid_pso,18,17,33,0.941973816024006,19.967533051926,19.967533051926,0,134.419439333544,134.745233316797,1,0,0
normal,20,partial_cloud,hybrid_pso,19,18,6,0.960327110596782,4.0893301825734e-20,4.0893301825734e-20,0,135.887314975876,136.216666666667,1,0,0
normal,20,partial_cloud,hybrid_pso,19,18,14,0.933533867982638,4.0893301825734e-20,4.0893301825734e-20,0,135.887314975876,136.216666666667,1,0,0
normal,20,partial_cloud,hybrid_pso,19,18,18,0.931663544999209,4.0893301825734e-20,4.0893301825734e-20,0,135.887314975876,136.216666666667,1,0,0
normal,20,partial_cloud,hybrid_pso,19,18,25,0.974636549816366,4.0893301825734e-20,4.0893301825734e-20,0,115.043980716244,136.216666666667,1,0,0
normal,20,partial_cloud,hybrid_pso,19,18,30,0.938997767780229,4.0893301825734e-20,4.0893301825734e-20,0,135.887314975876,136.216666666667,1,0,0
normal,20,partial_cloud,hybrid_pso,19,18,33,0.935805278918195,4.0893301825734e-20,4.0893301825734e-20,0,135.887314975876,136.216666666667,1,0,0
normal,20,partial_cloud,hybrid_pso,20,19,6,0.959331557641199,0,0,0,135.887314975876,136.216666666667,1,0,0
normal,20,partial_cloud,hybrid_pso,20,19,14,0.931741148473974,0,0,0,135.887314975876,136.216666666667,1,0,0
normal,20,partial_cloud,hybrid_pso,20,19,18,0.929766059897417,0,0,0,135.887314975876,136.216666666667,1,0,0
normal,20,partial_cloud,hybrid_pso,20,19,25,0.974070273691936,0,0,0,117.611178755986,136.216666666667,1,0,0
normal,20,partial_cloud,hybrid_pso,20,19,30,0.937450661497186,0,0,0,135.887314975876,136.216666666667,1,0,0
normal,20,partial_cloud,hybrid_pso,20,19,33,0.934152779307663,0,0,0,135.887314975876,136.216666666667,1,0,0
normal,20,partial_cloud,hybrid_pso,21,20,6,0.960487649653802,0,0,0,135.887314975876,136.216666666667,1,0,0
normal,20,partial_cloud,hybrid_pso,21,20,14,0.933822896511661,0,0,0,135.887314975876,136.216666666667,1,0,0
normal,20,partial_cloud,hybrid_pso,21,20,18,0.931969457697927,0,0,0,135.887314975876,136.216666666667,1,0,0
normal,20,partial_cloud,hybrid_pso,21,20,25,0.974727930972658,0,0,0,114.6297071394,136.216666666667,1,0,0
normal,20,partial_cloud,hybrid_pso,21,20,30,0.939247227762296,0,0,0,135.887314975876,136.216666666667,1,0,0
normal,20,partial_cloud,hybrid_pso,21,20,33,0.936071729133169,0,0,0,135.887314975876,136.216666666667,1,0,0
normal,20,partial_cloud,hybrid_pso,22,21,6,0.963797241207412,0,0,0,135.887314975876,136.216666666667,1,0,0
normal,20,partial_cloud,hybrid_pso,22,21,14,0.939777770050794,0,0,0,135.887314975876,136.216666666667,1,0,0
normal,20,partial_cloud,hybrid_pso,22,21,18,0.938271798253873,0,0,0,135.887314975876,136.216666666667,1,0,0
normal,20,partial_cloud,hybrid_pso,22,21,25,0.976615839615275,0,0,0,106.070964529986,136.216666666667,1,0,0
normal,20,partial_cloud,hybrid_pso,22,21,30,0.944388706162819,0,0,0,135.887314975876,136.216666666667,1,0,0
normal,20,partial_cloud,hybrid_pso,22,21,33,0.941563155954068,0,0,0,135.887314975876,136.216666666667,1,0,0
normal,20,partial_cloud,hybrid_pso,23,22,6,0.967952377686548,0,0,0,135.887314975876,136.216666666667,1,0,0
normal,20,partial_cloud,hybrid_pso,23,22,14,0.94724445661274,0,0,0,135.887314975876,136.216666666667,1,0,0
normal,20,partial_cloud,hybrid_pso,23,22,18,0.946173107408937,0,0,0,135.887314975876,136.216666666667,1,0,0
normal,20,partial_cloud,hybrid_pso,23,22,25,0.978996898033176,0,0,0,95.2766348688489,136.216666666667,1,0,0
normal,20,partial_cloud,hybrid_pso,23,22,30,0.950840356182528,0,0,0,135.887314975876,136.216666666667,1,0,0
normal,20,partial_cloud,hybrid_pso,23,22,33,0.948453320224655,0,0,0,135.887314975876,136.216666666667,1,0,0
normal,20,partial_cloud,hybrid_pso,24,23,6,0.971362554188863,0,0,0,130.019509803717,136.216666666667,1,0,0
normal,20,partial_cloud,hybrid_pso,24,23,14,0.953405655238608,0,0,0,135.887314975876,136.216666666667,1,0,0
normal,20,partial_cloud,hybrid_pso,24,23,18,0.952695158156456,0,0,0,135.887314975876,136.216666666667,1,0,0
normal,20,partial_cloud,hybrid_pso,24,23,25,0.980979551835219,0,0,0,86.2820859029076,136.216666666667,1,0,0
normal,20,partial_cloud,hybrid_pso,24,23,30,0.956160846466259,0,0,0,135.887314975876,136.216666666667,1,0,0
normal,20,partial_cloud,hybrid_pso,24,23,33,0.954138469604092,0,0,0,135.887314975876,136.216666666667,1,0,0
normal,20,low_irradiance,hybrid,1,0,6,0.973736865089983,0,0,0,21.3543682303588,136.216666666667,1,0,0
normal,20,low_irradiance,hybrid,1,0,14,0.956453109978443,0,0,0,80.0002182601283,136.216666666667,1,0,0
normal,20,low_irradiance,hybrid,1,0,18,0.955197075088696,0,0,0,84.367906476027,136.216666666667,1,0,0
normal,20,low_irradiance,hybrid,1,0,25,0.982637939517418,0,0,0,0,136.216666666667,0,0,0
normal,20,low_irradiance,hybrid,1,0,30,0.959798488739954,0,0,0,68.4882087860004,136.216666666667,1,0,0
normal,20,low_irradiance,hybrid,1,0,33,0.957634959500276,0,0,0,75.8651640802942,136.216666666667,1,0,0
normal,20,low_irradiance,hybrid,2,1,6,0.973736865089983,0,0,0,21.3543682303588,136.216666666667,1,0,0
normal,20,low_irradiance,hybrid,2,1,14,0.956453109978443,0,0,0,80.0002182601283,136.216666666667,1,0,0
normal,20,low_irradiance,hybrid,2,1,18,0.955197075088696,0,0,0,84.367906476027,136.216666666667,1,0,0
normal,20,low_irradiance,hybrid,2,1,25,0.982637939517418,0,0,0,0,136.216666666667,0,0,0
normal,20,low_irradiance,hybrid,2,1,30,0.959798488739954,0,0,0,68.4882087860004,136.216666666667,1,0,0
normal,20,low_irradiance,hybrid,2,1,33,0.957634959500276,0,0,0,75.8651640802942,136.216666666667,1,0,0
normal,20,low_irradiance,hybrid,3,2,6,0.973736865089983,0,0,0,21.3543682303588,136.216666666667,1,0,0
normal,20,low_irradiance,hybrid,3,2,14,0.956453109978443,0,0,0,80.0002182601283,136.216666666667,1,0,0
normal,20,low_irradiance,hybrid,3,2,18,0.955197075088696,0,0,0,84.367906476027,136.216666666667,1,0,0
normal,20,low_irradiance,hybrid,3,2,25,0.982637939517418,0,0,0,0,136.216666666667,0,0,0
normal,20,low_irradiance,hybrid,3,2,30,0.959798488739954,0,0,0,68.4882087860004,136.216666666667,1,0,0
normal,20,low_irradiance,hybrid,3,2,33,0.957634959500276,0,0,0,75.8651640802942,136.216666666667,1,0,0
normal,20,low_irradiance,hybrid,4,3,6,0.973736865089983,0,0,0,21.3543682303588,136.216666666667,1,0,0
normal,20,low_irradiance,hybrid,4,3,14,0.956453109978443,0,0,0,80.0002182601283,136.216666666667,1,0,0
normal,20,low_irradiance,hybrid,4,3,18,0.955197075088696,0,0,0,84.367906476027,136.216666666667,1,0,0
normal,20,low_irradiance,hybrid,4,3,25,0.982637939517418,0,0,0,0,136.216666666667,0,0,0
normal,20,low_irradiance,hybrid,4,3,30,0.959798488739954,0,0,0,68.4882087860004,136.216666666667,1,0,0
normal,20,low_irradiance,hybrid,4,3,33,0.957634959500276,0,0,0,75.8651640802942,136.216666666667,1,0,0
normal,20,low_irradiance,hybrid,5,4,6,0.973736865089983,0,0,0,21.3543682303588,136.216666666667,1,0,0
normal,20,low_irradiance,hybrid,5,4,14,0.956453109978443,0,0,0,80.0002182601283,136.216666666667,1,0,0
normal,20,low_irradiance,hybrid,5,4,18,0.955197075088696,0,0,0,84.367906476027,136.216666666667,1,0,0
normal,20,low_irradiance,hybrid,5,4,25,0.982637939517418,0,0,0,0,136.216666666667,0,0,0
normal,20,low_irradiance,hybrid,5,4,30,0.959798488739954,0,0,0,68.4882087860004,136.216666666667,1,0,0
normal,20,low_irradiance,hybrid,5,4,33,0.957634959500276,0,0,0,75.8651640802942,136.216666666667,1,0,0
normal,20,low_irradiance,hybrid,6,5,6,0.973305538184831,0,0,0,22.8155229696568,136.216666666667,1,0,0
normal,20,low_irradiance,hybrid,6,5,14,0.955768760642123,0,0,0,82.3259732814541,136.216666666667,1,0,0
normal,20,low_irradiance,hybrid,6,5,18,0.954508905157154,0,0,0,86.7101930806139,136.216666666667,1,0,0
normal,20,low_irradiance,hybrid,6,5,25,0.982337133924506,0,0,0,0,136.216666666667,0,0,0
normal,20,low_irradiance,hybrid,6,5,30,0.959142449638378,0,0,0,70.7126703671688,136.216666666667,1,0,0
normal,20,low_irradiance,hybrid,6,5,33,0.956951607556008,0,0,0,78.1844166067341,136.216666666667,1,0,0
normal,20,low_irradiance,hybrid,7,6,6,0.970606164755278,0,0,0,31.9615867482915,136.216666666667,1,0,0
normal,20,low_irradiance,hybrid,7,6,14,0.951485653192338,0,0,0,96.891623735681,136.216666666667,1,0,0
normal,20,low_irradiance,hybrid,7,6,18,0.950202668000724,0,0,0,101.352244746569,136.216666666667,1,0,0
normal,20,low_irradiance,hybrid,7,6,25,0.980456988260094,0,0,0,0.00584287325878799,136.216666666667,0,0,0
normal,20,low_irradiance,hybrid,7,6,30,0.955036850727917,0,0,0,84.6353948747388,136.216666666667,1,0,0
normal,20,low_irradiance,hybrid,7,6,33,0.952675534754445,0,0,0,92.6987512755126,136.216666666667,1,0,0
normal,20,low_irradiance,hybrid,8,7,6,0.968317206370357,8.98659124832208,8.98659124832208,0,39.6587084816133,135.91990823832,1,0,0
normal,20,low_irradiance,hybrid,8,7,14,0.948049155118942,8.98659124832208,8.98659124832208,0,108.397908244054,135.91990823832,1,0,0
normal,20,low_irradiance,hybrid,8,7,18,0.946850053221243,8.98659124832208,8.98659124832208,0,112.528916462361,135.91990823832,1,0,0
normal,20,low_irradiance,hybrid,8,7,25,0.978841150093009,8.98659124832208,8.98659124832208,0,3.97231084840592,135.91990823832,1,0,0
normal,20,low_irradiance,hybrid,8,7,30,0.951528523840122,8.98659124832208,8.98659124832208,0,96.4281709250687,135.91990823832,1,0,0
normal,20,low_irradiance,hybrid,8,7,33,0.94904802176918,8.98659124832208,8.98659124832208,0,104.885435430837,135.91990823832,1,0,0
normal,20,low_irradiance,hybrid,9,8,6,0.967163057773148,21.8604744276482,21.8604744276482,0,43.1009265826496,134.451106115108,1,0,0
normal,20,low_irradiance,hybrid,9,8,14,0.946471272463895,21.8604744276482,21.8604744276482,0,112.513097343682,134.451106115108,1,0,0
normal,20,low_irradiance,hybrid,9,8,18,0.945395835559421,21.8604744276482,21.8604744276482,0,116.174380223368,134.451106115108,1,0,0
normal,20,low_irradiance,hybrid,9,8,25,0.977985344166631,21.8604744276482,21.8604744276482,0,6.78943120664008,134.451106115108,1,0,0
normal,20,low_irradiance,hybrid,9,8,30,0.949729503083615,21.8604744276482,21.8604744276482,0,101.419615040099,134.451106115108,1,0,0
normal,20,low_irradiance,hybrid,9,8,33,0.947204456197191,21.8604744276482,21.8604744276482,0,109.92551155689,134.451106115108,1,0,0
normal,20,low_irradiance,hybrid,10,9,6,0.967436577932743,34.9023629211648,34.9023629211648,0,41.3037827255174,131.669302953639,1,0,0
normal,20,low_irradiance,hybrid,10,9,14,0.94713346014375,34.9023629211648,34.9023629211648,0,108.005004467414,131.669302953639,1,0,0
normal,20,low_irradiance,hybrid,10,9,18,0.946179581593154,34.9023629211648,34.9023629211648,0,111.205072296722,131.669302953639,1,0,0
normal,20,low_irradiance,hybrid,10,9,25,0.97809579902332,34.9023629211648,34.9023629211648,0,6.28558783478095,131.669302953639,1,0,0
normal,20,low_irradiance,hybrid,10,9,30,0.950098810061228,34.9023629211648,34.9023629211648,0,98.0975439847641,131.669302953639,1,0,0
normal,20,low_irradiance,hybrid,10,9,33,0.947611912953081,34.9023629211648,34.9023629211648,0,106.305572206628,131.669302953639,1,0,0
normal,20,low_irradiance,hybrid,11,10,6,0.968372721981158,45.8898280027777,45.8898280027777,0,37.2318199544094,128.254060222877,1,0,0
normal,20,low_irradiance,hybrid,11,10,14,0.948792108952991,45.8898280027777,45.8898280027777,0,99.8895858017132,128.254060222877,1,0,0
normal,20,low_irradiance,hybrid,11,10,18,0.947937139860018,45.8898280027777,45.8898280027777,0,102.704064376194,128.254060222877,1,0,0
normal,20,low_irradiance,hybrid,11,10,25,0.978670066604364,45.8898280027777,45.8898280027777,0,4.29021181764659,128.254060222877,1,0,0
normal,20,low_irradiance,hybrid,11,10,30,0.951482245550201,45.8898280027777,45.8898280027777,0,91.1166809453445,128.254060222877,1,0,0
normal,20,low_irradiance,hybrid,11,10,33,0.949067461424585,45.8898280027777,45.8898280027777,0,98.8852619723737,128.254060222877,1,0,0
normal,20,low_irradiance,hybrid,12,11,6,0.969035102748252,53.1770422173244,53.1770422173244,0,34.3317803071629,125.408063771014,1,0,0
normal,20,low_irradiance,hybrid,12,11,14,0.949948312088834,53.1770422173244,53.1770422173244,0,94.0465941320104,125.408063771014,1,0,0
normal,20,low_irradiance,hybrid,12,11,18,0.949155237330398,53.1770422173244,53.1770422173244,0,96.6137044813903,125.408063771014,1,0,0
normal,20,low_irradiance,hybrid,12,11,25,0.979083718130587,53.1770422173244,53.1770422173244,0,2.90500824555935,125.408063771014,1,0,0
normal,20,low_irradiance,hybrid,12,11,30,0.952461601744602,53.1770422173244,53.1770422173244,0,86.0262995248473,125.408063771014,1,0,0
normal,20,low_irradiance,hybrid,12,11,33,0.950095122816258,53.1770422173244,53.1770422173244,0,93.4683058666965,125.408063771014,1,0,0
normal,20,low_irradiance,hybrid,13,12,6,0.969203405774862,55.725,55.725,0,33.5049403783397,124.29684088012,1,0,0
normal,20,low_irradiance,hybrid,13,12,14,0.95024945839751,55.725,55.725,0,92.2766566812891,124.29684088012,1,0,0
normal,20,low_irradiance,hybrid,13,12,18,0.949476375704973,55.725,55.725,0,94.7606501791754,124.29684088012,1,0,0
normal,20,low_irradiance,hybrid,13,12,25,0.979187199325841,55.725,55.725,0,2.55935079893839,124.29684088012,1,0,0
normal,20,low_irradiance,hybrid,13,12,30,0.952707069968548,55.725,55.725,0,84.5009687083883,124.29684088012,1,0,0
normal,20,low_irradiance,hybrid,13,12,33,0.950352863497725,55.725,55.725,0,91.8380602474372,124.29684088012,1,0,0
normal,20,low_irradiance,hybrid,14,13,6,0.968979474827506,53.1770422173244,53.1770422173244,0,34.5056498988886,125.408063771014,1,0,0
normal,20,low_irradiance,hybrid,14,13,14,0.949859277029553,53.1770422173244,53.1770422173244,0,94.3253355297406,125.408063771014,1,0,0
normal,20,low_irradiance,hybrid,14,13,18,0.949065417332561,53.1770422173244,53.1770422173244,0,96.8943895639206,125.408063771014,1,0,0
normal,20,low_irradiance,hybrid,14,13,25,0.979046708172418,53.1770422173244,53.1770422173244,0,3.02035565261263,125.408063771014,1,0,0
normal,20,low_irradiance,hybrid,14,13,30,0.952376646883693,53.1770422173244,53.1770422173244,0,86.2918941121997,125.408063771014,1,0,0
normal,20,low_irradiance,hybrid,14,13,33,0.950006469450954,53.1770422173244,53.1770422173244,0,93.7456445014399,125.408063771014,1,0,0
normal,20,low_irradiance,hybrid,15,14,6,0.968340637447802,45.8898280027777,45.8898280027777,0,37.334384931468,128.254060222877,1,0,0
normal,20,low_irradiance,hybrid,15,14,14,0.948740857308457,45.8898280027777,45.8898280027777,0,100.053697518305,128.254060222877,1,0,0
normal,20,low_irradiance,hybrid,15,14,18,0.947885493617558,45.8898280027777,45.8898280027777,0,102.869139348624,128.254060222877,1,0,0
normal,20,low_irradiance,hybrid,15,14,25,0.978648700300258,45.8898280027777,45.8898280027777,0,4.35831742351555,128.254060222877,1,0,0
normal,20,low_irradiance,hybrid,15,14,30,0.951433273747799,45.8898280027777,45.8898280027777,0,91.2732679027601,128.254060222877,1,0,0
normal,20,low_irradiance,hybrid,15,14,33,0.949016386734599,45.8898280027777,45.8898280027777,0,99.04868168919,128.254060222877,1,0,0
normal,20,low_irradiance,hybrid,16,15,6,0.967096477798267,34.9023629211648,34.9023629211648,0,42.4223755170958,131.669302953639,1,0,0
normal,20,low_irradiance,hybrid,16,15,14,0.946591178862758,34.9023629211648,34.9023629211648,0,109.784601442097,131.669302953639,1,0,0
normal,20,low_irradiance,hybrid,16,15,18,0.945633763289771,34.9023629211648,34.9023629211648,0,112.990074341235,131.669302953639,1,0,0
normal,20,low_irradiance,hybrid,16,15,25,0.977869166036898,34.9023629211648,34.9023629211648,0,7.02773793120278,131.669302953639,1,0,0
normal,20,low_irradiance,hybrid,16,15,30,0.949580117306703,34.9023629211648,34.9023629211648,0,99.8031708207173,131.669302953639,1,0,0
normal,20,low_irradiance,hybrid,16,15,33,0.947071306784558,34.9023629211648,34.9023629211648,0,108.079573544815,131.669302953639,1,0,0
normal,20,low_irradiance,hybrid,17,16,6,0.965057946241216,21.8604744276482,21.8604744276482,0,50.1959484848076,134.451106115108,1,0,0
normal,20,low_irradiance,hybrid,17,16,14,0.94311802666488,21.8604744276482,21.8604744276482,0,123.731053706321,134.451106115108,1,0,0
normal,20,low_irradiance,hybrid,17,16,18,0.942023092083564,21.8604744276482,21.8604744276482,0,127.358136399557,134.451106115108,1,0,0
normal,20,low_irradiance,hybrid,17,16,25,0.976582594190505,21.8604744276482,21.8604744276482,0,11.4852617784261,134.451106115108,1,0,0
normal,20,low_irradiance,hybrid,17,16,30,0.946521339932183,21.8604744276482,21.8604744276482,0,112.209224916246,134.451106115108,1,0,0
normal,20,low_irradiance,hybrid,17,16,33,0.943862410936738,21.8604744276482,21.8604744276482,0,121.093019098052,134.451106115108,1,0,0
normal,20,low_irradiance,hybrid,18,17,6,0.962295629630594,8.98659124832209,8.98659124832209,0,60.2358016832914,135.91990823832,1,0,0
normal,20,low_irradiance,hybrid,18,17,14,0.938062664728596,8.98659124832209,8.98659124832209,0,135.591274065382,135.91990823832,1,0,0
normal,20,low_irradiance,hybrid,18,17,18,0.93662141831256,8.98659124832209,8.98659124832209,0,135.591274065382,135.91990823832,1,0,0
normal,20,low_irradiance,hybrid,18,17,25,0.97488410778201,8.98659124832209,8.98659124832209,0,17.3942219911142,135.91990823832,1,0,0
normal,20,low_irradiance,hybrid,18,17,30,0.94241272451952,8.98659124832209,8.98659124832209,0,127.72165514662,135.91990823832,1,0,0
normal,20,low_irradiance,hybrid,18,17,33,0.939548144081534,8.98659124832209,8.98659124832209,0,135.591274065382,135.91990823832,1,0,0
normal,20,low_irradiance,hybrid,19,18,6,0.959529680353327,1.84019873142103e-20,1.84019873142103e-20,0,69.798513735454,136.216666666667,1,0,0
normal,20,low_irradiance,hybrid,19,18,14,0.932712576910148,1.84019873142103e-20,1.84019873142103e-20,0,135.887314975876,136.216666666667,1,0,0
normal,20,low_irradiance,hybrid,19,18,18,0.930840579286828,1.84019873142103e-20,1.84019873142103e-20,0,135.887314975876,136.216666666667,1,0,0
normal,20,low_irradiance,hybrid,19,18,25,0.973299558412023,1.84019873142103e-20,1.84019873142103e-20,0,22.8252799082392,136.216666666667,1,0,0
normal,20,low_irradiance,hybrid,19,18,30,0.938181746349377,1.84019873142103e-20,1.84019873142103e-20,0,135.887314975876,136.216666666667,1,0,0
normal,20,low_irradiance,hybrid,19,18,33,0.934986453637989,1.84019873142103e-20,1.84019873142103e-20,0,135.887314975876,136.216666666667,1,0,0
normal,20,low_irradiance,hybrid,20,19,6,0.958561750951359,0,0,0,73.0891080827857,136.216666666667,1,0,0
normal,20,low_irradiance,hybrid,20,19,14,0.930947563003548,0,0,0,135.887314975876,136.216666666667,1,0,0
normal,20,low_irradiance,hybrid,20,19,18,0.928970762836815,0,0,0,135.887314975876,136.216666666667,1,0,0
normal,20,low_irradiance,hybrid,20,19,25,0.972730396821181,0,0,0,24.7603748566512,136.216666666667,1,0,0
normal,20,low_irradiance,hybrid,20,19,30,0.936662400978212,0,0,0,135.887314975876,136.216666666667,1,0,0
normal,20,low_irradiance,hybrid,20,19,33,0.933361715841501,0,0,0,135.887314975876,136.216666666667,1,0,0
normal,20,low_irradiance,hybrid,21,20,6,0.959685775675998,0,0,0,69.267849705216,136.216666666667,1,0,0
normal,20,low_irradiance,hybrid,21,20,14,0.932997153344121,0,0,0,135.887314975876,136.216666666667,1,0,0
normal,20,low_irradiance,hybrid,21,20,18,0.931142046443725,0,0,0,135.887314975876,136.216666666667,1,0,0
normal,20,low_irradiance,hybrid,21,20,25,0.973391407711628,0,0,0,22.5130015404923,136.216666666667,1,0,0
normal,20,low_irradiance,hybrid,21,20,30,0.938426743851333,0,0,0,135.887314975876,136.216666666667,1,0,0
normal,20,low_irradiance,hybrid,21,20,33,0.935248441860146,0,0,0,135.887314975876,136.216666666667,1,0,0
normal,20,low_irradiance,hybrid,22,21,6,0.962795621872841,0,0,0,58.6550909619318,136.216666666667,1,0,0
normal,20,low_irradiance,hybrid,22,21,14,0.938749506670109,0,0,0,135.887314975876,136.216666666667,1,0,0
normal,20,low_irradiance,hybrid,22,21,18,0.937241855119682,0,0,0,135.887314975876,136.216666666667,1,0,0
normal,20,low_irradiance,hybrid,22,21,25,0.975266032905141,0,0,0,16.1311531652875,136.216666666667,1,0,0
normal,20,low_irradiance,hybrid,22,21,30,0.943198393039999,0,0,0,125.316160791291,136.216666666667,1,0,0
normal,20,low_irradiance,hybrid,22,21,33,0.9403566137764,0,0,0,134.860331754605,136.216666666667,1,0,0
normal,20,low_irradiance,hybrid,23,22,6,0.966265565098165,0,0,0,46.7340800636719,136.216666666667,1,0,0
normal,20,low_irradiance,hybrid,23,22,14,0.944584724376444,0,0,0,120.401837278284,136.216666666667,1,0,0
normal,20,low_irradiance,hybrid,23,22,18,0.943266170845113,0,0,0,124.876485660429,136.216666666667,1,0,0
normal,20,low_irradiance,hybrid,23,22,25,0.977539472249778,0,0,0,8.39296665072462,136.216666666667,1,0,0
normal,20,low_irradiance,hybrid,23,22,30,0.948428540744083,0,0,0,107.194547757096,136.216666666667,1,0,0
normal,20,low_irradiance,hybrid,23,22,33,0.945794161194839,0,0,0,116.158240103479,136.216666666667,1,0,0
normal,20,low_irradiance,hybrid,24,23,6,0.969101095019082,0,0,0,37.0831482566007,136.216666666667,1,0,0
normal,20,low_irradiance,hybrid,24,23,14,0.94909570618371,0,0,0,105.078626624455,136.216666666667,1,0,0
normal,20,low_irradiance,hybrid,24,23,18,0.947800723412628,0,0,0,109.549619061209,136.216666666667,1,0,0
normal,20,low_irradiance,hybrid,24,23,25,0.979432456081587,0,0,0,1.97927520841503,136.216666666667,1,0,0
normal,20,low_irradiance,hybrid,24,23,30,0.952746954892614,0,0,0,92.500587480522,136.216666666667,1,0,0
normal,20,low_irradiance,hybrid,24,23,33,0.950291416067369,0,0,0,100.888236032727,136.216666666667,1,0,0
normal,20,low_irradiance,hybrid_pso,1,0,6,0.976769404048746,0,0,0,105.561943006998,136.216666666667,1,0,0
normal,20,low_irradiance,hybrid_pso,1,0,14,0.963264107538231,0,0,0,135.887314975876,136.216666666667,1,0,0
normal,20,low_irradiance,hybrid_pso,1,0,18,0.963137196978829,0,0,0,135.887314975876,136.216666666667,1,0,0
normal,20,low_irradiance,hybrid_pso,1,0,25,0.984190162062112,0,0,0,71.7230640564165,136.216666666667,1,0,0
normal,20,low_irradiance,hybrid_pso,1,0,30,0.964663496743435,0,0,0,135.887314975876,136.216666666667,1,0,0
normal,20,low_irradiance,hybrid_pso,1,0,33,0.963231894233248,0,0,0,135.887314975876,136.216666666667,1,0,0
normal,20,low_irradiance,hybrid_pso,2,1,6,0.976769404048746,0,0,0,105.561943006998,136.216666666667,1,0,0
normal,20,low_irradiance,hybrid_pso,2,1,14,0.963264107538231,0,0,0,135.887314975876,136.216666666667,1,0,0
normal,20,low_irradiance,hybrid_pso,2,1,18,0.963137196978829,0,0,0,135.887314975876,136.216666666667,1,0,0
normal,20,low_irradiance,hybrid_pso,2,1,25,0.984190162062112,0,0,0,71.7230640564165,136.216666666667,1,0,0
normal,20,low_irradiance,hybrid_pso,2,1,30,0.964663496743435,0,0,0,135.887314975876,136.216666666667,1,0,0
normal,20,low_irradiance,hybrid_pso,2,1,33,0.963231894233248,0,0,0,135.887314975876,136.216666666667,1,0,0
normal,20,low_irradiance,hybrid_pso,3,2,6,0.976769404048746,0,0,0,105.561943006998,136.216666666667,1,0,0
normal,20,low_irradiance,hybrid_pso,3,2,14,0.963264107538231,0,0,0,135.887314975876,136.216666666667,1,0,0
normal,20,low_irradiance,hybrid_pso,3,2,18,0.963137196978829,0,0,0,135.887314975876,136.216666666667,1,0,0
normal,20,low_irradiance,hybrid_pso,3,2,25,0.984190162062112,0,0,0,71.7230640564165,136.216666666667,1,0,0
normal,20,low_irradiance,hybrid_pso,3,2,30,0.964663496743435,0,0,0,135.887314975876,136.216666666667,1,0,0
normal,20,low_irradiance,hybrid_pso,3,2,33,0.963231894233248,0,0,0,135.887314975876,136.216666666667,1,0,0
normal,20,low_irradiance,hybrid_pso,4,3,6,0.976769404048746,0,0,0,105.561943006998,136.216666666667,1,0,0
normal,20,low_irradiance,hybrid_pso,4,3,14,0.963264107538231,0,0,0,135.887314975876,136.216666666667,1,0,0
normal,20,low_irradiance,hybrid_pso,4,3,18,0.963137196978829,0,0,0,135.887314975876,136.216666666667,1,0,0
normal,20,low_irradiance,hybrid_pso,4,3,25,0.984190162062112,0,0,0,71.7230640564165,136.216666666667,1,0,0
normal,20,low_irradiance,hybrid_pso,4,3,30,0.964663496743435,0,0,0,135.887314975876,136.216666666667,1,0,0
normal,20,low_irradiance,hybrid_pso,4,3,33,0.963231894233248,0,0,0,135.887314975876,136.216666666667,1,0,0
normal,20,low_irradiance,hybrid_pso,5,4,6,0.976769404048746,0,0,0,105.561943006998,136.216666666667,1,0,0
normal,20,low_irradiance,hybrid_pso,5,4,14,0.963264107538231,0,0,0,135.887314975876,136.216666666667,1,0,0
normal,20,low_irradiance,hybrid_pso,5,4,18,0.963137196978829,0,0,0,135.887314975876,136.216666666667,1,0,0
normal,20,low_irradiance,hybrid_pso,5,4,25,0.984190162062112,0,0,0,71.7230640564165,136.216666666667,1,0,0
normal,20,low_irradiance,hybrid_pso,5,4,30,0.964663496743435,0,0,0,135.887314975876,136.216666666667,1,0,0
normal,20,low_irradiance,hybrid_pso,5,4,33,0.963231894233248,0,0,0,135.887314975876,136.216666666667,1,0,0
normal,20,low_irradiance,hybrid_pso,6,5,6,0.976267858349763,0,0,0,107.835545162381,136.216666666667,1,0,0
normal,20,low_irradiance,hybrid_pso,6,5,14,0.962350432956092,0,0,0,135.887314975876,136.216666666667,1,0,0
normal,20,low_irradiance,hybrid_pso,6,5,18,0.962169523193812,0,0,0,135.887314975876,136.216666666667,1,0,0
normal,20,low_irradiance,hybrid_pso,6,5,25,0.983891492386772,0,0,0,73.0772069353668,136.216666666667,1,0,0
normal,20,low_irradiance,hybrid_pso,6,5,30,0.963875090232023,0,0,0,135.887314975876,136.216666666667,1,0,0
normal,20,low_irradiance,hybrid_pso,6,5,33,0.962388761507966,0,0,0,135.887314975876,136.216666666667,1,0,0
normal,20,low_irradiance,hybrid_pso,7,6,6,0.973124860078349,0,0,0,122.067993305219,136.216666666667,1,0,0
normal,20,low_irradiance,hybrid_pso,7,6,14,0.956620982435883,0,0,0,135.887314975876,136.216666666667,1,0,0
normal,20,low_irradiance,hybrid_pso,7,6,18,0.956101047139235,0,0,0,135.887314975876,136.216666666667,1,0,0
normal,20,low_irradiance,hybrid_pso,7,6,25,0.982023761971853,0,0,0,81.5460925545432,136.216666666667,1,0,0
normal,20,low_irradiance,hybrid_pso,7,6,30,0.958932969968999,0,0,0,135.887314975876,136.216666666667,1,0,0
normal,20,low_irradiance,hybrid_pso,7,6,33,0.957103338700082,0,0,0,135.887314975876,136.216666666667,1,0,0
normal,20,low_irradiance,hybrid_pso,8,7,6,0.970455372571839,8.98659124832208,8.98659124832208,0,133.77670870977,135.91990823832,1,0,0
normal,20,low_irradiance,hybrid_pso,8,7,14,0.951995950798968,8.98659124832208,8.98659124832208,0,135.591274065382,135.91990823832,1,0,0
normal,20,low_irradiance,hybrid_pso,8,7,18,0.951309217453107,8.98659124832208,8.98659124832208,0,135.591274065382,135.91990823832,1,0,0
normal,20,low_irradiance,hybrid_pso,8,7,25,0.980370156471281,8.98659124832208,8.98659124832208,0,88.8531707611889,135.91990823832,1,0,0
normal,20,low_irradiance,hybrid_pso,8,7,30,0.954699671761915,8.98659124832208,8.98659124832208,0,135.591274065382,135.91990823832,1,0,0
normal,20,low_irradiance,hybrid_pso,8,7,33,0.952600355532701,8.98659124832208,8.98659124832208,0,135.591274065382,135.91990823832,1,0,0
normal,20,low_irradiance,hybrid_pso,9,8,6,0.969063899274149,21.8604744276482,21.8604744276482,0,134.126023287791,134.451106115108,1,0,0
normal,20,low_irradiance,hybrid_pso,9,8,14,0.949805913151545,21.8604744276482,21.8604744276482,0,134.126023287791,134.451106115108,1,0,0
normal,20,low_irradiance,hybrid_pso,9,8,18,0.949130112548461,21.8604744276482,21.8604744276482,0,134.126023287791,134.451106115108,1,0,0
normal,20,low_irradiance,hybrid_pso,9,8,25,0.979468072607704,21.8604744276482,21.8604744276482,0,91.932251070467,134.451106115108,1,0,0
normal,20,low_irradiance,hybrid_pso,9,8,30,0.952479152914912,21.8604744276482,21.8604744276482,0,134.126023287791,134.451106115108,1,0,0
normal,20,low_irradiance,hybrid_pso,9,8,33,0.950256072752819,21.8604744276482,21.8604744276482,0,134.126023287791,134.451106115108,1,0,0
normal,20,low_irradiance,hybrid_pso,10,9,6,0.969373040043,34.9023629211648,34.9023629211648,0,131.27135690366,131.669302953639,1,0,0
normal,20,low_irradiance,hybrid_pso,10,9,14,0.950636455782756,34.9023629211648,34.9023629211648,0,131.27135690366,131.669302953639,1,0,0
normal,20,low_irradiance,hybrid_pso,10,9,18,0.950128210724006,34.9023629211648,34.9023629211648,0,131.27135690366,131.669302953639,1,0,0
normal,20,low_irradiance,hybrid_pso,10,9,25,0.97956381214667,34.9023629211648,34.9023629211648,0,89.5812256910515,131.669302953639,1,0,0
normal,20,low_irradiance,hybrid_pso,10,9,30,0.952902400029184,34.9023629211648,34.9023629211648,0,131.27135690366,131.669302953639,1,0,0
normal,20,low_irradiance,hybrid_pso,10,9,33,0.950726694315934,34.9023629211648,34.9023629211648,0,131.27135690366,131.669302953639,1,0,0
normal,20,low_irradiance,hybrid_pso,11,10,6,0.970455643156094,45.8898280027777,45.8898280027777,0,126.186160516196,128.254060222877,1,0,0
normal,20,low_irradiance,hybrid_pso,11,10,14,0.952785911393709,45.8898280027777,45.8898280027777,0,127.866436110692,128.254060222877,1,0,0
normal,20,low_irradiance,hybrid_pso,11,10,18,0.952487716180011,45.8898280027777,45.8898280027777,0,127.866436110692,128.254060222877,1,0,0
normal,20,low_irradiance,hybrid_pso,11,10,25,0.980135234832012,45.8898280027777,45.8898280027777,0,84.8129096329783,128.254060222877,1,0,0
normal,20,low_irradiance,hybrid_pso,11,10,30,0.954541059361524,45.8898280027777,45.8898280027777,0,127.866436110692,128.254060222877,1,0,0
normal,20,low_irradiance,hybrid_pso,11,10,33,0.952486146517666,45.8898280027777,45.8898280027777,0,127.866436110692,128.254060222877,1,0,0
normal,20,low_irradiance,hybrid_pso,12,11,6,0.97119014643031,53.1770422173244,53.1770422173244,0,120.379293499693,125.408063771014,1,0,0
normal,20,low_irradiance,hybrid_pso,12,11,14,0.954233099847146,53.1770422173244,53.1770422173244,0,125.029041155312,125.408063771014,1,0,0
normal,20,low_irradiance,hybrid_pso,12,11,18,0.954067394103365,53.1770422173244,53.1770422173244,0,125.029041155312,125.408063771014,1,0,0
normal,20,low_irradiance,hybrid_pso,12,11,25,0.980537315140748,53.1770422173244,53.1770422173244,0,81.248926290465,125.408063771014,1,0,0
normal,20,low_irradiance,hybrid_pso,12,11,30,0.955661012952935,53.1770422173244,53.1770422173244,0,125.029041155312,125.408063771014,1,0,0
normal,20,low_irradiance,hybrid_pso,12,11,33,0.953685480109425,53.1770422173244,53.1770422173244,0,125.029041155312,125.408063771014,1,0,0
normal,20,low_irradiance,hybrid_pso,13,12,6,0.971370153380745,55.725,55.725,0,118.57407544842,124.29684088012,1,0,0
normal,20,low_irradiance,hybrid_pso,13,12,14,0.954595147357272,55.725,55.725,0,123.921176729528,124.29684088012,1,0,0
normal,20,low_irradiance,hybrid_pso,13,12,18,0.954465530410899,55.725,55.725,0,123.921176729528,124.29684088012,1,0,0
normal,20,low_irradiance,hybrid_pso,13,12,25,0.980633715996523,55.725,55.725,0,80.1291519805147,124.29684088012,1,0,0
normal,20,low_irradiance,hybrid_pso,13,12,30,0.955931419826519,55.725,55.725,0,123.921176729528,124.29684088012,1,0,0
normal,20,low_irradiance,hybrid_pso,13,12,33,0.953974410379892,55.725,55.725,0,123.921176729528,124.29684088012,1,0,0
normal,20,low_irradiance,hybrid_pso,14,13,6,0.971125480381231,53.1770422173244,53.1770422173244,0,120.645484624174,125.408063771014,1,0,0
normal,20,low_irradiance,hybrid_pso,14,13,14,0.954115524303399,53.1770422173244,53.1770422173244,0,125.029041155312,125.408063771014,1,0,0
normal,20,low_irradiance,hybrid_pso,14,13,18,0.953942928520646,53.1770422173244,53.1770422173244,0,125.029041155312,125.408063771014,1,0,0
normal,20,low_irradiance,hybrid_pso,14,13,25,0.980498945430625,53.1770422173244,53.1770422173244,0,81.4091340529841,125.408063771014,1,0,0
normal,20,low_irradiance,hybrid_pso,14,13,30,0.955559333933977,53.1770422173244,53.1770422173244,0,125.029041155312,125.408063771014,1,0,0
normal,20,low_irradiance,hybrid_pso,14,13,33,0.953576751662133,53.1770422173244,53.1770422173244,0,125.029041155312,125.408063771014,1,0,0
normal,20,low_irradiance,hybrid_pso,15,14,6,0.970418198073423,45.8898280027777,45.8898280027777,0,126.339898473969,128.254060222877,1,0,0
normal,20,low_irradiance,hybrid_pso,15,14,14,0.952717793418376,45.8898280027777,45.8898280027777,0,127.866436110692,128.254060222877,1,0,0
normal,20,low_irradiance,hybrid_pso,15,14,18,0.952415600783687,45.8898280027777,45.8898280027777,0,127.866436110692,128.254060222877,1,0,0
normal,20,low_irradiance,hybrid_pso,15,14,25,0.980113063064386,45.8898280027777,45.8898280027777,0,84.9076836462793,128.254060222877,1,0,0
normal,20,low_irradiance,hybrid_pso,15,14,30,0.95448218044502,45.8898280027777,45.8898280027777,0,127.866436110692,128.254060222877,1,0,0
normal,20,low_irradiance,hybrid_pso,15,14,33,0.952423184304378,45.8898280027777,45.8898280027777,0,127.866436110692,128.254060222877,1,0,0
normal,20,low_irradiance,hybrid_pso,16,15,6,0.968959328181995,34.9023629211648,34.9023629211648,0,131.27135690366,131.669302953639,1,0,0
normal,20,low_irradiance,hybrid_pso,16,15,14,0.949895076486736,34.9023629211648,34.9023629211648,0,131.27135690366,131.669302953639,1,0,0
normal,20,low_irradiance,hybrid_pso,16,15,18,0.949344097729789,34.9023629211648,34.9023629211648,0,131.27135690366,131.669302953639,1,0,0
normal,20,low_irradiance,hybrid_pso,16,15,25,0.979325246086815,34.9023629211648,34.9023629211648,0,90.6261525672538,131.669302953639,1,0,0
normal,20,low_irradiance,hybrid_pso,16,15,30,0.952260075264025,34.9023629211648,34.9023629211648,0,131.27135690366,131.669302953639,1,0,0
normal,20,low_irradiance,hybrid_pso,16,15,33,0.950040810794705,34.9023629211648,34.9023629211648,0,131.27135690366,131.669302953639,1,0,0
normal,20,low_irradiance,hybrid_pso,17,16,6,0.966492991144218,21.8604744276482,21.8604744276482,0,134.126023287791,134.451106115108,1,0,0
normal,20,low_irradiance,hybrid_pso,17,16,14,0.945193945272125,21.8604744276482,21.8604744276482,0,134.126023287791,134.451106115108,1,0,0
normal,20,low_irradiance,hybrid_pso,17,16,18,0.944251404633589,21.8604744276482,21.8604744276482,0,134.126023287791,134.451106115108,1,0,0
normal,20,low_irradiance,hybrid_pso,17,16,25,0.977989875799486,21.8604744276482,21.8604744276482,0,98.5465954630266,134.451106115108,1,0,0
normal,20,low_irradiance,hybrid_pso,17,16,30,0.948487343861836,21.8604744276482,21.8604744276482,0,134.126023287791,134.451106115108,1,0,0
normal,20,low_irradiance,hybrid_pso,17,16,33,0.945993341797772,21.8604744276482,21.8604744276482,0,134.126023287791,134.451106115108,1,0,0
normal,20,low_irradiance,hybrid_pso,18,17,6,0.963246345080232,8.98659124832209,8.98659124832209,0,135.591274065382,135.91990823832,1,0,0
normal,20,low_irradiance,hybrid_pso,18,17,14,0.939038860483065,8.98659124832209,8.98659124832209,0,135.591274065382,135.91990823832,1,0,0
normal,20,low_irradiance,hybrid_pso,18,17,18,0.937599139136372,8.98659124832209,8.98659124832209,0,135.591274065382,135.91990823832,1,0,0
normal,20,low_irradiance,hybrid_pso,18,17,25,0.976227005203511,8.98659124832209,8.98659124832209,0,107.598667795732,135.91990823832,1,0,0
normal,20,low_irradiance,hybrid_pso,18,17,30,0.943497750633977,8.98659124832209,8.98659124832209,0,135.591274065382,135.91990823832,1,0,0
normal,20,low_irradiance,hybrid_pso,18,17,33,0.940636494291083,8.98659124832209,8.98659124832209,0,135.591274065382,135.91990823832,1,0,0
normal,20,low_irradiance,hybrid_pso,19,18,6,0.960327110596782,1.84019873142103e-20,1.84019873142103e-20,0,135.887314975876,136.216666666667,1,0,0
normal,20,low_irradiance,hybrid_pso,19,18,14,0.933533867982638,1.84019873142103e-20,1.84019873142103e-20,0,135.887314975876,136.216666666667,1,0,0
normal,20,low_irradiance,hybrid_pso,19,18,18,0.931663544999209,1.84019873142103e-20,1.84019873142103e-20,0,135.887314975876,136.216666666667,1,0,0
normal,20,low_irradiance,hybrid_pso,19,18,25,0.974636549816366,1.84019873142103e-20,1.84019873142103e-20,0,115.043980716244,136.216666666667,1,0,0
normal,20,low_irradiance,hybrid_pso,19,18,30,0.938997767780229,1.84019873142103e-20,1.84019873142103e-20,0,135.887314975876,136.216666666667,1,0,0
normal,20,low_irradiance,hybrid_pso,19,18,33,0.935805278918195,1.84019873142103e-20,1.84019873142103e-20,0,135.887314975876,136.216666666667,1,0,0
normal,20,low_irradiance,hybrid_pso,20,19,6,0.959331557641199,0,0,0,135.887314975876,136.216666666667,1,0,0
normal,20,low_irradiance,hybrid_pso,20,19,14,0.931741148473974,0,0,0,135.887314975876,136.216666666667,1,0,0
normal,20,low_irradiance,hybrid_pso,20,19,18,0.929766059897417,0,0,0,135.887314975876,136.216666666667,1,0,0
normal,20,low_irradiance,hybrid_pso,20,19,25,0.974070273691936,0,0,0,117.611178755986,136.216666666667,1,0,0
normal,20,low_irradiance,hybrid_pso,20,19,30,0.937450661497186,0,0,0,135.887314975876,136.216666666667,1,0,0
normal,20,low_irradiance,hybrid_pso,20,19,33,0.934152779307663,0,0,0,135.887314975876,136.216666666667,1,0,0
normal,20,low_irradiance,hybrid_pso,21,20,6,0.960487649653802,0,0,0,135.887314975876,136.216666666667,1,0,0
normal,20,low_irradiance,hybrid_pso,21,20,14,0.933822896511661,0,0,0,135.887314975876,136.216666666667,1,0,0
normal,20,low_irradiance,hybrid_pso,21,20,18,0.931969457697927,0,0,0,135.887314975876,136.216666666667,1,0,0
normal,20,low_irradiance,hybrid_pso,21,20,25,0.974727930972658,0,0,0,114.6297071394,136.216666666667,1,0,0
normal,20,low_irradiance,hybrid_pso,21,20,30,0.939247227762296,0,0,0,135.887314975876,136.216666666667,1,0,0
normal,20,low_irradiance,hybrid_pso,21,20,33,0.936071729133169,0,0,0,135.887314975876,136.216666666667,1,0,0
normal,20,low_irradiance,hybrid_pso,22,21,6,0.963797241207412,0,0,0,135.887314975876,136.216666666667,1,0,0
normal,20,low_irradiance,hybrid_pso,22,21,14,0.939777770050794,0,0,0,135.887314975876,136.216666666667,1,0,0
normal,20,low_irradiance,hybrid_pso,22,21,18,0.938271798253873,0,0,0,135.887314975876,136.216666666667,1,0,0
normal,20,low_irradiance,hybrid_pso,22,21,25,0.976615839615275,0,0,0,106.070964529986,136.216666666667,1,0,0
normal,20,low_irradiance,hybrid_pso,22,21,30,0.944388706162819,0,0,0,135.887314975876,136.216666666667,1,0,0
normal,20,low_irradiance,hybrid_pso,22,21,33,0.941563155954068,0,0,0,135.887314975876,136.216666666667,1,0,0
normal,20,low_irradiance,hybrid_pso,23,22,6,0.967952377686548,0,0,0,135.887314975876,136.216666666667,1,0,0
normal,20,low_irradiance,hybrid_pso,23,22,14,0.94724445661274,0,0,0,135.887314975876,136.216666666667,1,0,0
normal,20,low_irradiance,hybrid_pso,23,22,18,0.946173107408937,0,0,0,135.887314975876,136.216666666667,1,0,0
normal,20,low_irradiance,hybrid_pso,23,22,25,0.978996898033176,0,0,0,95.2766348688489,136.216666666667,1,0,0
normal,20,low_irradiance,hybrid_pso,23,22,30,0.950840356182528,0,0,0,135.887314975876,136.216666666667,1,0,0
normal,20,low_irradiance,hybrid_pso,23,22,33,0.948453320224655,0,0,0,135.887314975876,136.216666666667,1,0,0
normal,20,low_irradiance,hybrid_pso,24,23,6,0.971362554188863,0,0,0,130.019509803717,136.216666666667,1,0,0
normal,20,low_irradiance,hybrid_pso,24,23,14,0.953405655238608,0,0,0,135.887314975876,136.216666666667,1,0,0
normal,20,low_irradiance,hybrid_pso,24,23,18,0.952695158156456,0,0,0,135.887314975876,136.216666666667,1,0,0
normal,20,low_irradiance,hybrid_pso,24,23,25,0.980979551835219,0,0,0,86.2820859029076,136.216666666667,1,0,0
normal,20,low_irradiance,hybrid_pso,24,23,30,0.956160846466259,0,0,0,135.887314975876,136.216666666667,1,0,0
normal,20,low_irradiance,hybrid_pso,24,23,33,0.954138469604092,0,0,0,135.887314975876,136.216666666667,1,0,0
normal,50,clear_sky,hybrid,1,0,6,0.976181243421774,0,0,0,32.8302408572621,340.541666666667,1,0,0
normal,50,clear_sky,hybrid,1,0,14,0.96316800101002,0,0,0,143.168383945225,340.541666666667,1,0,0
normal,50,clear_sky,hybrid,1,0,18,0.963199261618622,0,0,0,143.176496480447,340.541666666667,1,0,0
normal,50,clear_sky,hybrid,1,0,25,0.983169970306406,0,0,0,0,340.541666666667,0,0,0
normal,50,clear_sky,hybrid,1,0,30,0.964182415600644,0,0,0,134.311604288417,340.541666666667,1,0,0
normal,50,clear_sky,hybrid,1,0,33,0.962867591957472,0,0,0,145.676453185503,340.541666666667,1,0,0
normal,50,clear_sky,hybrid,2,1,6,0.976181243421774,0,0,0,32.8302408572621,340.541666666667,1,0,0
normal,50,clear_sky,hybrid,2,1,14,0.96316800101002,0,0,0,143.168383945225,340.541666666667,1,0,0
normal,50,clear_sky,hybrid,2,1,18,0.963199261618622,0,0,0,143.176496480447,340.541666666667,1,0,0
normal,50,clear_sky,hybrid,2,1,25,0.983169970306406,0,0,0,0,340.541666666667,0,0,0
normal,50,clear_sky,hybrid,2,1,30,0.964182415600644,0,0,0,134.311604288417,340.541666666667,1,0,0
normal,50,clear_sky,hybrid,2,1,33,0.962867591957472,0,0,0,145.676453185503,340.541666666667,1,0,0
normal,50,clear_sky,hybrid,3,2,6,0.976181243421774,0,0,0,32.8302408572621,340.541666666667,1,0,0
normal,50,clear_sky,hybrid,3,2,14,0.96316800101002,0,0,0,143.168383945225,340.541666666667,1,0,0
normal,50,clear_sky,hybrid,3,2,18,0.963199261618622,0,0,0,143.176496480447,340.541666666667,1,0,0
normal,50,clear_sky,hybrid,3,2,25,0.983169970306406,0,0,0,0,340.541666666667,0,0,0
normal,50,clear_sky,hybrid,3,2,30,0.964182415600644,0,0,0,134.311604288417,340.541666666667,1,0,0
normal,50,clear_sky,hybrid,3,2,33,0.962867591957472,0,0,0,145.676453185503,340.541666666667,1,0,0
normal,50,clear_sky,hybrid,4,3,6,0.976181243421774,0,0,0,32.8302408572621,340.541666666667,1,0,0
normal,50,clear_sky,hybrid,4,3,14,0.96316800101002,0,0,0,143.168383945225,340.541666666667,1,0,0
normal,50,clear_sky,hybrid,4,3,18,0.963199261618622,0,0,0,143.176496480447,340.541666666667,1,0,0
normal,50,clear_sky,hybrid,4,3,25,0.983169970306406,0,0,0,0,340.541666666667,0,0,0
normal,50,clear_sky,hybrid,4,3,30,0.964182415600644,0,0,0,134.311604288417,340.541666666667,1,0,0
normal,50,clear_sky,hybrid,4,3,33,0.962867591957472,0,0,0,145.676453185503,340.541666666667,1,0,0
normal,50,clear_sky,hybrid,5,4,6,0.976181243421774,0,0,0,32.8302408572621,340.541666666667,1,0,0
normal,50,clear_sky,hybrid,5,4,14,0.96316800101002,0,0,0,143.168383945225,340.541666666667,1,0,0
normal,50,clear_sky,hybrid,5,4,18,0.963199261618622,0,0,0,143.176496480447,340.541666666667,1,0,0
normal,50,clear_sky,hybrid,5,4,25,0.983169970306406,0,0,0,0,340.541666666667,0,0,0
normal,50,clear_sky,hybrid,5,4,30,0.964182415600644,0,0,0,134.311604288417,340.541666666667,1,0,0
normal,50,clear_sky,hybrid,5,4,33,0.962867591957472,0,0,0,145.676453185503,340.541666666667,1,0,0
normal,50,clear_sky,hybrid,6,5,6,0.975832288256844,0,0,0,35.7873813594832,340.541666666667,1,0,0
normal,50,clear_sky,hybrid,6,5,14,0.962683866848076,0,0,0,147.287711914192,340.541666666667,1,0,0
normal,50,clear_sky,hybrid,6,5,18,0.962745330467691,0,0,0,147.047670826029,340.541666666667,1,0,0
normal,50,clear_sky,hybrid,6,5,25,0.982887082077242,0,0,0,0,340.541666666667,0,0,0
normal,50,clear_sky,hybrid,6,5,30,0.96367046452885,0,0,0,138.660423804734,340.541666666667,1,0,0
normal,50,clear_sky,hybrid,6,5,33,0.96235389090673,0,0,0,150.048956547188,340.541666666667,1,0,0
normal,50,clear_sky,hybrid,7,6,6,0.973649579607576,0,0,0,54.2486997036793,340.541666666667,1,0,0
normal,50,clear_sky,hybrid,7,6,14,0.959655644413505,0,0,0,173.11219899808,340.541666666667,1,0,0
normal,50,clear_sky,hybrid,7,6,18,0.95990615998119,0,0,0,171.195580567019,340.541666666667,1,0,0
normal,50,clear_sky,hybrid,7,6,25,0.981119358763514,0,0,0,0.00970321009635631,340.541666666667,0,0,0
normal,50,clear_sky,hybrid,7,6,30,0.960471465956164,0,0,0,165.940575425451,340.541666666667,1,0,0
normal,50,clear_sky,hybrid,7,6,33,0.959145279770055,0,0,0,177.422088073111,340.541666666667,1,0,0
normal,50,clear_sky,hybrid,8,7,6,0.973778442443233,49.9255069351227,49.9255069351227,0,52.570492782073,336.862094177101,1,0,0
normal,50,clear_sky,hybrid,8,7,14,0.960670143815064,49.9255069351227,49.9255069351227,0,162.673274385115,336.862094177101,1,0,0
normal,50,clear_sky,hybrid,8,7,18,0.961355218001172,49.9255069351227,49.9255069351227,0,157.170268974515,336.862094177101,1,0,0
normal,50,clear_sky,hybrid,8,7,25,0.980868559778977,49.9255069351227,49.9255069351227,0,0.0154593482115409,336.862094177101,0,0,0
normal,50,clear_sky,hybrid,8,7,30,0.960558039590042,49.9255069351227,49.9255069351227,0,163.407220812392,336.862094177101,1,0,0
normal,50,clear_sky,hybrid,8,7,33,0.959364971936265,49.9255069351227,49.9255069351227,0,173.653415421741,336.862094177101,1,0,0
normal,50,clear_sky,hybrid,9,8,6,0.975548536022556,121.447080153601,121.447080153601,0,35.6101077678444,318.149702904585,1,0,0
normal,50,clear_sky,hybrid,9,8,14,0.964209193832088,121.447080153601,121.447080153601,0,125.490235298266,318.149702904585,1,0,0
normal,50,clear_sky,hybrid,9,8,18,0.965334722576615,121.447080153601,121.447080153601,0,116.779464264206,318.149702904585,1,0,0
normal,50,clear_sky,hybrid,9,8,25,0.981877633979759,121.447080153601,121.447080153601,0,0,318.149702904585,0,0,0
normal,50,clear_sky,hybrid,9,8,30,0.962980258272585,121.447080153601,121.447080153601,0,135.069576498706,318.149702904585,1,0,0
normal,50,clear_sky,hybrid,9,8,33,0.961947402150565,121.447080153601,121.447080153601,0,143.450015360497,318.149702904585,1,0,0
normal,50,clear_sky,hybrid,10,9,6,0.978410210652196,193.902016228693,193.902016228693,0,11.4195977005905,279.947557300575,1,0,0
normal,50,clear_sky,hybrid,10,9,14,0.96927797298787,193.902016228693,193.902016228693,0,74.9273630000769,279.947557300575,1,0,0
normal,50,clear_sky,hybrid,10,9,18,0.970776045648509,193.902016228693,193.902016228693,0,64.6817327322323,279.947557300575,1,0,0
normal,50,clear_sky,hybrid,10,9,25,0.983816793191298,193.902016228693,193.902016228693,0,0,279.947557300575,0,0,0
normal,50,clear_sky,hybrid,10,9,30,0.966997430748716,193.902016228693,193.902016228693,0,90.6662990951857,279.947557300575,1,0,0
normal,50,clear_sky,hybrid,10,9,33,0.96611589024492,193.902016228693,193.902016228693,0,96.9617203072022,279.947557300575,1,0,0
normal,50,clear_sky,hybrid,11,10,6,0.981517423940594,254.94348890432,254.94348890432,0,0,225.770778005932,0,0,0
normal,50,clear_sky,hybrid,11,10,14,0.974676571087106,254.94348890432,254.94348890432,0,29.9662265069462,225.770778005932,1,0,0
normal,50,clear_sky,hybrid,11,10,18,0.976540963544347,254.94348890432,254.94348890432,0,19.6454774373722,225.770778005932,1,0,0
normal,50,clear_sky,hybrid,11,10,25,0.985929663304897,254.94348890432,254.94348890432,0,0,225.770778005932,0,0,0
normal,50,clear_sky,hybrid,11,10,30,0.971382990446128,254.94348890432,254.94348890432,0,48.3416298908326,225.770778005932,1,0,0
normal,50,clear_sky,hybrid,11,10,33,0.970652649514063,254.94348890432,254.94348890432,0,52.5226246612824,225.770778005932,1,0,0
normal,50,clear_sky,hybrid,12,11,6,0.983822564264293,295.428012318469,295.428012318469,0,0,169.383931568699,0,0,0
normal,50,clear_sky,hybrid,12,11,14,0.978993866924129,295.428012318469,295.428012318469,0,4.29101608115936,169.383931568699,1,0,0
normal,50,clear_sky,hybrid,12,11,18,0.981320042853582,295.428012318469,295.428012318469,0,0,169.383931568699,0,0,0
normal,50,clear_sky,hybrid,12,11,25,0.987401664197946,295.428012318469,295.428012318469,0,0,169.383931568699,0,0,0
normal,50,clear_sky,hybrid,12,11,30,0.974616099893073,295.428012318469,295.428012318469,0,22.4726541344074,169.383931568699,1,0,0
normal,50,clear_sky,hybrid,12,11,33,0.974014562158686,295.428012318469,295.428012318469,0,25.0285094531961,169.383931568699,1,0,0
normal,50,clear_sky,hybrid,13,12,6,0.984679629891742,309.583333333333,309.583333333333,0,0,141.868905889674,0,0,0
normal,50,clear_sky,hybrid,13,12,14,0.980894218877855,309.583333333333,309.583333333333,0,0,141.868905889674,0,0,0
normal,50,clear_sky,hybrid,13,12,18,0.983519145777186,309.583333333333,309.583333333333,0,0,141.868905889674,0,0,0
normal,50,clear_sky,hybrid,13,12,25,0.987898398828137,309.583333333333,309.583333333333,0,0,141.868905889674,0,0,0
normal,50,clear_sky,hybrid,13,12,30,0.975789653994221,309.583333333333,309.583333333333,0,14.6205677573873,141.868905889674,1,0,0
normal,50,clear_sky,hybrid,13,12,33,0.97523909315339,309.583333333333,309.583333333333,0,16.5603783814928,141.868905889674,1,0,0
normal,50,clear_sky,hybrid,14,13,6,0.983767970881026,295.428012318469,295.428012318469,0,0,169.383931568699,0,0,0
normal,50,clear_sky,hybrid,14,13,14,0.978902851689967,295.428012318469,295.428012318469,0,4.67181379547187,169.383931568699,1,0,0
normal,50,clear_sky,hybrid,14,13,18,0.981222595731847,295.428012318469,295.428012318469,0,0,169.383931568699,0,0,0
normal,50,clear_sky,hybrid,14,13,25,0.987363952288327,295.428012318469,295.428012318469,0,0,169.383931568699,0,0,0
normal,50,clear_sky,hybrid,14,13,30,0.974535587837034,295.428012318469,295.428012318469,0,22.8092517692124,169.383931568699,1,0,0
normal,50,clear_sky,hybrid,14,13,33,0.973931465048396,295.428012318469,295.428012318469,0,25.3768005152102,169.383931568699,1,0,0
normal,50,clear_sky,hybrid,15,14,6,0.981488744631967,254.94348890432,254.94348890432,0,0,225.770778005932,0,0,0
normal,50,clear_sky,hybrid,15,14,14,0.97463507815845,254.94348890432,254.94348890432,0,30.1999760749807,225.770778005932,1,0,0
normal,50,clear_sky,hybrid,15,14,18,0.976500598564447,254.94348890432,254.94348890432,0,19.8735287986165,225.770778005932,1,0,0
normal,50,clear_sky,hybrid,15,14,25,0.985908465079396,254.94348890432,254.94348890432,0,0,225.770778005932,0,0,0
normal,50,clear_sky,hybrid,15,14,30,0.971340494192955,254.94348890432,254.94348890432,0,48.5801726224254,225.770778005932,1,0,0
normal,50,clear_sky,hybrid,15,14,33,0.970609166645503,254.94348890432,254.94348890432,0,52.767211262761,225.770778005932,1,0,0
normal,50,clear_sky,hybrid,16,15,6,0.978130913137042,193.902016228693,193.902016228693,0,13.3651071473954,279.947557300575,1,0,0
normal,50,clear_sky,hybrid,16,15,14,0.96887841964638,193.902016228693,193.902016228693,0,77.7218861398841,279.947557300575,1,0,0
normal,50,clear_sky,hybrid,16,15,18,0.970393781299813,193.902016228693,193.902016228693,0,67.3612610082045,279.947557300575,1,0,0
normal,50,clear_sky,hybrid,16,15,25,0.983596504288525,193.902016228693,193.902016228693,0,0,279.947557300575,0,0,0
normal,50,clear_sky,hybrid,16,15,30,0.966580674056806,193.902016228693,193.902016228693,0,93.5750314173317,279.947557300575,1,0,0
normal,50,clear_sky,hybrid,16,15,33,0.965692871138666,193.902016228693,193.902016228693,0,99.9194494485891,279.947557300575,1,0,0
normal,50,clear_sky,hybrid,17,16,6,0.973853332946786,121.447080153601,121.447080153601,0,49.0442180714091,318.149702904585,1,0,0
normal,50,clear_sky,hybrid,17,16,14,0.961834383963648,121.447080153601,121.447080153601,0,144.37017446144,318.149702904585,1,0,0
normal,50,clear_sky,hybrid,17,16,18,0.963093019207788,121.447080153601,121.447080153601,0,134.632400910181,318.149702904585,1,0,0
normal,50,clear_sky,hybrid,17,16,25,0.980515147521238,121.447080153601,121.447080153601,0,0.029548996695148,318.149702904585,0,0,0
normal,50,clear_sky,hybrid,17,16,30,0.960475367321758,121.447080153601,121.447080153601,0,154.957445126582,318.149702904585,1,0,0
normal,50,clear_sky,hybrid,17,16,33,0.959424047477019,121.447080153601,121.447080153601,0,163.515782388971,318.149702904585,1,0,0
normal,50,clear_sky,hybrid,18,17,6,0.969062842440387,49.9255069351227,49.9255069351227,0,92.2009462266408,336.862094177101,1,0,0
normal,50,clear_sky,hybrid,18,17,14,0.954098491856063,49.9255069351227,49.9255069351227,0,218.027154671624,336.862094177101,1,0,0
normal,50,clear_sky,hybrid,18,17,18,0.95519331643396,49.9255069351227,49.9255069351227,0,209.059222950392,336.862094177101,1,0,0
normal,50,clear_sky,hybrid,18,17,25,0.977321779487322,49.9255069351227,49.9255069351227,0,22.5729820159126,336.862094177101,1,0,0
normal,50,clear_sky,hybrid,18,17,30,0.95361784175839,49.9255069351227,49.9255069351227,0,221.897220787015,336.862094177101,1,0,0
normal,50,clear_sky,hybrid,18,17,33,0.952399974061805,49.9255069351227,49.9255069351227,0,232.320207615866,336.862094177101,1,0,0
normal,50,clear_sky,hybrid,19,18,6,0.965158618375891,1.02233262856724e-19,1.02233262856724e-19,0,126.611161079149,340.541666666667,1,0,0
normal,50,clear_sky,hybrid,19,18,14,0.947830018196321,1.02233262856724e-19,1.02233262856724e-19,0,273.715623303685,340.541666666667,1,0,0
normal,50,clear_sky,hybrid,19,18,18,0.948840630887303,1.02233262856724e-19,1.02233262856724e-19,0,265.454264514619,340.541666666667,1,0,0
normal,50,clear_sky,hybrid,19,18,25,0.974795178340441,1.02233262856724e-19,1.02233262856724e-19,0,44.2795416540485,340.541666666667,1,0,0
normal,50,clear_sky,hybrid,19,18,30,0.94800958906158,1.02233262856724e-19,1.02233262856724e-19,0,272.044206524571,340.541666666667,1,0,0
normal,50,clear_sky,hybrid,19,18,33,0.946652093684588,1.02233262856724e-19,1.02233262856724e-19,0,283.659977332614,340.541666666667,1,0,0
normal,50,clear_sky,hybrid,20,19,6,0.964510173934802,0,0,0,132.192921643087,340.541666666667,1,0,0
normal,50,clear_sky,hybrid,20,19,14,0.946926266870501,0,0,0,281.38674065586,340.541666666667,1,0,0
normal,50,clear_sky,hybrid,20,19,18,0.94799660102976,0,0,0,272.65115617033,340.541666666667,1,0,0
normal,50,clear_sky,hybrid,20,19,25,0.974322371274398,0,0,0,48.2997821283974,340.541666666667,1,0,0
normal,50,clear_sky,hybrid,20,19,30,0.947058806756046,0,0,0,280.124381380546,340.541666666667,1,0,0
normal,50,clear_sky,hybrid,20,19,33,0.945699491911413,0,0,0,291.726516796286,340.541666666667,1,0,0
normal,50,clear_sky,hybrid,21,20,6,0.965263247673748,0,0,0,125.71311839438,340.541666666667,1,0,0
normal,50,clear_sky,hybrid,21,20,14,0.947975813387445,0,0,0,272.474499410277,340.541666666667,1,0,0
normal,50,clear_sky,hybrid,21,20,18,0.948976862454457,0,0,0,264.295180070906,340.541666666667,1,0,0
normal,50,clear_sky,hybrid,21,20,25,0.974871507323927,0,0,0,43.6309722435853,340.541666666667,1,0,0
normal,50,clear_sky,hybrid,21,20,30,0.948163006285282,0,0,0,270.739455306551,340.541666666667,1,0,0
normal,50,clear_sky,hybrid,21,20,33,0.946805805342783,0,0,0,282.357031777282,340.541666666667,1,0,0
normal,50,clear_sky,hybrid,22,21,6,0.967424325828574,0,0,0,107.205060630324,340.541666666667,1,0,0
normal,50,clear_sky,hybrid,22,21,14,0.950987481303339,0,0,0,246.88037427649,340.541666666667,1,0,0
normal,50,clear_sky,hybrid,22,21,18,0.951791403627056,0,0,0,240.303374092885,340.541666666667,1,0,0
normal,50,clear_sky,hybrid,22,21,25,0.976450154657444,0,0,0,30.2240093131853,340.541666666667,1,0,0
normal,50,clear_sky,hybrid,22,21,30,0.951333165362317,0,0,0,243.776663041578,340.541666666667,1,0,0
normal,50,clear_sky,hybrid,22,21,33,0.949982591448551,0,0,0,255.402787889402,340.541666666667,1,0,0
normal,50,clear_sky,hybrid,23,22,6,0.970147575263501,0,0,0,84.0015046494962,340.541666666667,1,0,0
normal,50,clear_sky,hybrid,23,22,14,0.95478342678631,0,0,0,214.57007623081,340.541666666667,1,0,0
normal,50,clear_sky,hybrid,23,22,18,0.95534322363077,0,0,0,210.071262169792,340.541666666667,1,0,0
normal,50,clear_sky,hybrid,23,22,25,0.978445722182587,0,0,0,13.3087801515582,340.541666666667,1,0,0
normal,50,clear_sky,hybrid,23,22,30,0.955330672012576,0,0,0,209.682836740721,340.541666666667,1,0,0
normal,50,clear_sky,hybrid,23,22,33,0.953989561273786,0,0,0,221.282110609018,340.541666666667,1,0,0
normal,50,clear_sky,hybrid,24,23,6,0.972428233805928,0,0,0,64.6150205075342,340.541666666667,1,0,0
normal,50,clear_sky,hybrid,24,23,14,0.957961298344992,0,0,0,187.523743973815,340.541666666667,1,0,0
normal,50,clear_sky,hybrid,24,23,18,0.958319188680746,0,0,0,184.721390427238,340.541666666667,1,0,0
normal,50,clear_sky,hybrid,24,23,25,0.98013290734666,0,0,0,0.0995106788003133,340.541666666667,0,0,0
normal,50,clear_sky,hybrid,24,23,30,0.958682071712249,0,0,0,181.151825970401,340.541666666667,1,0,0
normal,50,clear_sky,hybrid,24,23,33,0.957350924234302,0,0,0,192.698750019583,340.541666666667,1,0,0
normal,50,clear_sky,hybrid_pso,1,0,6,0.982391999746644,0,0,0,199.884522249646,340.541666666667,1,0,0
normal,50,clear_sky,hybrid_pso,1,0,14,0.97676840685135,0,0,0,263.601526743525,340.541666666667,1,0,0
normal,50,clear_sky,hybrid_pso,1,0,18,0.978865894132918,0,0,0,240.057457368704,340.541666666667,1,0,0
normal,50,clear_sky,hybrid_pso,1,0,25,0.986410129125105,0,0,0,153.962228915906,340.541666666667,1,0,0
normal,50,clear_sky,hybrid_pso,1,0,30,0.974517091941637,0,0,0,289.058650652693,340.541666666667,1,0,0
normal,50,clear_sky,hybrid_pso,1,0,33,0.974870083286128,0,0,0,285.282865911636,340.541666666667,1,0,0
normal,50,clear_sky,hybrid_pso,2,1,6,0.982391999746644,0,0,0,199.884522249646,340.541666666667,1,0,0
normal,50,clear_sky,hybrid_pso,2,1,14,0.97676840685135,0,0,0,263.601526743525,340.541666666667,1,0,0
normal,50,clear_sky,hybrid_pso,2,1,18,0.978865894132918,0,0,0,240.057457368704,340.541666666667,1,0,0
normal,50,clear_sky,hybrid_pso,2,1,25,0.986410129125105,0,0,0,153.962228915906,340.541666666667,1,0,0
normal,50,clear_sky,hybrid_pso,2,1,30,0.974517091941637,0,0,0,289.058650652693,340.541666666667,1,0,0
normal,50,clear_sky,hybrid_pso,2,1,33,0.974870083286128,0,0,0,285.282865911636,340.541666666667,1,0,0
normal,50,clear_sky,hybrid_pso,3,2,6,0.982391999746644,0,0,0,199.884522249646,340.541666666667,1,0,0
normal,50,clear_sky,hybrid_pso,3,2,14,0.97676840685135,0,0,0,263.601526743525,340.541666666667,1,0,0
normal,50,clear_sky,hybrid_pso,3,2,18,0.978865894132918,0,0,0,240.057457368704,340.541666666667,1,0,0
normal,50,clear_sky,hybrid_pso,3,2,25,0.986410129125105,0,0,0,153.962228915906,340.541666666667,1,0,0
normal,50,clear_sky,hybrid_pso,3,2,30,0.974517091941637,0,0,0,289.058650652693,340.541666666667,1,0,0
normal,50,clear_sky,hybrid_pso,3,2,33,0.974870083286128,0,0,0,285.282865911636,340.541666666667,1,0,0
normal,50,clear_sky,hybrid_pso,4,3,6,0.982391999746644,0,0,0,199.884522249646,340.541666666667,1,0,0
normal,50,clear_sky,hybrid_pso,4,3,14,0.97676840685135,0,0,0,263.601526743525,340.541666666667,1,0,0
normal,50,clear_sky,hybrid_pso,4,3,18,0.978865894132918,0,0,0,240.057457368704,340.541666666667,1,0,0
normal,50,clear_sky,hybrid_pso,4,3,25,0.986410129125105,0,0,0,153.962228915906,340.541666666667,1,0,0
normal,50,clear_sky,hybrid_pso,4,3,30,0.974517091941637,0,0,0,289.058650652693,340.541666666667,1,0,0
normal,50,clear_sky,hybrid_pso,4,3,33,0.974870083286128,0,0,0,285.282865911636,340.541666666667,1,0,0
normal,50,clear_sky,hybrid_pso,5,4,6,0.982391999746644,0,0,0,199.884522249646,340.541666666667,1,0,0
normal,50,clear_sky,hybrid_pso,5,4,14,0.97676840685135,0,0,0,263.601526743525,340.541666666667,1,0,0
normal,50,clear_sky,hybrid_pso,5,4,18,0.978865894132918,0,0,0,240.057457368704,340.541666666667,1,0,0
normal,50,clear_sky,hybrid_pso,5,4,25,0.986410129125105,0,0,0,153.962228915906,340.541666666667,1,0,0
normal,50,clear_sky,hybrid_pso,5,4,30,0.974517091941637,0,0,0,289.058650652693,340.541666666667,1,0,0
normal,50,clear_sky,hybrid_pso,5,4,33,0.974870083286128,0,0,0,285.282865911636,340.541666666667,1,0,0
normal,50,clear_sky,hybrid_pso,6,5,6,0.982075208872195,0,0,0,203.51097233346,340.541666666667,1,0,0
normal,50,clear_sky,hybrid_pso,6,5,14,0.976351030962382,0,0,0,268.329385112856,340.541666666667,1,0,0
normal,50,clear_sky,hybrid_pso,6,5,18,0.97848793029299,0,0,0,244.356954854528,340.541666666667,1,0,0
normal,50,clear_sky,hybrid_pso,6,5,25,0.986168469492843,0,0,0,156.704235135875,340.541666666667,1,0,0
normal,50,clear_sky,hybrid_pso,6,5,30,0.974061273015476,0,0,0,294.210818261547,340.541666666667,1,0,0
normal,50,clear_sky,hybrid_pso,6,5,33,0.974421710726845,0,0,0,290.368463589632,340.541666666667,1,0,0
normal,50,clear_sky,hybrid_pso,7,6,6,0.980093259986099,0,0,0,226.214926484949,340.541666666667,1,0,0
normal,50,clear_sky,hybrid_pso,7,6,14,0.973739815425179,0,0,0,297.961234845259,340.541666666667,1,0,0
normal,50,clear_sky,hybrid_pso,7,6,18,0.976123383175669,0,0,0,271.184234940831,340.541666666667,1,0,0
normal,50,clear_sky,hybrid_pso,7,6,25,0.984660170851343,0,0,0,173.963292748152,340.541666666667,1,0,0
normal,50,clear_sky,hybrid_pso,7,6,30,0.971212301387969,0,0,0,326.491933423435,340.541666666667,1,0,0
normal,50,clear_sky,hybrid_pso,7,6,33,0.971619979335354,0,0,0,322.133343564184,340.541666666667,1,0,0
normal,50,clear_sky,hybrid_pso,8,7,6,0.98020248271195,49.9255069351227,49.9255069351227,0,222.501877797619,336.862094177101,1,0,0
normal,50,clear_sky,hybrid_pso,8,7,14,0.974589617869694,49.9255069351227,49.9255069351227,0,285.216231849126,336.862094177101,1,0,0
normal,50,clear_sky,hybrid_pso,8,7,18,0.977344521191852,49.9255069351227,49.9255069351227,0,254.535906513714,336.862094177101,1,0,0
normal,50,clear_sky,hybrid_pso,8,7,25,0.98442524271263,49.9255069351227,49.9255069351227,0,174.709905276283,336.862094177101,1,0,0
normal,50,clear_sky,hybrid_pso,8,7,30,0.971251867441096,49.9255069351227,49.9255069351227,0,322.515810848878,336.862094177101,1,0,0
normal,50,clear_sky,hybrid_pso,8,7,33,0.971774313095472,49.9255069351227,49.9255069351227,0,316.936250118697,336.862094177101,1,0,0
normal,50,clear_sky,hybrid_pso,9,8,6,0.981661694299555,121.447080153601,121.447080153601,0,194.492487687065,318.149702904585,1,0,0
normal,50,clear_sky,hybrid_pso,9,8,14,0.977366459025553,121.447080153601,121.447080153601,0,239.917248366493,318.149702904585,1,0,0
normal,50,clear_sky,hybrid_pso,9,8,18,0.980419405688836,121.447080153601,121.447080153601,0,207.839783716458,318.149702904585,1,0,0
normal,50,clear_sky,hybrid_pso,9,8,25,0.985161351214062,121.447080153601,121.447080153601,0,157.037844009291,318.149702904585,1,0,0
normal,50,clear_sky,hybrid_pso,9,8,30,0.973126280592393,121.447080153601,121.447080153601,0,284.70779922837,318.149702904585,1,0,0
normal,50,clear_sky,hybrid_pso,9,8,33,0.973710481974314,121.447080153601,121.447080153601,0,278.807495704755,318.149702904585,1,0,0
normal,50,clear_sky,hybrid_pso,10,9,6,0.983897751742862,193.902016228693,193.902016228693,0,150.099005193998,279.947557300575,1,0,0
normal,50,clear_sky,hybrid_pso,10,9,14,0.981090263458827,193.902016228693,193.902016228693,0,176.39855413856,279.947557300575,1,0,0
normal,50,clear_sky,hybrid_pso,10,9,18,0.984313522058974,193.902016228693,193.902016228693,0,146.521391715534,279.947557300575,1,0,0
normal,50,clear_sky,hybrid_pso,10,9,25,0.986576853596404,193.902016228693,193.902016228693,0,124.947632672418,279.947557300575,1,0,0
normal,50,clear_sky,hybrid_pso,10,9,30,0.976075092256918,193.902016228693,193.902016228693,0,223.081451268469,279.947557300575,1,0,0
normal,50,clear_sky,hybrid_pso,10,9,33,0.976635932814743,193.902016228693,193.902016228693,0,218.046558925674,279.947557300575,1,0,0
normal,50,clear_sky,hybrid_pso,11,10,6,0.98607260039506,254.94348890432,254.94348890432,0,104.577136945367,225.770778005932,1,0,0
normal,50,clear_sky,hybrid_pso,11,10,14,0.984650688725403,254.94348890432,254.94348890432,0,115.473704912416,225.770778005932,1,0,0
normal,50,clear_sky,hybrid_pso,11,10,18,0.988001770957229,254.94348890432,254.94348890432,0,90.4398853534333,225.770778005932,1,0,0
normal,50,clear_sky,hybrid_pso,11,10,25,0.988052661488789,254.94348890432,254.94348890432,0,89.5706226901569,225.770778005932,1,0,0
normal,50,clear_sky,hybrid_pso,11,10,30,0.97894270824721,254.94348890432,254.94348890432,0,158.276928865815,225.770778005932,1,0,0
normal,50,clear_sky,hybrid_pso,11,10,33,0.9794273013044,254.94348890432,254.94348890432,0,154.80668600517,225.770778005932,1,0,0
normal,50,clear_sky,hybrid_pso,12,11,6,0.987361926437004,295.428012318469,295.428012318469,0,71.1030373244378,169.383931568699,1,0,0
normal,50,clear_sky,hybrid_pso,12,11,14,0.986860524400114,295.428012318469,295.428012318469,0,74.1379614051276,169.383931568699,1,0,0
normal,50,clear_sky,hybrid_pso,12,11,18,0.990330839012221,295.428012318469,295.428012318469,0,54.738677640361,169.383931568699,1,0,0
normal,50,clear_sky,hybrid_pso,12,11,25,0.98896062729648,295.428012318469,295.428012318469,0,61.9804807949431,169.383931568699,1,0,0
normal,50,clear_sky,hybrid_pso,12,11,30,0.980555554804747,295.428012318469,295.428012318469,0,109.525910597988,169.383931568699,1,0,0
normal,50,clear_sky,hybrid_pso,12,11,33,0.980932460062342,295.428012318469,295.428012318469,0,107.549423368125,169.383931568699,1,0,0
normal,50,clear_sky,hybrid_pso,13,12,6,0.987671199012935,309.583333333333,309.583333333333,0,58.0067513289225,141.868905889674,1,0,0
normal,50,clear_sky,hybrid_pso,13,12,14,0.987436800368033,309.583333333333,309.583333333333,0,59.3382749440799,141.868905889674,1,0,0
normal,50,clear_sky,hybrid_pso,13,12,18,0.990955482479544,309.583333333333,309.583333333333,0,42.9154345378121,141.868905889674,1,0,0
normal,50,clear_sky,hybrid_pso,13,12,25,0.989196323465806,309.583333333333,309.583333333333,0,50.6996189163319,141.868905889674,1,0,0
normal,50,clear_sky,hybrid_pso,13,12,30,0.980872225302424,309.583333333333,309.583333333333,0,90.1111323851721,141.868905889674,1,0,0
normal,50,clear_sky,hybrid_pso,13,12,33,0.981177943332748,309.583333333333,309.583333333333,0,88.8078516600766,141.868905889674,1,0,0
normal,50,clear_sky,hybrid_pso,14,13,6,0.987315180823038,295.428012318469,295.428012318469,0,71.3662024047884,169.383931568699,1,0,0
normal,50,clear_sky,hybrid_pso,14,13,14,0.986791301791305,295.428012318469,295.428012318469,0,74.528616871181,169.383931568699,1,0,0
normal,50,clear_sky,hybrid_pso,14,13,18,0.990263359568515,295.428012318469,295.428012318469,0,55.1199920409466,169.383931568699,1,0,0
normal,50,clear_sky,hybrid_pso,14,13,25,0.988927051312594,295.428012318469,295.428012318469,0,62.1690776581134,169.383931568699,1,0,0
normal,50,clear_sky,hybrid_pso,14,13,30,0.980484962475858,295.428012318469,295.428012318469,0,109.923723556585,169.383931568699,1,0,0
normal,50,clear_sky,hybrid_pso,14,13,33,0.980860081399869,295.428012318469,295.428012318469,0,107.95771674904,169.383931568699,1,0,0
normal,50,clear_sky,hybrid_pso,15,14,6,0.98604737933811,254.94348890432,254.94348890432,0,104.766755504066,225.770778005932,1,0,0
normal,50,clear_sky,hybrid_pso,15,14,14,0.984614938830644,254.94348890432,254.94348890432,0,115.742745458758,225.770778005932,1,0,0
normal,50,clear_sky,hybrid_pso,15,14,18,0.987967762890465,254.94348890432,254.94348890432,0,90.6960430947769,225.770778005932,1,0,0
normal,50,clear_sky,hybrid_pso,15,14,25,0.988033995524847,254.94348890432,254.94348890432,0,89.7106292120817,225.770778005932,1,0,0
normal,50,clear_sky,hybrid_pso,15,14,30,0.978905093151991,254.94348890432,254.94348890432,0,158.559499167551,225.770778005932,1,0,0
normal,50,clear_sky,hybrid_pso,15,14,33,0.979389246497506,254.94348890432,254.94348890432,0,155.092936278211,225.770778005932,1,0,0
normal,50,clear_sky,hybrid_pso,16,15,6,0.983643259664248,193.902016228693,193.902016228693,0,152.480619590166,279.947557300575,1,0,0
normal,50,clear_sky,hybrid_pso,16,15,14,0.980742800771314,193.902016228693,193.902016228693,0,179.639739279761,279.947557300575,1,0,0
normal,50,clear_sky,hybrid_pso,16,15,18,0.983990614456975,193.902016228693,193.902016228693,0,149.537281117271,279.947557300575,1,0,0
normal,50,clear_sky,hybrid_pso,16,15,25,0.986384597216324,193.902016228693,193.902016228693,0,126.738811909128,279.947557300575,1,0,0
normal,50,clear_sky,hybrid_pso,16,15,30,0.975700916068424,193.902016228693,193.902016228693,0,226.564543211076,279.947557300575,1,0,0
normal,50,clear_sky,hybrid_pso,16,15,33,0.976262321102464,193.902016228693,193.902016228693,0,221.531183742649,279.947557300575,1,0,0
normal,50,clear_sky,hybrid_pso,17,16,6,0.980122692004265,121.447080153601,121.447080153601,0,210.980573157856,318.149702904585,1,0,0
normal,50,clear_sky,hybrid_pso,17,16,14,0.975314620281324,121.447080153601,121.447080153601,0,261.702478653169,318.149702904585,1,0,0
normal,50,clear_sky,hybrid_pso,17,16,18,0.978543512173031,121.447080153601,121.447080153601,0,227.691037878406,318.149702904585,1,0,0
normal,50,clear_sky,hybrid_pso,17,16,25,0.983990941922002,121.447080153601,121.447080153601,0,169.59513228602,318.149702904585,1,0,0
normal,50,clear_sky,hybrid_pso,17,16,30,0.970892120430777,121.447080153601,121.447080153601,0,308.348771408052,318.149702904585,1,0,0
normal,50,clear_sky,hybrid_pso,17,16,33,0.971501324152925,121.447080153601,121.447080153601,0,302.222200778606,318.149702904585,1,0,0
normal,50,clear_sky,hybrid_pso,18,17,6,0.975026704812625,49.9255069351227,49.9255069351227,0,280.72696099246,336.862094177101,1,0,0
normal,50,clear_sky,hybrid_pso,18,17,14,0.967908810971445,49.9255069351227,49.9255069351227,0,336.528482117822,336.862094177101,1,0,0
normal,50,clear_sky,hybrid_pso,18,17,18,0.971397765560719,49.9255069351227,49.9255069351227,0,321.43423329271,336.862094177101,1,0,0
normal,50,clear_sky,hybrid_pso,18,17,25,0.980987691317623,49.9255069351227,49.9255069351227,0,213.487435933628,336.862094177101,1,0,0
normal,50,clear_sky,hybrid_pso,18,17,30,0.962734709884596,49.9255069351227,49.9255069351227,0,336.528482117822,336.862094177101,1,0,0
normal,50,clear_sky,hybrid_pso,18,17,33,0.962777165198188,49.9255069351227,49.9255069351227,0,336.528482117822,336.862094177101,1,0,0
normal,50,clear_sky,hybrid_pso,19,18,6,0.969759420772901,1.02233262856724e-19,1.02233262856724e-19,0,340.204410535297,340.541666666667,1,0,0
normal,50,clear_sky,hybrid_pso,19,18,14,0.957266720391921,1.02233262856724e-19,1.02233262856724e-19,0,340.204410535297,340.541666666667,1,0,0
normal,50,clear_sky,hybrid_pso,19,18,18,0.95988625955497,1.02233262856724e-19,1.02233262856724e-19,0,340.204410535297,340.541666666667,1,0,0
normal,50,clear_sky,hybrid_pso,19,18,25,0.97830849818901,1.02233262856724e-19,1.02233262856724e-19,0,246.293272630526,340.541666666667,1,0,0
normal,50,clear_sky,hybrid_pso,19,18,30,0.954448602771181,1.02233262856724e-19,1.02233262856724e-19,0,340.204410535297,340.541666666667,1,0,0
normal,50,clear_sky,hybrid_pso,19,18,33,0.953783771895462,1.02233262856724e-19,1.02233262856724e-19,0,340.204410535297,340.541666666667,1,0,0
normal,50,clear_sky,hybrid_pso,20,19,6,0.968801454538711,0,0,0,340.204410535297,340.541666666667,1,0,0
normal,50,clear_sky,hybrid_pso,20,19,14,0.955553246887755,0,0,0,340.204410535297,340.541666666667,1,0,0
normal,50,clear_sky,hybrid_pso,20,19,18,0.958079396661072,0,0,0,340.204410535297,340.541666666667,1,0,0
normal,50,clear_sky,hybrid_pso,20,19,25,0.977794158772969,0,0,0,252.130301799406,340.541666666667,1,0,0
normal,50,clear_sky,hybrid_pso,20,19,30,0.952959937420055,0,0,0,340.204410535297,340.541666666667,1,0,0
normal,50,clear_sky,hybrid_pso,20,19,33,0.952195974859461,0,0,0,340.204410535297,340.541666666667,1,0,0
normal,50,clear_sky,hybrid_pso,21,20,6,0.96991391990958,0,0,0,340.204410535297,340.541666666667,1,0,0
normal,50,clear_sky,hybrid_pso,21,20,14,0.957543018359677,0,0,0,340.204410535297,340.541666666667,1,0,0
normal,50,clear_sky,hybrid_pso,21,20,18,0.960177613373536,0,0,0,340.204410535297,340.541666666667,1,0,0
normal,50,clear_sky,hybrid_pso,21,20,25,0.978391508709414,0,0,0,245.351220644369,340.541666666667,1,0,0
normal,50,clear_sky,hybrid_pso,21,20,30,0.954688673817861,0,0,0,340.204410535297,340.541666666667,1,0,0
normal,50,clear_sky,hybrid_pso,21,20,33,0.954039826867414,0,0,0,340.204410535297,340.541666666667,1,0,0
normal,50,clear_sky,hybrid_pso,22,21,6,0.972825274771609,0,0,0,308.87770710703,340.541666666667,1,0,0
normal,50,clear_sky,hybrid_pso,22,21,14,0.962960042047536,0,0,0,340.204410535297,340.541666666667,1,0,0
normal,50,clear_sky,hybrid_pso,22,21,18,0.965905608785499,0,0,0,340.204410535297,340.541666666667,1,0,0
normal,50,clear_sky,hybrid_pso,22,21,25,0.9800556564839,0,0,0,226.427080589112,340.541666666667,1,0,0
normal,50,clear_sky,hybrid_pso,22,21,30,0.959359764961813,0,0,0,340.204410535297,340.541666666667,1,0,0
normal,50,clear_sky,hybrid_pso,22,21,33,0.959040227726859,0,0,0,340.204410535297,340.541666666667,1,0,0
normal,50,clear_sky,hybrid_pso,23,22,6,0.976327904385134,0,0,0,269.030832506349,340.541666666667,1,0,0
normal,50,clear_sky,hybrid_pso,23,22,14,0.968945103362875,0,0,0,340.204410535297,340.541666666667,1,0,0
normal,50,clear_sky,hybrid_pso,23,22,18,0.971848742683164,0,0,0,319.827976278282,340.541666666667,1,0,0
normal,50,clear_sky,hybrid_pso,23,22,25,0.982128801411617,0,0,0,202.866242729302,340.541666666667,1,0,0
normal,50,clear_sky,hybrid_pso,23,22,30,0.965070199147571,0,0,0,340.204410535297,340.541666666667,1,0,0
normal,50,clear_sky,hybrid_pso,23,22,33,0.965164098679578,0,0,0,340.204410535297,340.541666666667,1,0,0
normal,50,clear_sky,hybrid_pso,24,23,6,0.978954625485382,0,0,0,239.141286420465,340.541666666667,1,0,0
normal,50,clear_sky,hybrid_pso,24,23,14,0.972262749868632,0,0,0,314.858823109497,340.541666666667,1,0,0
normal,50,clear_sky,hybrid_pso,24,23,18,0.974787324198341,0,0,0,286.273898595595,340.541666666667,1,0,0
normal,50,clear_sky,hybrid_pso,24,23,25,0.983813272764676,0,0,0,183.734413555396,340.541666666667,1,0,0
normal,50,clear_sky,hybrid_pso,24,23,30,0.969534868657958,0,0,0,340.204410535297,340.541666666667,1,0,0
normal,50,clear_sky,hybrid_pso,24,23,33,0.96997354981144,0,0,0,340.204410535297,340.541666666667,1,0,0
normal,50,partial_cloud,hybrid,1,0,6,0.976181243421774,0,0,0,32.8302408572621,340.541666666667,1,0,0
normal,50,partial_cloud,hybrid,1,0,14,0.96316800101002,0,0,0,143.168383945225,340.541666666667,1,0,0
normal,50,partial_cloud,hybrid,1,0,18,0.963199261618622,0,0,0,143.176496480447,340.541666666667,1,0,0
normal,50,partial_cloud,hybrid,1,0,25,0.983169970306406,0,0,0,0,340.541666666667,0,0,0
normal,50,partial_cloud,hybrid,1,0,30,0.964182415600644,0,0,0,134.311604288417,340.541666666667,1,0,0
normal,50,partial_cloud,hybrid,1,0,33,0.962867591957472,0,0,0,145.676453185503,340.541666666667,1,0,0
normal,50,partial_cloud,hybrid,2,1,6,0.976181243421774,0,0,0,32.8302408572621,340.541666666667,1,0,0
normal,50,partial_cloud,hybrid,2,1,14,0.96316800101002,0,0,0,143.168383945225,340.541666666667,1,0,0
normal,50,partial_cloud,hybrid,2,1,18,0.963199261618622,0,0,0,143.176496480447,340.541666666667,1,0,0
normal,50,partial_cloud,hybrid,2,1,25,0.983169970306406,0,0,0,0,340.541666666667,0,0,0
normal,50,partial_cloud,hybrid,2,1,30,0.964182415600644,0,0,0,134.311604288417,340.541666666667,1,0,0
normal,50,partial_cloud,hybrid,2,1,33,0.962867591957472,0,0,0,145.676453185503,340.541666666667,1,0,0
normal,50,partial_cloud,hybrid,3,2,6,0.976181243421774,0,0,0,32.8302408572621,340.541666666667,1,0,0
normal,50,partial_cloud,hybrid,3,2,14,0.96316800101002,0,0,0,143.168383945225,340.541666666667,1,0,0
normal,50,partial_cloud,hybrid,3,2,18,0.963199261618622,0,0,0,143.176496480447,340.541666666667,1,0,0
normal,50,partial_cloud,hybrid,3,2,25,0.983169970306406,0,0,0,0,340.541666666667,0,0,0
normal,50,partial_cloud,hybrid,3,2,30,0.964182415600644,0,0,0,134.311604288417,340.541666666667,1,0,0
normal,50,partial_cloud,hybrid,3,2,33,0.962867591957472,0,0,0,145.676453185503,340.541666666667,1,0,0
normal,50,partial_cloud,hybrid,4,3,6,0.976181243421774,0,0,0,32.8302408572621,340.541666666667,1,0,0
normal,50,partial_cloud,hybrid,4,3,14,0.96316800101002,0,0,0,143.168383945225,340.541666666667,1,0,0
normal,50,partial_cloud,hybrid,4,3,18,0.963199261618622,0,0,0,143.176496480447,340.541666666667,1,0,0
normal,50,partial_cloud,hybrid,4,3,25,0.983169970306406,0,0,0,0,340.541666666667,0,0,0
normal,50,partial_cloud,hybrid,4,3,30,0.964182415600644,0,0,0,134.311604288417,340.541666666667,1,0,0
normal,50,partial_cloud,hybrid,4,3,33,0.962867591957472,0,0,0,145.676453185503,340.541666666667,1,0,0
normal,50,partial_cloud,hybrid,5,4,6,0.976181243421774,0,0,0,32.8302408572621,340.541666666667,1,0,0
normal,50,partial_cloud,hybrid,5,4,14,0.96316800101002,0,0,0,143.168383945225,340.541666666667,1,0,0
normal,50,partial_cloud,hybrid,5,4,18,0.963199261618622,0,0,0,143.176496480447,340.541666666667,1,0,0
normal,50,partial_cloud,hybrid,5,4,25,0.983169970306406,0,0,0,0,340.541666666667,0,0,0
normal,50,partial_cloud,hybrid,5,4,30,0.964182415600644,0,0,0,134.311604288417,340.541666666667,1,0,0
normal,50,partial_cloud,hybrid,5,4,33,0.962867591957472,0,0,0,145.676453185503,340.541666666667,1,0,0
normal,50,partial_cloud,hybrid,6,5,6,0.975832288256844,0,0,0,35.7873813594832,340.541666666667,1,0,0
normal,50,partial_cloud,hybrid,6,5,14,0.962683866848076,0,0,0,147.287711914192,340.541666666667,1,0,0
normal,50,partial_cloud,hybrid,6,5,18,0.962745330467691,0,0,0,147.047670826029,340.541666666667,1,0,0
normal,50,partial_cloud,hybrid,6,5,25,0.982887082077242,0,0,0,0,340.541666666667,0,0,0
normal,50,partial_cloud,hybrid,6,5,30,0.96367046452885,0,0,0,138.660423804734,340.541666666667,1,0,0
normal,50,partial_cloud,hybrid,6,5,33,0.96235389090673,0,0,0,150.048956547188,340.541666666667,1,0,0
normal,50,partial_cloud,hybrid,7,6,6,0.973649579607576,0,0,0,54.2486997036793,340.541666666667,1,0,0
normal,50,partial_cloud,hybrid,7,6,14,0.959655644413505,0,0,0,173.11219899808,340.541666666667,1,0,0
normal,50,partial_cloud,hybrid,7,6,18,0.95990615998119,0,0,0,171.195580567019,340.541666666667,1,0,0
normal,50,partial_cloud,hybrid,7,6,25,0.981119358763514,0,0,0,0.00970321009635631,340.541666666667,0,0,0
normal,50,partial_cloud,hybrid,7,6,30,0.960471465956164,0,0,0,165.940575425451,340.541666666667,1,0,0
normal,50,partial_cloud,hybrid,7,6,33,0.959145279770055,0,0,0,177.422088073111,340.541666666667,1,0,0
normal,50,partial_cloud,hybrid,8,7,6,0.97377844232289,49.9255044068536,49.9255044068536,0,52.5704938511187,336.86209455181,1,0,0
normal,50,partial_cloud,hybrid,8,7,14,0.960670143607818,49.9255044068536,49.9255044068536,0,162.673276314753,336.86209455181,1,0,0
normal,50,partial_cloud,hybrid,8,7,18,0.961355217782584,49.9255044068536,49.9255044068536,0,157.170270987874,336.86209455181,1,0,0
normal,50,partial_cloud,hybrid,8,7,25,0.980868559698244,49.9255044068536,49.9255044068536,0,0.0154593533272999,336.86209455181,0,0,0
normal,50,partial_cloud,hybrid,8,7,30,0.960558039419071,49.9255044068536,49.9255044068536,0,163.407222432443,336.86209455181,1,0,0
normal,50,partial_cloud,hybrid,8,7,33,0.959364971758611,49.9255044068536,49.9255044068536,0,173.653417111258,336.86209455181,1,0,0
normal,50,partial_cloud,hybrid,9,8,6,0.975548230302748,121.440335661435,121.440335661435,0,35.6128201541741,318.152277393309,1,0,0
normal,50,partial_cloud,hybrid,9,8,14,0.964208669306271,121.440335661435,121.440335661435,0,125.495421842846,318.152277393309,1,0,0
normal,50,partial_cloud,hybrid,9,8,18,0.965334168464064,121.440335661435,121.440335661435,0,116.784819282893,318.152277393309,1,0,0
normal,50,partial_cloud,hybrid,9,8,25,0.981877423231482,121.440335661435,121.440335661435,0,0,318.152277393309,0,0,0
normal,50,partial_cloud,hybrid,9,8,30,0.962979825948576,121.440335661435,121.440335661435,0,135.074105497865,318.152277393309,1,0,0
normal,50,partial_cloud,hybrid,9,8,33,0.961946954871111,121.440335661435,121.440335661435,0,143.454736011198,318.152277393309,1,0,0
normal,50,partial_cloud,hybrid,10,9,6,0.978338932813233,192.303868539624,192.303868539624,0,11.963437184608,281.047769748856,1,0,0
normal,50,partial_cloud,hybrid,10,9,14,0.9691533097559,192.303868539624,192.303868539624,0,76.0975783203245,281.047769748856,1,0,0
normal,50,partial_cloud,hybrid,10,9,18,0.970642928802696,192.303868539624,192.303868539624,0,65.8719190886861,281.047769748856,1,0,0
normal,50,partial_cloud,hybrid,10,9,25,0.983767540787842,192.303868539624,192.303868539624,0,0,281.047769748856,0,0,0
normal,50,partial_cloud,hybrid,10,9,30,0.966896671215852,192.303868539624,192.303868539624,0,91.7301622351502,281.047769748856,1,0,0
normal,50,partial_cloud,hybrid,10,9,33,0.9660116158409,192.303868539624,192.303868539624,0,98.0763797383393,281.047769748856,1,0,0
normal,50,partial_cloud,hybrid,11,10,6,0.979527223292359,212.73867820047,212.73867820047,0,3.45076407288281,265.915177328463,1,0,0
normal,50,partial_cloud,hybrid,11,10,14,0.971155451316323,212.73867820047,212.73867820047,0,58.6940280687247,265.915177328463,1,0,0
normal,50,partial_cloud,hybrid,11,10,18,0.972742563244462,212.73867820047,212.73867820047,0,48.3552465062658,265.915177328463,1,0,0
normal,50,partial_cloud,hybrid,11,10,25,0.984612061861459,212.73867820047,212.73867820047,0,0,265.915177328463,0,0,0
normal,50,partial_cloud,hybrid,11,10,30,0.968599466149272,212.73867820047,212.73867820047,0,75.4836700424841,265.915177328463,1,0,0
normal,50,partial_cloud,hybrid,11,10,33,0.967767385607918,212.73867820047,212.73867820047,0,81.1147045917887,265.915177328463,1,0,0
normal,50,partial_cloud,hybrid,12,11,6,0.977499562961185,162.485382812273,162.485382812273,0,18.9993743144637,299.277675593186,1,0,0
normal,50,partial_cloud,hybrid,12,11,14,0.96753722194569,162.485382812273,162.485382812273,0,93.1247087801375,299.277675593186,1,0,0
normal,50,partial_cloud,hybrid,12,11,18,0.96884383963789,162.485382812273,162.485382812273,0,83.6111357349481,299.277675593186,1,0,0
normal,50,partial_cloud,hybrid,12,11,25,0.983237478248235,162.485382812273,162.485382812273,0,0,299.277675593186,0,0,0
normal,50,partial_cloud,hybrid,12,11,30,0.965745871983357,162.485382812273,162.485382812273,0,106.294551258589,299.277675593186,1,0,0
normal,50,partial_cloud,hybrid,12,11,33,0.964804586202469,162.485382812273,162.485382812273,0,113.489611957925,299.277675593186,1,0,0
normal,50,partial_cloud,hybrid,13,12,6,0.981953961110176,258.291741950946,258.291741950946,0,0,221.932428401207,0,0,0
normal,50,partial_cloud,hybrid,13,12,14,0.975368108221938,258.291741950946,258.291741950946,0,25.6010712835727,221.932428401207,1,0,0
normal,50,partial_cloud,hybrid,13,12,18,0.977248356346944,258.291741950946,258.291741950946,0,15.4120192097944,221.932428401207,1,0,0
normal,50,partial_cloud,hybrid,13,12,25,0.98623766769286,258.291741950946,258.291741950946,0,0,221.932428401207,0,0,0
normal,50,partial_cloud,hybrid,13,12,30,0.972015049085551,258.291741950946,258.291741950946,0,43.9362641816815,221.932428401207,1,0,0
normal,50,partial_cloud,hybrid,13,12,33,0.971302559745317,258.291741950946,258.291741950946,0,47.9469339965189,221.932428401207,1,0,0
normal,50,partial_cloud,hybrid,14,13,6,0.983329792987889,287.482477490993,287.482477490993,0,0,182.544383292809,0,0,0
normal,50,partial_cloud,hybrid,14,13,14,0.977971081011035,287.482477490993,287.482477490993,0,9.20845775512853,182.544383292809,1,0,0
normal,50,partial_cloud,hybrid,14,13,18,0.980126277049025,287.482477490993,287.482477490993,0,0.082893276224044,182.544383292809,0,0,0
normal,50,partial_cloud,hybrid,14,13,25,0.98710328521049,287.482477490993,287.482477490993,0,0,182.544383292809,0,0,0
normal,50,partial_cloud,hybrid,14,13,30,0.973933985339381,287.482477490993,287.482477490993,0,27.3088217861345,182.544383292809,1,0,0
normal,50,partial_cloud,hybrid,14,13,33,0.973304374189365,287.482477490993,287.482477490993,0,30.2026699916063,182.544383292809,1,0,0
normal,50,partial_cloud,hybrid,15,14,6,0.978873293972746,198.756841129972,198.756841129972,0,8.09212457980933,276.521870455387,1,0,0
normal,50,partial_cloud,hybrid,15,14,14,0.970010750553193,198.756841129972,198.756841129972,0,68.9468659422639,276.521870455387,1,0,0
normal,50,partial_cloud,hybrid,15,14,18,0.971520000159151,198.756841129972,198.756841129972,0,58.7416090115743,276.521870455387,1,0,0
normal,50,partial_cloud,hybrid,15,14,25,0.984160398790411,198.756841129972,198.756841129972,0,0,276.521870455387,0,0,0
normal,50,partial_cloud,hybrid,15,14,30,0.967671724297674,198.756841129972,198.756841129972,0,84.9037170317811,276.521870455387,1,0,0
normal,50,partial_cloud,hybrid,15,14,33,0.966806702462777,198.756841129972,198.756841129972,0,90.9993625316957,276.521870455387,1,0,0
normal,50,partial_cloud,hybrid,16,15,6,0.976229872640359,151.17897377126,151.17897377126,0,28.9697745215857,305.14512059933,1,0,0
normal,50,partial_cloud,hybrid,16,15,14,0.965584548150926,151.17897377126,151.17897377126,0,109.869147891731,305.14512059933,1,0,0
normal,50,partial_cloud,hybrid,16,15,18,0.966892104277455,151.17897377126,151.17897377126,0,100.122806655278,305.14512059933,1,0,0
normal,50,partial_cloud,hybrid,16,15,25,0.982276734381081,151.17897377126,151.17897377126,0,0,305.14512059933,0,0,0
normal,50,partial_cloud,hybrid,16,15,30,0.963898408128993,151.17897377126,151.17897377126,0,122.540700460537,305.14512059933,1,0,0
normal,50,partial_cloud,hybrid,16,15,33,0.962921094269427,151.17897377126,151.17897377126,0,130.145340002631,305.14512059933,1,0,0
normal,50,partial_cloud,hybrid,17,16,6,0.973751026132983,119.181732963866,119.181732963866,0,49.9892802943986,319.005237047671,1,0,0
normal,50,partial_cloud,hybrid,17,16,14,0.961659794252755,119.181732963866,119.181732963866,0,146.150365587721,319.005237047671,1,0,0
normal,50,partial_cloud,hybrid,17,16,18,0.962909113110033,119.181732963866,119.181732963866,0,136.461953109214,319.005237047671,1,0,0
normal,50,partial_cloud,hybrid,17,16,25,0.980444306938936,119.181732963866,119.181732963866,0,0.0365027816362078,319.005237047671,0,0,0
normal,50,partial_cloud,hybrid,17,16,30,0.960331364277196,119.181732963866,119.181732963866,0,156.521654048408,319.005237047671,1,0,0
normal,50,partial_cloud,hybrid,17,16,33,0.959275471154783,119.181732963866,119.181732963866,0,165.141188622809,319.005237047671,1,0,0
normal,50,partial_cloud,hybrid,18,17,6,0.969062523716839,49.918832629815,49.918832629815,0,92.2039065115291,336.863083291992,1,0,0
normal,50,partial_cloud,hybrid,18,17,14,0.954097944110532,49.918832629815,49.918832629815,0,218.032403447745,336.863083291992,1,0,0
normal,50,partial_cloud,hybrid,18,17,18,0.955192741530367,49.918832629815,49.918832629815,0,209.064681436856,336.863083291992,1,0,0
normal,50,partial_cloud,hybrid,18,17,25,0.977321585470938,49.918832629815,49.918832629815,0,22.5746774020208,336.863083291992,1,0,0
normal,50,partial_cloud,hybrid,18,17,30,0.953617390983933,49.918832629815,49.918832629815,0,221.901671190523,336.863083291992,1,0,0
normal,50,partial_cloud,hybrid,18,17,33,0.952399507156383,49.918832629815,49.918832629815,0,232.324813775611,336.863083291992,1,0,0
normal,50,partial_cloud,hybrid,19,18,6,0.965158618375891,1.02233254564335e-19,1.02233254564335e-19,0,126.611161079149,340.541666666667,1,0,0
normal,50,partial_cloud,hybrid,19,18,14,0.947830018196321,1.02233254564335e-19,1.02233254564335e-19,0,273.715623303685,340.541666666667,1,0,0
normal,50,partial_cloud,hybrid,19,18,18,0.948840630887303,1.02233254564335e-19,1.02233254564335e-19,0,265.454264514619,340.541666666667,1,0,0
normal,50,partial_cloud,hybrid,19,18,25,0.974795178340441,1.02233254564335e-19,1.02233254564335e-19,0,44.2795416540485,340.541666666667,1,0,0
normal,50,partial_cloud,hybrid,19,18,30,0.94800958906158,1.02233254564335e-19,1.02233254564335e-19,0,272.044206524571,340.541666666667,1,0,0
normal,50,partial_cloud,hybrid,19,18,33,0.946652093684588,1.02233254564335e-19,1.02233254564335e-19,0,283.659977332614,340.541666666667,1,0,0
normal,50,partial_cloud,hybrid,20,19,6,0.964510173934802,0,0,0,132.192921643087,340.541666666667,1,0,0
normal,50,partial_cloud,hybrid,20,19,14,0.946926266870501,0,0,0,281.38674065586,340.541666666667,1,0,0
normal,50,partial_cloud,hybrid,20,19,18,0.94799660102976,0,0,0,272.65115617033,340.541666666667,1,0,0
normal,50,partial_cloud,hybrid,20,19,25,0.974322371274398,0,0,0,48.2997821283974,340.541666666667,1,0,0
normal,50,partial_cloud,hybrid,20,19,30,0.947058806756046,0,0,0,280.124381380546,340.541666666667,1,0,0
normal,50,partial_cloud,hybrid,20,19,33,0.945699491911413,0,0,0,291.726516796286,340.541666666667,1,0,0
normal,50,partial_cloud,hybrid,21,20,6,0.965263247673748,0,0,0,125.71311839438,340.541666666667,1,0,0
normal,50,partial_cloud,hybrid,21,20,14,0.947975813387445,0,0,0,272.474499410277,340.541666666667,1,0,0
normal,50,partial_cloud,hybrid,21,20,18,0.948976862454457,0,0,0,264.295180070906,340.541666666667,1,0,0
normal,50,partial_cloud,hybrid,21,20,25,0.974871507323927,0,0,0,43.6309722435853,340.541666666667,1,0,0
normal,50,partial_cloud,hybrid,21,20,30,0.948163006285282,0,0,0,270.739455306551,340.541666666667,1,0,0
normal,50,partial_cloud,hybrid,21,20,33,0.946805805342783,0,0,0,282.357031777282,340.541666666667,1,0,0
normal,50,partial_cloud,hybrid,22,21,6,0.967424325828574,0,0,0,107.205060630324,340.541666666667,1,0,0
normal,50,partial_cloud,hybrid,22,21,14,0.950987481303339,0,0,0,246.88037427649,340.541666666667,1,0,0
normal,50,partial_cloud,hybrid,22,21,18,0.951791403627056,0,0,0,240.303374092885,340.541666666667,1,0,0
normal,50,partial_cloud,hybrid,22,21,25,0.976450154657444,0,0,0,30.2240093131853,340.541666666667,1,0,0
normal,50,partial_cloud,hybrid,22,21,30,0.951333165362317,0,0,0,243.776663041578,340.541666666667,1,0,0
normal,50,partial_cloud,hybrid,22,21,33,0.949982591448551,0,0,0,255.402787889402,340.541666666667,1,0,0
normal,50,partial_cloud,hybrid,23,22,6,0.970147575263501,0,0,0,84.0015046494962,340.541666666667,1,0,0
normal,50,partial_cloud,hybrid,23,22,14,0.95478342678631,0,0,0,214.57007623081,340.541666666667,1,0,0
normal,50,partial_cloud,hybrid,23,22,18,0.95534322363077,0,0,0,210.071262169792,340.541666666667,1,0,0
normal,50,partial_cloud,hybrid,23,22,25,0.978445722182587,0,0,0,13.3087801515582,340.541666666667,1,0,0
normal,50,partial_cloud,hybrid,23,22,30,0.955330672012576,0,0,0,209.682836740721,340.541666666667,1,0,0
normal,50,partial_cloud,hybrid,23,22,33,0.953989561273786,0,0,0,221.282110609018,340.541666666667,1,0,0
normal,50,partial_cloud,hybrid,24,23,6,0.972428233805928,0,0,0,64.6150205075342,340.541666666667,1,0,0
normal,50,partial_cloud,hybrid,24,23,14,0.957961298344992,0,0,0,187.523743973815,340.541666666667,1,0,0
normal,50,partial_cloud,hybrid,24,23,18,0.958319188680746,0,0,0,184.721390427238,340.541666666667,1,0,0
normal,50,partial_cloud,hybrid,24,23,25,0.98013290734666,0,0,0,0.0995106788003133,340.541666666667,0,0,0
normal,50,partial_cloud,hybrid,24,23,30,0.958682071712249,0,0,0,181.151825970401,340.541666666667,1,0,0
normal,50,partial_cloud,hybrid,24,23,33,0.957350924234302,0,0,0,192.698750019583,340.541666666667,1,0,0
normal,50,partial_cloud,hybrid_pso,1,0,6,0.982391999746644,0,0,0,199.884522249646,340.541666666667,1,0,0
normal,50,partial_cloud,hybrid_pso,1,0,14,0.97676840685135,0,0,0,263.601526743525,340.541666666667,1,0,0
normal,50,partial_cloud,hybrid_pso,1,0,18,0.978865894132918,0,0,0,240.057457368704,340.541666666667,1,0,0
normal,50,partial_cloud,hybrid_pso,1,0,25,0.986410129125105,0,0,0,153.962228915906,340.541666666667,1,0,0
normal,50,partial_cloud,hybrid_pso,1,0,30,0.974517091941637,0,0,0,289.058650652693,340.541666666667,1,0,0
normal,50,partial_cloud,hybrid_pso,1,0,33,0.974870083286128,0,0,0,285.282865911636,340.541666666667,1,0,0
normal,50,partial_cloud,hybrid_pso,2,1,6,0.982391999746644,0,0,0,199.884522249646,340.541666666667,1,0,0
normal,50,partial_cloud,hybrid_pso,2,1,14,0.97676840685135,0,0,0,263.601526743525,340.541666666667,1,0,0
normal,50,partial_cloud,hybrid_pso,2,1,18,0.978865894132918,0,0,0,240.057457368704,340.541666666667,1,0,0
normal,50,partial_cloud,hybrid_pso,2,1,25,0.986410129125105,0,0,0,153.962228915906,340.541666666667,1,0,0
normal,50,partial_cloud,hybrid_pso,2,1,30,0.974517091941637,0,0,0,289.058650652693,340.541666666667,1,0,0
normal,50,partial_cloud,hybrid_pso,2,1,33,0.974870083286128,0,0,0,285.282865911636,340.541666666667,1,0,0
normal,50,partial_cloud,hybrid_pso,3,2,6,0.982391999746644,0,0,0,199.884522249646,340.541666666667,1,0,0
normal,50,partial_cloud,hybrid_pso,3,2,14,0.97676840685135,0,0,0,263.601526743525,340.541666666667,1,0,0
normal,50,partial_cloud,hybrid_pso,3,2,18,0.978865894132918,0,0,0,240.057457368704,340.541666666667,1,0,0
normal,50,partial_cloud,hybrid_pso,3,2,25,0.986410129125105,0,0,0,153.962228915906,340.541666666667,1,0,0
normal,50,partial_cloud,hybrid_pso,3,2,30,0.974517091941637,0,0,0,289.058650652693,340.541666666667,1,0,0
normal,50,partial_cloud,hybrid_pso,3,2,33,0.974870083286128,0,0,0,285.282865911636,340.541666666667,1,0,0
normal,50,partial_cloud,hybrid_pso,4,3,6,0.982391999746644,0,0,0,199.884522249646,340.541666666667,1,0,0
normal,50,partial_cloud,hybrid_pso,4,3,14,0.97676840685135,0,0,0,263.601526743525,340.541666666667,1,0,0
normal,50,partial_cloud,hybrid_pso,4,3,18,0.978865894132918,0,0,0,240.057457368704,340.541666666667,1,0,0
normal,50,partial_cloud,hybrid_pso,4,3,25,0.986410129125105,0,0,0,153.962228915906,340.541666666667,1,0,0
normal,50,partial_cloud,hybrid_pso,4,3,30,0.974517091941637,0,0,0,289.058650652693,340.541666666667,1,0,0
normal,50,partial_cloud,hybrid_pso,4,3,33,0.974870083286128,0,0,0,285.282865911636,340.541666666667,1,0,0
normal,50,partial_cloud,hybrid_pso,5,4,6,0.982391999746644,0,0,0,199.884522249646,340.541666666667,1,0,0
normal,50,partial_cloud,hybrid_pso,5,4,14,0.97676840685135,0,0,0,263.601526743525,340.541666666667,1,0,0
normal,50,partial_cloud,hybrid_pso,5,4,18,0.978865894132918,0,0,0,240.057457368704,340.541666666667,1,0,0
normal,50,partial_cloud,hybrid_pso,5,4,25,0.986410129125105,0,0,0,153.962228915906,340.541666666667,1,0,0
normal,50,partial_cloud,hybrid_pso,5,4,30,0.974517091941637,0,0,0,289.058650652693,340.541666666667,1,0,0
normal,50,partial_cloud,hybrid_pso,5,4,33,0.974870083286128,0,0,0,285.282865911636,340.541666666667,1,0,0
normal,50,partial_cloud,hybrid_pso,6,5,6,0.982075208872195,0,0,0,203.51097233346,340.541666666667,1,0,0
normal,50,partial_cloud,hybrid_pso,6,5,14,0.976351030962382,0,0,0,268.329385112856,340.541666666667,1,0,0
normal,50,partial_cloud,hybrid_pso,6,5,18,0.97848793029299,0,0,0,244.356954854528,340.541666666667,1,0,0
normal,50,partial_cloud,hybrid_pso,6,5,25,0.986168469492843,0,0,0,156.704235135875,340.541666666667,1,0,0
normal,50,partial_cloud,hybrid_pso,6,5,30,0.974061273015476,0,0,0,294.210818261547,340.541666666667,1,0,0
normal,50,partial_cloud,hybrid_pso,6,5,33,0.974421710726845,0,0,0,290.368463589632,340.541666666667,1,0,0
normal,50,partial_cloud,hybrid_pso,7,6,6,0.980093259986099,0,0,0,226.214926484949,340.541666666667,1,0,0
normal,50,partial_cloud,hybrid_pso,7,6,14,0.973739815425179,0,0,0,297.961234845259,340.541666666667,1,0,0
normal,50,partial_cloud,hybrid_pso,7,6,18,0.976123383175669,0,0,0,271.184234940831,340.541666666667,1,0,0
normal,50,partial_cloud,hybrid_pso,7,6,25,0.984660170851343,0,0,0,173.963292748152,340.541666666667,1,0,0
normal,50,partial_cloud,hybrid_pso,7,6,30,0.971212301387969,0,0,0,326.491933423435,340.541666666667,1,0,0
normal,50,partial_cloud,hybrid_pso,7,6,33,0.971619979335354,0,0,0,322.133343564184,340.541666666667,1,0,0
normal,50,partial_cloud,hybrid_pso,8,7,6,0.980202482604928,49.9255044068536,49.9255044068536,0,222.50187926737,336.86209455181,1,0,0
normal,50,partial_cloud,hybrid_pso,8,7,14,0.974589617695576,49.9255044068536,49.9255044068536,0,285.216234117976,336.86209455181,1,0,0
normal,50,partial_cloud,hybrid_pso,8,7,18,0.977344521012819,49.9255044068536,49.9255044068536,0,254.535908812451,336.86209455181,1,0,0
normal,50,partial_cloud,hybrid_pso,8,7,25,0.984425242646029,49.9255044068536,49.9255044068536,0,174.709906221086,336.86209455181,1,0,0
normal,50,partial_cloud,hybrid_pso,8,7,30,0.971251867293731,49.9255044068536,49.9255044068536,0,322.515812838087,336.86209455181,1,0,0
normal,50,partial_cloud,hybrid_pso,8,7,33,0.971774312945814,49.9255044068536,49.9255044068536,0,316.936252152276,336.86209455181,1,0,0
normal,50,partial_cloud,hybrid_pso,9,8,6,0.981661439188986,121.440335661435,121.440335661435,0,194.496799722947,318.152277393309,1,0,0
normal,50,partial_cloud,hybrid_pso,9,8,14,0.977366047222974,121.440335661435,121.440335661435,0,239.923545134456,318.152277393309,1,0,0
normal,50,partial_cloud,hybrid_pso,9,8,18,0.980418982526743,121.440335661435,121.440335661435,0,207.845963752845,318.152277393309,1,0,0
normal,50,partial_cloud,hybrid_pso,9,8,25,0.985161187750982,121.440335661435,121.440335661435,0,157.040851681868,318.152277393309,1,0,0
normal,50,partial_cloud,hybrid_pso,9,8,30,0.973125935793705,121.440335661435,121.440335661435,0,284.713738680058,318.152277393309,1,0,0
normal,50,partial_cloud,hybrid_pso,9,8,33,0.97371013697539,121.440335661435,121.440335661435,0,278.813404921688,318.152277393309,1,0,0
normal,50,partial_cloud,hybrid_pso,10,9,6,0.983844143487336,192.303868539624,192.303868539624,0,151.19371499324,281.047769748856,1,0,0
normal,50,partial_cloud,hybrid_pso,10,9,14,0.981002501450356,192.303868539624,192.303868539624,0,177.913716855728,281.047769748856,1,0,0
normal,50,partial_cloud,hybrid_pso,10,9,18,0.984222490579821,192.303868539624,192.303868539624,0,147.949923333411,281.047769748856,1,0,0
normal,50,partial_cloud,hybrid_pso,10,9,25,0.986541467682301,192.303868539624,192.303868539624,0,125.770639791639,281.047769748856,1,0,0
normal,50,partial_cloud,hybrid_pso,10,9,30,0.976004283882677,192.303868539624,192.303868539624,0,224.620579199896,281.047769748856,1,0,0
normal,50,partial_cloud,hybrid_pso,10,9,33,0.976566403171826,192.303868539624,192.303868539624,0,219.555334779372,281.047769748856,1,0,0
normal,50,partial_cloud,hybrid_pso,11,10,6,0.984767678760984,212.73867820047,212.73867820047,0,134.780951372239,265.915177328463,1,0,0
normal,50,partial_cloud,hybrid_pso,11,10,14,0.982455474178456,212.73867820047,212.73867820047,0,155.455969140269,265.915177328463,1,0,0
normal,50,partial_cloud,hybrid_pso,11,10,18,0.985697224287418,212.73867820047,212.73867820047,0,126.944258255966,265.915177328463,1,0,0
normal,50,partial_cloud,hybrid_pso,11,10,25,0.98717540906317,212.73867820047,212.73867820047,0,113.289959764113,265.915177328463,1,0,0
normal,50,partial_cloud,hybrid_pso,11,10,30,0.977258867766083,212.73867820047,212.73867820047,0,201.362750185234,265.915177328463,1,0,0
normal,50,partial_cloud,hybrid_pso,11,10,33,0.977802824047593,212.73867820047,212.73867820047,0,196.765730121137,265.915177328463,1,0,0
normal,50,partial_cloud,hybrid_pso,12,11,6,0.983261415151766,162.485382812273,162.485382812273,0,166.856268215482,299.277675593186,1,0,0
normal,50,partial_cloud,hybrid_pso,12,11,14,0.979929357612082,162.485382812273,162.485382812273,0,200.156971702718,299.277675593186,1,0,0
normal,50,partial_cloud,hybrid_pso,12,11,18,0.983045048068164,162.485382812273,162.485382812273,0,169.287339265532,299.277675593186,1,0,0
normal,50,partial_cloud,hybrid_pso,12,11,25,0.986205642531296,162.485382812273,162.485382812273,0,137.29160637836,299.277675593186,1,0,0
normal,50,partial_cloud,hybrid_pso,12,11,30,0.975289349671009,162.485382812273,162.485382812273,0,246.318186204312,299.277675593186,1,0,0
normal,50,partial_cloud,hybrid_pso,12,11,33,0.97586563013192,162.485382812273,162.485382812273,0,240.7901325073,299.277675593186,1,0,0
normal,50,partial_cloud,hybrid_pso,13,12,6,0.986411794884183,258.291741950946,258.291741950946,0,100.289799367906,221.932428401207,1,0,0
normal,50,partial_cloud,hybrid_pso,13,12,14,0.985161566758482,258.291741950946,258.291741950946,0,109.730812220288,221.932428401207,1,0,0
normal,50,partial_cloud,hybrid_pso,13,12,18,0.988506167147338,258.291741950946,258.291741950946,0,85.1696510040531,221.932428401207,1,0,0
normal,50,partial_cloud,hybrid_pso,13,12,25,0.988297854292127,258.291741950946,258.291741950946,0,86.236915682114,221.932428401207,1,0,0
normal,50,partial_cloud,hybrid_pso,13,12,30,0.979426224349163,258.291741950946,258.291741950946,0,152.011747436491,221.932428401207,1,0,0
normal,50,partial_cloud,hybrid_pso,13,12,33,0.979908776880603,258.291741950946,258.291741950946,0,148.610171754852,221.932428401207,1,0,0
normal,50,partial_cloud,hybrid_pso,14,13,6,0.987128440997328,287.482477490993,287.482477490993,0,78.0552387918675,182.544383292809,1,0,0
normal,50,partial_cloud,hybrid_pso,14,13,14,0.986450206527313,287.482477490993,287.482477490993,0,82.398907464628,182.544383292809,1,0,0
normal,50,partial_cloud,hybrid_pso,14,13,18,0.989894908822337,287.482477490993,287.482477490993,0,61.6441644161683,182.544383292809,1,0,0
normal,50,partial_cloud,hybrid_pso,14,13,25,0.988791885294105,287.482477490993,287.482477490993,0,67.8290866119776,182.544383292809,1,0,0
normal,50,partial_cloud,hybrid_pso,14,13,30,0.980276366006981,287.482477490993,287.482477490993,0,119.754933976699,182.544383292809,1,0,0
normal,50,partial_cloud,hybrid_pso,14,13,33,0.980681683916457,287.482477490993,287.482477490993,0,117.458185692806,182.544383292809,1,0,0
normal,50,partial_cloud,hybrid_pso,15,14,6,0.984284274402272,198.756841129972,198.756841129972,0,144.686159487602,276.521870455387,1,0,0
normal,50,partial_cloud,hybrid_pso,15,14,14,0.98166307139432,198.756841129972,198.756841129972,0,168.964484246663,276.521870455387,1,0,0
normal,50,partial_cloud,hybrid_pso,15,14,18,0.984875088797273,198.756841129972,198.756841129972,0,139.548183373379,276.521870455387,1,0,0
normal,50,partial_cloud,hybrid_pso,15,14,25,0.986853425320651,198.756841129972,198.756841129972,0,120.870541734353,276.521870455387,1,0,0
normal,50,partial_cloud,hybrid_pso,15,14,30,0.976619266074082,198.756841129972,198.756841129972,0,215.346087935461,276.521870455387,1,0,0
normal,50,partial_cloud,hybrid_pso,15,14,33,0.977175815425072,198.756841129972,198.756841129972,0,210.402202584835,276.521870455387,1,0,0
normal,50,partial_cloud,hybrid_pso,16,15,6,0.982162288141673,151.17897377126,151.17897377126,0,181.383610407548,305.14512059933,1,0,0
normal,50,partial_cloud,hybrid_pso,16,15,14,0.978339263321072,151.17897377126,151.17897377126,0,220.234417527556,305.14512059933,1,0,0
normal,50,partial_cloud,hybrid_pso,16,15,18,0.981509209872514,151.17897377126,151.17897377126,0,188.249745804059,305.14512059933,1,0,0
normal,50,partial_cloud,hybrid_pso,16,15,25,0.985414734927948,151.17897377126,151.17897377126,0,148.027039126245,305.14512059933,1,0,0
normal,50,partial_cloud,hybrid_pso,16,15,30,0.973733416170036,151.17897377126,151.17897377126,0,266.918956593656,305.14512059933,1,0,0
normal,50,partial_cloud,hybrid_pso,16,15,33,0.974320866152741,151.17897377126,151.17897377126,0,261.207490513996,305.14512059933,1,0,0
normal,50,partial_cloud,hybrid_pso,17,16,6,0.980037290190647,119.181732963866,119.181732963866,0,212.473915088462,319.005237047671,1,0,0
normal,50,partial_cloud,hybrid_pso,17,16,14,0.975177812852486,119.181732963866,119.181732963866,0,263.861155810579,319.005237047671,1,0,0
normal,50,partial_cloud,hybrid_pso,17,16,18,0.978403465114286,119.181732963866,119.181732963866,0,229.795831777691,319.005237047671,1,0,0
normal,50,partial_cloud,hybrid_pso,17,16,25,0.983936251024635,119.181732963866,119.181732963866,0,170.635494808986,319.005237047671,1,0,0
normal,50,partial_cloud,hybrid_pso,17,16,30,0.970777316897558,119.181732963866,119.181732963866,0,310.37470160983,319.005237047671,1,0,0
normal,50,partial_cloud,hybrid_pso,17,16,33,0.97138695075286,119.181732963866,119.181732963866,0,304.250232387732,319.005237047671,1,0,0
normal,50,partial_cloud,hybrid_pso,18,17,6,0.975026322397078,49.918832629815,49.918832629815,0,280.73209139901,336.863083291992,1,0,0
normal,50,partial_cloud,hybrid_pso,18,17,14,0.967908139707963,49.918832629815,49.918832629815,0,336.529470253141,336.863083291992,1,0,0
normal,50,partial_cloud,hybrid_pso,18,17,18,0.971397125666626,49.918832629815,49.918832629815,0,321.442353859765,336.863083291992,1,0,0
normal,50,partial_cloud,hybrid_pso,18,17,25,0.980987496657799,49.918832629815,49.918832629815,0,213.490251316719,336.863083291992,1,0,0
normal,50,partial_cloud,hybrid_pso,18,17,30,0.962734097423285,49.918832629815,49.918832629815,0,336.529470253141,336.863083291992,1,0,0
normal,50,partial_cloud,hybrid_pso,18,17,33,0.962776493976201,49.918832629815,49.918832629815,0,336.529470253141,336.863083291992,1,0,0
normal,50,partial_cloud,hybrid_pso,19,18,6,0.969759420772901,1.02233254564335e-19,1.02233254564335e-19,0,340.204410535297,340.541666666667,1,0,0
normal,50,partial_cloud,hybrid_pso,19,18,14,0.957266720391921,1.02233254564335e-19,1.02233254564335e-19,0,340.204410535297,340.541666666667,1,0,0
normal,50,partial_cloud,hybrid_pso,19,18,18,0.95988625955497,1.02233254564335e-19,1.02233254564335e-19,0,340.204410535297,340.541666666667,1,0,0
normal,50,partial_cloud,hybrid_pso,19,18,25,0.97830849818901,1.02233254564335e-19,1.02233254564335e-19,0,246.293272630526,340.541666666667,1,0,0
normal,50,partial_cloud,hybrid_pso,19,18,30,0.954448602771181,1.02233254564335e-19,1.02233254564335e-19,0,340.204410535297,340.541666666667,1,0,0
normal,50,partial_cloud,hybrid_pso,19,18,33,0.953783771895462,1.02233254564335e-19,1.02233254564335e-19,0,340.204410535297,340.541666666667,1,0,0
normal,50,partial_cloud,hybrid_pso,20,19,6,0.968801454538711,0,0,0,340.204410535297,340.541666666667,1,0,0
normal,50,partial_cloud,hybrid_pso,20,19,14,0.955553246887755,0,0,0,340.204410535297,340.541666666667,1,0,0
normal,50,partial_cloud,hybrid_pso,20,19,18,0.958079396661072,0,0,0,340.204410535297,340.541666666667,1,0,0
normal,50,partial_cloud,hybrid_pso,20,19,25,0.977794158772969,0,0,0,252.130301799406,340.541666666667,1,0,0
normal,50,partial_cloud,hybrid_pso,20,19,30,0.952959937420055,0,0,0,340.204410535297,340.541666666667,1,0,0
normal,50,partial_cloud,hybrid_pso,20,19,33,0.952195974859461,0,0,0,340.204410535297,340.541666666667,1,0,0
normal,50,partial_cloud,hybrid_pso,21,20,6,0.96991391990958,0,0,0,340.204410535297,340.541666666667,1,0,0
normal,50,partial_cloud,hybrid_pso,21,20,14,0.957543018359677,0,0,0,340.204410535297,340.541666666667,1,0,0
normal,50,partial_cloud,hybrid_pso,21,20,18,0.960177613373536,0,0,0,340.204410535297,340.541666666667,1,0,0
normal,50,partial_cloud,hybrid_pso,21,20,25,0.978391508709414,0,0,0,245.351220644369,340.541666666667,1,0,0
normal,50,partial_cloud,hybrid_pso,21,20,30,0.954688673817861,0,0,0,340.204410535297,340.541666666667,1,0,0
normal,50,partial_cloud,hybrid_pso,21,20,33,0.954039826867414,0,0,0,340.204410535297,340.541666666667,1,0,0
normal,50,partial_cloud,hybrid_pso,22,21,6,0.972825274771609,0,0,0,308.87770710703,340.541666666667,1,0,0
normal,50,partial_cloud,hybrid_pso,22,21,14,0.962960042047536,0,0,0,340.204410535297,340.541666666667,1,0,0
normal,50,partial_cloud,hybrid_pso,22,21,18,0.965905608785499,0,0,0,340.204410535297,340.541666666667,1,0,0
normal,50,partial_cloud,hybrid_pso,22,21,25,0.9800556564839,0,0,0,226.427080589112,340.541666666667,1,0,0
normal,50,partial_cloud,hybrid_pso,22,21,30,0.959359764961813,0,0,0,340.204410535297,340.541666666667,1,0,0
normal,50,partial_cloud,hybrid_pso,22,21,33,0.959040227726859,0,0,0,340.204410535297,340.541666666667,1,0,0
normal,50,partial_cloud,hybrid_pso,23,22,6,0.976327904385134,0,0,0,269.030832506349,340.541666666667,1,0,0
normal,50,partial_cloud,hybrid_pso,23,22,14,0.968945103362875,0,0,0,340.204410535297,340.541666666667,1,0,0
normal,50,partial_cloud,hybrid_pso,23,22,18,0.971848742683164,0,0,0,319.827976278282,340.541666666667,1,0,0
normal,50,partial_cloud,hybrid_pso,23,22,25,0.982128801411617,0,0,0,202.866242729302,340.541666666667,1,0,0
normal,50,partial_cloud,hybrid_pso,23,22,30,0.965070199147571,0,0,0,340.204410535297,340.541666666667,1,0,0
normal,50,partial_cloud,hybrid_pso,23,22,33,0.965164098679578,0,0,0,340.204410535297,340.541666666667,1,0,0
normal,50,partial_cloud,hybrid_pso,24,23,6,0.978954625485382,0,0,0,239.141286420465,340.541666666667,1,0,0
normal,50,partial_cloud,hybrid_pso,24,23,14,0.972262749868632,0,0,0,314.858823109497,340.541666666667,1,0,0
normal,50,partial_cloud,hybrid_pso,24,23,18,0.974787324198341,0,0,0,286.273898595595,340.541666666667,1,0,0
normal,50,partial_cloud,hybrid_pso,24,23,25,0.983813272764676,0,0,0,183.734413555396,340.541666666667,1,0,0
normal,50,partial_cloud,hybrid_pso,24,23,30,0.969534868657958,0,0,0,340.204410535297,340.541666666667,1,0,0
normal,50,partial_cloud,hybrid_pso,24,23,33,0.96997354981144,0,0,0,340.204410535297,340.541666666667,1,0,0
normal,50,low_irradiance,hybrid,1,0,6,0.976181243421774,0,0,0,32.8302408572621,340.541666666667,1,0,0
normal,50,low_irradiance,hybrid,1,0,14,0.96316800101002,0,0,0,143.168383945225,340.541666666667,1,0,0
normal,50,low_irradiance,hybrid,1,0,18,0.963199261618622,0,0,0,143.176496480447,340.541666666667,1,0,0
normal,50,low_irradiance,hybrid,1,0,25,0.983169970306406,0,0,0,0,340.541666666667,0,0,0
normal,50,low_irradiance,hybrid,1,0,30,0.964182415600644,0,0,0,134.311604288417,340.541666666667,1,0,0
normal,50,low_irradiance,hybrid,1,0,33,0.962867591957472,0,0,0,145.676453185503,340.541666666667,1,0,0
normal,50,low_irradiance,hybrid,2,1,6,0.976181243421774,0,0,0,32.8302408572621,340.541666666667,1,0,0
normal,50,low_irradiance,hybrid,2,1,14,0.96316800101002,0,0,0,143.168383945225,340.541666666667,1,0,0
normal,50,low_irradiance,hybrid,2,1,18,0.963199261618622,0,0,0,143.176496480447,340.541666666667,1,0,0
normal,50,low_irradiance,hybrid,2,1,25,0.983169970306406,0,0,0,0,340.541666666667,0,0,0
normal,50,low_irradiance,hybrid,2,1,30,0.964182415600644,0,0,0,134.311604288417,340.541666666667,1,0,0
normal,50,low_irradiance,hybrid,2,1,33,0.962867591957472,0,0,0,145.676453185503,340.541666666667,1,0,0
normal,50,low_irradiance,hybrid,3,2,6,0.976181243421774,0,0,0,32.8302408572621,340.541666666667,1,0,0
normal,50,low_irradiance,hybrid,3,2,14,0.96316800101002,0,0,0,143.168383945225,340.541666666667,1,0,0
normal,50,low_irradiance,hybrid,3,2,18,0.963199261618622,0,0,0,143.176496480447,340.541666666667,1,0,0
normal,50,low_irradiance,hybrid,3,2,25,0.983169970306406,0,0,0,0,340.541666666667,0,0,0
normal,50,low_irradiance,hybrid,3,2,30,0.964182415600644,0,0,0,134.311604288417,340.541666666667,1,0,0
normal,50,low_irradiance,hybrid,3,2,33,0.962867591957472,0,0,0,145.676453185503,340.541666666667,1,0,0
normal,50,low_irradiance,hybrid,4,3,6,0.976181243421774,0,0,0,32.8302408572621,340.541666666667,1,0,0
normal,50,low_irradiance,hybrid,4,3,14,0.96316800101002,0,0,0,143.168383945225,340.541666666667,1,0,0
normal,50,low_irradiance,hybrid,4,3,18,0.963199261618622,0,0,0,143.176496480447,340.541666666667,1,0,0
normal,50,low_irradiance,hybrid,4,3,25,0.983169970306406,0,0,0,0,340.541666666667,0,0,0
normal,50,low_irradiance,hybrid,4,3,30,0.964182415600644,0,0,0,134.311604288417,340.541666666667,1,0,0
normal,50,low_irradiance,hybrid,4,3,33,0.962867591957472,0,0,0,145.676453185503,340.541666666667,1,0,0
normal,50,low_irradiance,hybrid,5,4,6,0.976181243421774,0,0,0,32.8302408572621,340.541666666667,1,0,0
normal,50,low_irradiance,hybrid,5,4,14,0.96316800101002,0,0,0,143.168383945225,340.541666666667,1,0,0
normal,50,low_irradiance,hybrid,5,4,18,0.963199261618622,0,0,0,143.176496480447,340.541666666667,1,0,0
normal,50,low_irradiance,hybrid,5,4,25,0.983169970306406,0,0,0,0,340.541666666667,0,0,0
normal,50,low_irradiance,hybrid,5,4,30,0.964182415600644,0,0,0,134.311604288417,340.541666666667,1,0,0
normal,50,low_irradiance,hybrid,5,4,33,0.962867591957472,0,0,0,145.676453185503,340.541666666667,1,0,0
normal,50,low_irradiance,hybrid,6,5,6,0.975832288256844,0,0,0,35.7873813594832,340.541666666667,1,0,0
normal,50,low_irradiance,hybrid,6,5,14,0.962683866848076,0,0,0,147.287711914192,340.541666666667,1,0,0
normal,50,low_irradiance,hybrid,6,5,18,0.962745330467691,0,0,0,147.047670826029,340.541666666667,1,0,0
normal,50,low_irradiance,hybrid,6,5,25,0.982887082077242,0,0,0,0,340.541666666667,0,0,0
normal,50,low_irradiance,hybrid,6,5,30,0.96367046452885,0,0,0,138.660423804734,340.541666666667,1,0,0
normal,50,low_irradiance,hybrid,6,5,33,0.96235389090673,0,0,0,150.048956547188,340.541666666667,1,0,0
normal,50,low_irradiance,hybrid,7,6,6,0.973649579607576,0,0,0,54.2486997036793,340.541666666667,1,0,0
normal,50,low_irradiance,hybrid,7,6,14,0.959655644413505,0,0,0,173.11219899808,340.541666666667,1,0,0
normal,50,low_irradiance,hybrid,7,6,18,0.95990615998119,0,0,0,171.195580567019,340.541666666667,1,0,0
normal,50,low_irradiance,hybrid,7,6,25,0.981119358763514,0,0,0,0.00970321009635631,340.541666666667,0,0,0
normal,50,low_irradiance,hybrid,7,6,30,0.960471465956164,0,0,0,165.940575425451,340.541666666667,1,0,0
normal,50,low_irradiance,hybrid,7,6,33,0.959145279770055,0,0,0,177.422088073111,340.541666666667,1,0,0
normal,50,low_irradiance,hybrid,8,7,6,0.972454587653615,22.4664781208052,22.4664781208052,0,64.2437362574477,339.7997705958,1,0,0
normal,50,low_irradiance,hybrid,8,7,14,0.958384973376888,22.4664781208052,22.4664781208052,0,183.514906420279,339.7997705958,1,0,0
normal,50,low_irradiance,hybrid,8,7,18,0.958945256437372,22.4664781208052,22.4664781208052,0,179.005099358582,339.7997705958,1,0,0
normal,50,low_irradiance,hybrid,8,7,25,0.979988555310757,22.4664781208052,22.4664781208052,0,0.238734893677427,339.7997705958,1,0,0
normal,50,low_irradiance,hybrid,8,7,30,0.958675826551797,22.4664781208052,22.4664781208052,0,180.803529944229,339.7997705958,1,0,0
normal,50,low_irradiance,hybrid,8,7,33,0.957407376302603,22.4664781208052,22.4664781208052,0,191.79851495108,339.7997705958,1,0,0
normal,50,low_irradiance,hybrid,9,8,6,0.972457404785499,54.6511860691205,54.6511860691205,0,63.5181855433358,336.127765287769,1,0,0
normal,50,low_irradiance,hybrid,9,8,14,0.958908328564971,54.6511860691205,54.6511860691205,0,177.13297625904,336.127765287769,1,0,0
normal,50,low_irradiance,hybrid,9,8,18,0.959747096569924,54.6511860691205,54.6511860691205,0,170.340917561453,336.127765287769,1,0,0
normal,50,low_irradiance,hybrid,9,8,25,0.97979078394619,54.6511860691205,54.6511860691205,0,1.88559309790362,336.127765287769,1,0,0
normal,50,low_irradiance,hybrid,9,8,30,0.958604865208565,54.6511860691205,54.6511860691205,0,179.435167394119,336.127765287769,1,0,0
normal,50,low_irradiance,hybrid,9,8,33,0.957415571257677,54.6511860691205,54.6511860691205,0,189.653576835184,336.127765287769,1,0,0
normal,50,low_irradiance,hybrid,10,9,6,0.973603201295654,87.2559073029119,87.2559073029119,0,52.8005857724695,329.173257384097,1,0,0
normal,50,low_irradiance,hybrid,10,9,14,0.960997610965113,87.2559073029119,87.2559073029119,0,156.259932374277,329.173257384097,1,0,0
normal,50,low_irradiance,hybrid,10,9,18,0.962007629970596,87.2559073029119,87.2559073029119,0,148.225345402494,329.173257384097,1,0,0
normal,50,low_irradiance,hybrid,10,9,25,0.980496830096191,87.2559073029119,87.2559073029119,0,0.0359605545969983,329.173257384097,0,0,0
normal,50,low_irradiance,hybrid,10,9,30,0.960206742493079,87.2559073029119,87.2559073029119,0,162.549943212851,329.173257384097,1,0,0
normal,50,low_irradiance,hybrid,10,9,33,0.959093564337605,87.2559073029119,87.2559073029119,0,171.914714735222,329.173257384097,1,0,0
normal,50,low_irradiance,hybrid,11,10,6,0.975129033179358,114.724570006944,114.724570006944,0,39.2402594959755,320.635150557192,1,0,0
normal,50,low_irradiance,hybrid,11,10,14,0.96352581025592,114.724570006944,114.724570006944,0,131.947029526107,320.635150557192,1,0,0
normal,50,low_irradiance,hybrid,11,10,18,0.964631049055877,114.724570006944,114.724570006944,0,123.33666923739,320.635150557192,1,0,0
normal,50,low_irradiance,hybrid,11,10,25,0.981575352871075,114.724570006944,114.724570006944,0,0,320.635150557192,0,0,0
normal,50,low_irradiance,hybrid,11,10,30,0.962379851159264,114.724570006944,114.724570006944,0,140.932539983496,320.635150557192,1,0,0
normal,50,low_irradiance,hybrid,11,10,33,0.961330859165959,114.724570006944,114.724570006944,0,149.514797089016,320.635150557192,1,0,0
normal,50,low_irradiance,hybrid,12,11,6,0.976173141924888,132.942605543311,132.942605543311,0,30.2115652780152,313.520159427535,1,0,0
normal,50,low_irradiance,hybrid,12,11,14,0.965248893677624,132.942605543311,132.942605543311,0,115.516990616919,313.520159427535,1,0,0
normal,50,low_irradiance,hybrid,12,11,18,0.966417364394119,132.942605543311,132.942605543311,0,106.588448637113,313.520159427535,1,0,0
normal,50,low_irradiance,hybrid,12,11,25,0.982320492918695,132.942605543311,132.942605543311,0,0,313.520159427535,0,0,0
normal,50,low_irradiance,hybrid,12,11,30,0.963870459114438,132.942605543311,132.942605543311,0,126.133125779382,313.520159427535,1,0,0
normal,50,low_irradiance,hybrid,12,11,33,0.962864306636623,132.942605543311,132.942605543311,0,134.172222624231,313.520159427535,1,0,0
normal,50,low_irradiance,hybrid,13,12,6,0.976487740154387,139.3125,139.3125,0,27.5073979875058,310.742102200299,1,0,0
normal,50,low_irradiance,hybrid,13,12,14,0.965781429471743,139.3125,139.3125,0,110.357302020383,310.742102200299,1,0,0
normal,50,low_irradiance,hybrid,13,12,18,0.966976658892122,139.3125,139.3125,0,101.296254837739,310.742102200299,1,0,0
normal,50,low_irradiance,hybrid,13,12,25,0.982540837292207,139.3125,139.3125,0,0,310.742102200299,0,0,0
normal,50,low_irradiance,hybrid,13,12,30,0.964317346304461,139.3125,139.3125,0,121.546614549175,310.742102200299,1,0,0
normal,50,low_irradiance,hybrid,13,12,33,0.963325654360491,139.3125,139.3125,0,129.397128281975,310.742102200299,1,0,0
normal,50,low_irradiance,hybrid,14,13,6,0.976128493440275,132.942605543311,132.942605543311,0,30.5602736789508,313.520159427535,1,0,0
normal,50,low_irradiance,hybrid,14,13,14,0.965186185994932,132.942605543311,132.942605543311,0,116.008279133264,313.520159427535,1,0,0
normal,50,low_irradiance,hybrid,14,13,18,0.966358053019801,132.942605543311,132.942605543311,0,107.053936551032,313.520159427535,1,0,0
normal,50,low_irradiance,hybrid,14,13,25,0.982284640392813,132.942605543311,132.942605543311,0,0,313.520159427535,0,0,0
normal,50,low_irradiance,hybrid,14,13,30,0.963804373564844,132.942605543311,132.942605543311,0,126.650182668477,313.520159427535,1,0,0
normal,50,low_irradiance,hybrid,14,13,33,0.962797658962743,132.942605543311,132.942605543311,0,134.694480854737,313.520159427535,1,0,0
normal,50,low_irradiance,hybrid,15,14,6,0.975103281877579,114.724570006944,114.724570006944,0,39.4459451656073,320.635150557192,1,0,0
normal,50,low_irradiance,hybrid,15,14,14,0.963489779124286,114.724570006944,114.724570006944,0,132.235725573706,320.635150557192,1,0,0
normal,50,low_irradiance,hybrid,15,14,18,0.964597059596726,114.724570006944,114.724570006944,0,123.609481116861,320.635150557192,1,0,0
normal,50,low_irradiance,hybrid,15,14,25,0.981554617536056,114.724570006944,114.724570006944,0,0,320.635150557192,0,0,0
normal,50,low_irradiance,hybrid,15,14,30,0.962341818970562,114.724570006944,114.724570006944,0,141.236874895414,320.635150557192,1,0,0
normal,50,low_irradiance,hybrid,15,14,33,0.961292561051275,114.724570006944,114.724570006944,0,149.821738204503,320.635150557192,1,0,0
normal,50,low_irradiance,hybrid,16,15,6,0.973330019733774,87.2559073029119,87.2559073029119,0,55.0397914338973,329.173257384097,1,0,0
normal,50,low_irradiance,hybrid,16,15,14,0.960617021419534,87.2559073029119,87.2559073029119,0,159.390173498378,329.173257384097,1,0,0
normal,50,low_irradiance,hybrid,16,15,18,0.961649801975685,87.2559073029119,87.2559073029119,0,151.173650620561,329.173257384097,1,0,0
normal,50,low_irradiance,hybrid,16,15,25,0.980276604753905,87.2559073029119,87.2559073029119,0,0.0601691199632015,329.173257384097,0,0,0
normal,50,low_irradiance,hybrid,16,15,30,0.959804479984615,87.2559073029119,87.2559073029119,0,165.854147279556,329.173257384097,1,0,0
normal,50,low_irradiance,hybrid,16,15,33,0.958689257781936,87.2559073029119,87.2559073029119,0,175.241095256353,329.173257384097,1,0,0
normal,50,low_irradiance,hybrid,17,16,6,0.97077845423763,54.6511860691205,54.6511860691205,0,77.5989142122071,336.127765287769,1,0,0
normal,50,low_irradiance,hybrid,17,16,14,0.956565412175861,54.6511860691205,54.6511860691205,0,196.800278360478,336.127765287769,1,0,0
normal,50,low_irradiance,hybrid,17,16,18,0.957549895066623,54.6511860691205,54.6511860691205,0,188.831524867777,336.127765287769,1,0,0
normal,50,low_irradiance,hybrid,17,16,25,0.978554796775426,54.6511860691205,54.6511860691205,0,12.2162578644525,336.127765287769,1,0,0
normal,50,low_irradiance,hybrid,17,16,30,0.956130327629262,54.6511860691205,54.6511860691205,0,200.219712037876,336.127765287769,1,0,0
normal,50,low_irradiance,hybrid,17,16,33,0.954931298257496,54.6511860691205,54.6511860691205,0,210.512615486158,336.127765287769,1,0,0
normal,50,low_irradiance,hybrid,18,17,6,0.96772958042013,22.4664781208052,22.4664781208052,0,104.360118107789,339.7997705958,1,0,0
normal,50,low_irradiance,hybrid,18,17,14,0.951799681767577,22.4664781208052,22.4664781208052,0,239.449420128302,339.7997705958,1,0,0
normal,50,low_irradiance,hybrid,18,17,18,0.952779153133318,22.4664781208052,22.4664781208052,0,231.391481410174,339.7997705958,1,0,0
normal,50,low_irradiance,hybrid,18,17,25,0.97651758884884,22.4664781208052,22.4664781208052,0,29.5824791307793,339.7997705958,1,0,0
normal,50,low_irradiance,hybrid,18,17,30,0.951729212402328,22.4664781208052,22.4664781208052,0,239.879505683501,339.7997705958,1,0,0
normal,50,low_irradiance,hybrid,18,17,33,0.950440869009245,22.4664781208052,22.4664781208052,0,250.959907695638,339.7997705958,1,0,0
normal,50,low_irradiance,hybrid,19,18,6,0.965158618375891,4.60049682855257e-20,4.60049682855257e-20,0,126.611161079149,340.541666666667,1,0,0
normal,50,low_irradiance,hybrid,19,18,14,0.947830018196321,4.60049682855257e-20,4.60049682855257e-20,0,273.715623303685,340.541666666667,1,0,0
normal,50,low_irradiance,hybrid,19,18,18,0.948840630887303,4.60049682855257e-20,4.60049682855257e-20,0,265.454264514619,340.541666666667,1,0,0
normal,50,low_irradiance,hybrid,19,18,25,0.974795178340441,4.60049682855257e-20,4.60049682855257e-20,0,44.2795416540485,340.541666666667,1,0,0
normal,50,low_irradiance,hybrid,19,18,30,0.94800958906158,4.60049682855257e-20,4.60049682855257e-20,0,272.044206524571,340.541666666667,1,0,0
normal,50,low_irradiance,hybrid,19,18,33,0.946652093684588,4.60049682855257e-20,4.60049682855257e-20,0,283.659977332614,340.541666666667,1,0,0
normal,50,low_irradiance,hybrid,20,19,6,0.964510173934802,0,0,0,132.192921643087,340.541666666667,1,0,0
normal,50,low_irradiance,hybrid,20,19,14,0.946926266870501,0,0,0,281.38674065586,340.541666666667,1,0,0
normal,50,low_irradiance,hybrid,20,19,18,0.94799660102976,0,0,0,272.65115617033,340.541666666667,1,0,0
normal,50,low_irradiance,hybrid,20,19,25,0.974322371274398,0,0,0,48.2997821283974,340.541666666667,1,0,0
normal,50,low_irradiance,hybrid,20,19,30,0.947058806756046,0,0,0,280.124381380546,340.541666666667,1,0,0
normal,50,low_irradiance,hybrid,20,19,33,0.945699491911413,0,0,0,291.726516796286,340.541666666667,1,0,0
normal,50,low_irradiance,hybrid,21,20,6,0.965263247673748,0,0,0,125.71311839438,340.541666666667,1,0,0
normal,50,low_irradiance,hybrid,21,20,14,0.947975813387445,0,0,0,272.474499410277,340.541666666667,1,0,0
normal,50,low_irradiance,hybrid,21,20,18,0.948976862454457,0,0,0,264.295180070906,340.541666666667,1,0,0
normal,50,low_irradiance,hybrid,21,20,25,0.974871507323927,0,0,0,43.6309722435853,340.541666666667,1,0,0
normal,50,low_irradiance,hybrid,21,20,30,0.948163006285282,0,0,0,270.739455306551,340.541666666667,1,0,0
normal,50,low_irradiance,hybrid,21,20,33,0.946805805342783,0,0,0,282.357031777282,340.541666666667,1,0,0
normal,50,low_irradiance,hybrid,22,21,6,0.967424325828574,0,0,0,107.205060630324,340.541666666667,1,0,0
normal,50,low_irradiance,hybrid,22,21,14,0.950987481303339,0,0,0,246.88037427649,340.541666666667,1,0,0
normal,50,low_irradiance,hybrid,22,21,18,0.951791403627056,0,0,0,240.303374092885,340.541666666667,1,0,0
normal,50,low_irradiance,hybrid,22,21,25,0.976450154657444,0,0,0,30.2240093131853,340.541666666667,1,0,0
normal,50,low_irradiance,hybrid,22,21,30,0.951333165362317,0,0,0,243.776663041578,340.541666666667,1,0,0
normal,50,low_irradiance,hybrid,22,21,33,0.949982591448551,0,0,0,255.402787889402,340.541666666667,1,0,0
normal,50,low_irradiance,hybrid,23,22,6,0.970147575263501,0,0,0,84.0015046494962,340.541666666667,1,0,0
normal,50,low_irradiance,hybrid,23,22,14,0.95478342678631,0,0,0,214.57007623081,340.541666666667,1,0,0
normal,50,low_irradiance,hybrid,23,22,18,0.95534322363077,0,0,0,210.071262169792,340.541666666667,1,0,0
normal,50,low_irradiance,hybrid,23,22,25,0.978445722182587,0,0,0,13.3087801515582,340.541666666667,1,0,0
normal,50,low_irradiance,hybrid,23,22,30,0.955330672012576,0,0,0,209.682836740721,340.541666666667,1,0,0
normal,50,low_irradiance,hybrid,23,22,33,0.953989561273786,0,0,0,221.282110609018,340.541666666667,1,0,0
normal,50,low_irradiance,hybrid,24,23,6,0.972428233805928,0,0,0,64.6150205075342,340.541666666667,1,0,0
normal,50,low_irradiance,hybrid,24,23,14,0.957961298344992,0,0,0,187.523743973815,340.541666666667,1,0,0
normal,50,low_irradiance,hybrid,24,23,18,0.958319188680746,0,0,0,184.721390427238,340.541666666667,1,0,0
normal,50,low_irradiance,hybrid,24,23,25,0.98013290734666,0,0,0,0.0995106788003133,340.541666666667,0,0,0
normal,50,low_irradiance,hybrid,24,23,30,0.958682071712249,0,0,0,181.151825970401,340.541666666667,1,0,0
normal,50,low_irradiance,hybrid,24,23,33,0.957350924234302,0,0,0,192.698750019583,340.541666666667,1,0,0
normal,50,low_irradiance,hybrid_pso,1,0,6,0.982391999746644,0,0,0,199.884522249646,340.541666666667,1,0,0
normal,50,low_irradiance,hybrid_pso,1,0,14,0.97676840685135,0,0,0,263.601526743525,340.541666666667,1,0,0
normal,50,low_irradiance,hybrid_pso,1,0,18,0.978865894132918,0,0,0,240.057457368704,340.541666666667,1,0,0
normal,50,low_irradiance,hybrid_pso,1,0,25,0.986410129125105,0,0,0,153.962228915906,340.541666666667,1,0,0
normal,50,low_irradiance,hybrid_pso,1,0,30,0.974517091941637,0,0,0,289.058650652693,340.541666666667,1,0,0
normal,50,low_irradiance,hybrid_pso,1,0,33,0.974870083286128,0,0,0,285.282865911636,340.541666666667,1,0,0
normal,50,low_irradiance,hybrid_pso,2,1,6,0.982391999746644,0,0,0,199.884522249646,340.541666666667,1,0,0
normal,50,low_irradiance,hybrid_pso,2,1,14,0.97676840685135,0,0,0,263.601526743525,340.541666666667,1,0,0
normal,50,low_irradiance,hybrid_pso,2,1,18,0.978865894132918,0,0,0,240.057457368704,340.541666666667,1,0,0
normal,50,low_irradiance,hybrid_pso,2,1,25,0.986410129125105,0,0,0,153.962228915906,340.541666666667,1,0,0
normal,50,low_irradiance,hybrid_pso,2,1,30,0.974517091941637,0,0,0,289.058650652693,340.541666666667,1,0,0
normal,50,low_irradiance,hybrid_pso,2,1,33,0.974870083286128,0,0,0,285.282865911636,340.541666666667,1,0,0
normal,50,low_irradiance,hybrid_pso,3,2,6,0.982391999746644,0,0,0,199.884522249646,340.541666666667,1,0,0
normal,50,low_irradiance,hybrid_pso,3,2,14,0.97676840685135,0,0,0,263.601526743525,340.541666666667,1,0,0
normal,50,low_irradiance,hybrid_pso,3,2,18,0.978865894132918,0,0,0,240.057457368704,340.541666666667,1,0,0
normal,50,low_irradiance,hybrid_pso,3,2,25,0.986410129125105,0,0,0,153.962228915906,340.541666666667,1,0,0
normal,50,low_irradiance,hybrid_pso,3,2,30,0.974517091941637,0,0,0,289.058650652693,340.541666666667,1,0,0
normal,50,low_irradiance,hybrid_pso,3,2,33,0.974870083286128,0,0,0,285.282865911636,340.541666666667,1,0,0
normal,50,low_irradiance,hybrid_pso,4,3,6,0.982391999746644,0,0,0,199.884522249646,340.541666666667,1,0,0
normal,50,low_irradiance,hybrid_pso,4,3,14,0.97676840685135,0,0,0,263.601526743525,340.541666666667,1,0,0
normal,50,low_irradiance,hybrid_pso,4,3,18,0.978865894132918,0,0,0,240.057457368704,340.541666666667,1,0,0
normal,50,low_irradiance,hybrid_pso,4,3,25,0.986410129125105,0,0,0,153.962228915906,340.541666666667,1,0,0
normal,50,low_irradiance,hybrid_pso,4,3,30,0.974517091941637,0,0,0,289.058650652693,340.541666666667,1,0,0
normal,50,low_irradiance,hybrid_pso,4,3,33,0.974870083286128,0,0,0,285.282865911636,340.541666666667,1,0,0
normal,50,low_irradiance,hybrid_pso,5,4,6,0.982391999746644,0,0,0,199.884522249646,340.541666666667,1,0,0
normal,50,low_irradiance,hybrid_pso,5,4,14,0.97676840685135,0,0,0,263.601526743525,340.541666666667,1,0,0
normal,50,low_irradiance,hybrid_pso,5,4,18,0.978865894132918,0,0,0,240.057457368704,340.541666666667,1,0,0
normal,50,low_irradiance,hybrid_pso,5,4,25,0.986410129125105,0,0,0,153.962228915906,340.541666666667,1,0,0
normal,50,low_irradiance,hybrid_pso,5,4,30,0.974517091941637,0,0,0,289.058650652693,340.541666666667,1,0,0
normal,50,low_irradiance,hybrid_pso,5,4,33,0.974870083286128,0,0,0,285.282865911636,340.541666666667,1,0,0
normal,50,low_irradiance,hybrid_pso,6,5,6,0.982075208872195,0,0,0,203.51097233346,340.541666666667,1,0,0
normal,50,low_irradiance,hybrid_pso,6,5,14,0.976351030962382,0,0,0,268.329385112856,340.541666666667,1,0,0
normal,50,low_irradiance,hybrid_pso,6,5,18,0.97848793029299,0,0,0,244.356954854528,340.541666666667,1,0,0
normal,50,low_irradiance,hybrid_pso,6,5,25,0.986168469492843,0,0,0,156.704235135875,340.541666666667,1,0,0
normal,50,low_irradiance,hybrid_pso,6,5,30,0.974061273015476,0,0,0,294.210818261547,340.541666666667,1,0,0
normal,50,low_irradiance,hybrid_pso,6,5,33,0.974421710726845,0,0,0,290.368463589632,340.541666666667,1,0,0
normal,50,low_irradiance,hybrid_pso,7,6,6,0.980093259986099,0,0,0,226.214926484949,340.541666666667,1,0,0
normal,50,low_irradiance,hybrid_pso,7,6,14,0.973739815425179,0,0,0,297.961234845259,340.541666666667,1,0,0
normal,50,low_irradiance,hybrid_pso,7,6,18,0.976123383175669,0,0,0,271.184234940831,340.541666666667,1,0,0
normal,50,low_irradiance,hybrid_pso,7,6,25,0.984660170851343,0,0,0,173.963292748152,340.541666666667,1,0,0
normal,50,low_irradiance,hybrid_pso,7,6,30,0.971212301387969,0,0,0,326.491933423435,340.541666666667,1,0,0
normal,50,low_irradiance,hybrid_pso,7,6,33,0.971619979335354,0,0,0,322.133343564184,340.541666666667,1,0,0
normal,50,low_irradiance,hybrid_pso,8,7,6,0.97898617225458,22.4664781208052,22.4664781208052,0,238.246250147581,339.7997705958,1,0,0
normal,50,low_irradiance,hybrid_pso,8,7,14,0.972633767059274,22.4664781208052,22.4664781208052,0,309.966363890207,339.7997705958,1,0,0
normal,50,low_irradiance,hybrid_pso,8,7,18,0.975333605020407,22.4664781208052,22.4664781208052,0,279.451151201685,339.7997705958,1,0,0
normal,50,low_irradiance,hybrid_pso,8,7,25,0.983686186826779,22.4664781208052,22.4664781208052,0,184.770249167876,339.7997705958,1,0,0
normal,50,low_irradiance,hybrid_pso,8,7,30,0.96953382513905,22.4664781208052,22.4664781208052,0,339.463249202712,339.7997705958,1,0,0
normal,50,low_irradiance,hybrid_pso,8,7,33,0.970034309323673,22.4664781208052,22.4664781208052,0,339.282867289718,339.7997705958,1,0,0
normal,50,low_irradiance,hybrid_pso,9,8,6,0.97895794654334,54.6511860691205,54.6511860691205,0,235.992459887129,336.127765287769,1,0,0
normal,50,low_irradiance,hybrid_pso,9,8,14,0.97303784767211,54.6511860691205,54.6511860691205,0,302.103693158865,336.127765287769,1,0,0
normal,50,low_irradiance,hybrid_pso,9,8,18,0.97597821350691,54.6511860691205,54.6511860691205,0,269.215235031155,336.127765287769,1,0,0
normal,50,low_irradiance,hybrid_pso,9,8,25,0.983473375549891,54.6511860691205,54.6511860691205,0,185.158604268521,336.127765287769,1,0,0
normal,50,low_irradiance,hybrid_pso,9,8,30,0.969390471423338,54.6511860691205,54.6511860691205,0,335.794880472597,336.127765287769,1,0,0
normal,50,low_irradiance,hybrid_pso,9,8,33,0.969953582608097,54.6511860691205,54.6511860691205,0,335.794880472597,336.127765287769,1,0,0
normal,50,low_irradiance,hybrid_pso,10,9,6,0.979988373412542,87.2559073029119,87.2559073029119,0,219.802752776259,329.173257384097,1,0,0
normal,50,low_irradiance,hybrid_pso,10,9,14,0.974765546693862,87.2559073029119,87.2559073029119,0,276.787186412985,329.173257384097,1,0,0
normal,50,low_irradiance,hybrid_pso,10,9,18,0.97780118565919,87.2559073029119,87.2559073029119,0,243.724728481776,329.173257384097,1,0,0
normal,50,low_irradiance,hybrid_pso,10,9,25,0.984054603509915,87.2559073029119,87.2559073029119,0,174.785489136117,329.173257384097,1,0,0
normal,50,low_irradiance,hybrid_pso,10,9,30,0.97082667097475,87.2559073029119,87.2559073029119,0,319.74169779245,329.173257384097,1,0,0
normal,50,low_irradiance,hybrid_pso,10,9,33,0.971411026104695,87.2559073029119,87.2559073029119,0,313.686122745876,329.173257384097,1,0,0
normal,50,low_irradiance,hybrid_pso,11,10,6,0.981302303885326,114.724570006944,114.724570006944,0,199.895427378028,320.635150557192,1,0,0
normal,50,low_irradiance,hybrid_pso,11,10,14,0.97681588464055,114.724570006944,114.724570006944,0,247.669277368509,320.635150557192,1,0,0
normal,50,low_irradiance,hybrid_pso,11,10,18,0.979869506960087,114.724570006944,114.724570006944,0,215.349369189643,320.635150557192,1,0,0
normal,50,low_irradiance,hybrid_pso,11,10,25,0.98491871537682,114.724570006944,114.724570006944,0,160.861941460138,320.635150557192,1,0,0
normal,50,low_irradiance,hybrid_pso,11,10,30,0.97262992545173,114.724570006944,114.724570006944,0,292.204425838301,320.635150557192,1,0,0
normal,50,low_irradiance,hybrid_pso,11,10,33,0.97321545004985,114.724570006944,114.724570006944,0,286.26734304779,320.635150557192,1,0,0
normal,50,low_irradiance,hybrid_pso,12,11,6,0.982187927176293,132.942605543311,132.942605543311,0,186.104862077892,313.520159427535,1,0,0
normal,50,low_irradiance,hybrid_pso,12,11,14,0.978189792933086,132.942605543311,132.942605543311,0,227.840998300562,313.520159427535,1,0,0
normal,50,low_irradiance,hybrid_pso,12,11,18,0.981251610795236,132.942605543311,132.942605543311,0,196.101087171946,313.520159427535,1,0,0
normal,50,low_irradiance,hybrid_pso,12,11,25,0.985510703143016,132.942605543311,132.942605543311,0,151.097008879536,313.520159427535,1,0,0
normal,50,low_irradiance,hybrid_pso,12,11,30,0.973846634168776,132.942605543311,132.942605543311,0,273.071997781949,313.520159427535,1,0,0
normal,50,low_irradiance,hybrid_pso,12,11,33,0.974429190771586,132.942605543311,132.942605543311,0,267.251093322405,313.520159427535,1,0,0
normal,50,low_irradiance,hybrid_pso,13,12,6,0.982448580225765,139.3125,139.3125,0,181.731951164371,310.742102200299,1,0,0
normal,50,low_irradiance,hybrid_pso,13,12,14,0.978604321763288,139.3125,139.3125,0,221.529485189234,310.742102200299,1,0,0
normal,50,low_irradiance,hybrid_pso,13,12,18,0.981674662068641,139.3125,139.3125,0,189.980158233892,310.742102200299,1,0,0
normal,50,low_irradiance,hybrid_pso,13,12,25,0.985681621603188,139.3125,139.3125,0,147.985737044677,310.742102200299,1,0,0
normal,50,low_irradiance,hybrid_pso,13,12,30,0.974200638687475,139.3125,139.3125,0,267.000966013142,310.742102200299,1,0,0
normal,50,low_irradiance,hybrid_pso,13,12,33,0.974782222760863,139.3125,139.3125,0,261.229318775369,310.742102200299,1,0,0
normal,50,low_irradiance,hybrid_pso,14,13,6,0.982147365467304,132.942605543311,132.942605543311,0,186.531862240524,313.520159427535,1,0,0
normal,50,low_irradiance,hybrid_pso,14,13,14,0.978135579440831,132.942605543311,132.942605543311,0,228.40739554554,313.520159427535,1,0,0
normal,50,low_irradiance,hybrid_pso,14,13,18,0.981201952781909,132.942605543311,132.942605543311,0,196.620612681434,313.520159427535,1,0,0
normal,50,low_irradiance,hybrid_pso,14,13,25,0.985479806992919,132.942605543311,132.942605543311,0,151.419693221287,313.520159427535,1,0,0
normal,50,low_irradiance,hybrid_pso,14,13,30,0.973787607880555,132.942605543311,132.942605543311,0,273.686014663777,313.520159427535,1,0,0
normal,50,low_irradiance,hybrid_pso,14,13,33,0.974370739734124,132.942605543311,132.942605543311,0,267.861208413807,313.520159427535,1,0,0
normal,50,low_irradiance,hybrid_pso,15,14,6,0.981278917547977,114.724570006944,114.724570006944,0,200.148357161409,320.635150557192,1,0,0
normal,50,low_irradiance,hybrid_pso,15,14,14,0.976784771116573,114.724570006944,114.724570006944,0,248.001908936998,320.635150557192,1,0,0
normal,50,low_irradiance,hybrid_pso,15,14,18,0.979841104871636,114.724570006944,114.724570006944,0,215.653442771836,320.635150557192,1,0,0
normal,50,low_irradiance,hybrid_pso,15,14,25,0.984900897188544,114.724570006944,114.724570006944,0,161.052542823589,320.635150557192,1,0,0
normal,50,low_irradiance,hybrid_pso,15,14,30,0.972595971435405,114.724570006944,114.724570006944,0,292.564293768558,320.635150557192,1,0,0
normal,50,low_irradiance,hybrid_pso,15,14,33,0.973181887644201,114.724570006944,114.724570006944,0,286.624986641799,320.635150557192,1,0,0
normal,50,low_irradiance,hybrid_pso,16,15,6,0.979740515913687,87.2559073029119,87.2559073029119,0,222.533064125191,329.173257384097,1,0,0
normal,50,low_irradiance,hybrid_pso,16,15,14,0.974437196024339,87.2559073029119,87.2559073029119,0,280.409490374956,329.173257384097,1,0,0
normal,50,low_irradiance,hybrid_pso,16,15,18,0.97750214622167,87.2559073029119,87.2559073029119,0,246.978972432564,329.173257384097,1,0,0
normal,50,low_irradiance,hybrid_pso,16,15,25,0.983866235419738,87.2559073029119,87.2559073029119,0,176.899498407421,329.173257384097,1,0,0
normal,50,low_irradiance,hybrid_pso,16,15,30,0.97046878274705,87.2559073029119,87.2559073029119,0,323.67081825435,329.173257384097,1,0,0
normal,50,low_irradiance,hybrid_pso,16,15,33,0.971058364197051,87.2559073029119,87.2559073029119,0,317.573516320565,329.173257384097,1,0,0
normal,50,low_irradiance,hybrid_pso,17,16,6,0.977059050054722,54.6511860691205,54.6511860691205,0,257.286997347174,336.127765287769,1,0,0
normal,50,low_irradiance,hybrid_pso,17,16,14,0.970790287179138,54.6511860691205,54.6511860691205,0,327.213348201472,336.127765287769,1,0,0
normal,50,low_irradiance,hybrid_pso,17,16,18,0.973965113479917,54.6511860691205,54.6511860691205,0,291.825259842992,336.127765287769,1,0,0
normal,50,low_irradiance,hybrid_pso,17,16,25,0.982236100276142,54.6511860691205,54.6511860691205,0,199.023381604896,336.127765287769,1,0,0
normal,50,low_irradiance,hybrid_pso,17,16,30,0.966135991808764,54.6511860691205,54.6511860691205,0,335.794880472597,336.127765287769,1,0,0
normal,50,low_irradiance,hybrid_pso,17,16,33,0.966445393931339,54.6511860691205,54.6511860691205,0,335.794880472597,336.127765287769,1,0,0
normal,50,low_irradiance,hybrid_pso,18,17,6,0.973301054652606,22.4664781208052,22.4664781208052,0,302.831577000398,339.7997705958,1,0,0
normal,50,low_irradiance,hybrid_pso,18,17,14,0.96444231364274,22.4664781208052,22.4664781208052,0,339.463249202712,339.7997705958,1,0,0
normal,50,low_irradiance,hybrid_pso,18,17,18,0.96773297858674,22.4664781208052,22.4664781208052,0,339.463249202712,339.7997705958,1,0,0
normal,50,low_irradiance,hybrid_pso,18,17,25,0.980151031521173,22.4664781208052,22.4664781208052,0,224.852480778344,339.7997705958,1,0,0
normal,50,low_irradiance,hybrid_pso,18,17,30,0.960025764311367,22.4664781208052,22.4664781208052,0,339.463249202712,339.7997705958,1,0,0
normal,50,low_irradiance,hybrid_pso,18,17,33,0.959812086450041,22.4664781208052,22.4664781208052,0,339.463249202712,339.7997705958,1,0,0
normal,50,low_irradiance,hybrid_pso,19,18,6,0.969759420772901,4.60049682855257e-20,4.60049682855257e-20,0,340.204410535297,340.541666666667,1,0,0
normal,50,low_irradiance,hybrid_pso,19,18,14,0.957266720391921,4.60049682855257e-20,4.60049682855257e-20,0,340.204410535297,340.541666666667,1,0,0
normal,50,low_irradiance,hybrid_pso,19,18,18,0.95988625955497,4.60049682855257e-20,4.60049682855257e-20,0,340.204410535297,340.541666666667,1,0,0
normal,50,low_irradiance,hybrid_pso,19,18,25,0.97830849818901,4.60049682855257e-20,4.60049682855257e-20,0,246.293272630526,340.541666666667,1,0,0
normal,50,low_irradiance,hybrid_pso,19,18,30,0.954448602771181,4.60049682855257e-20,4.60049682855257e-20,0,340.204410535297,340.541666666667,1,0,0
normal,50,low_irradiance,hybrid_pso,19,18,33,0.953783771895462,4.60049682855257e-20,4.60049682855257e-20,0,340.204410535297,340.541666666667,1,0,0
normal,50,low_irradiance,hybrid_pso,20,19,6,0.968801454538711,0,0,0,340.204410535297,340.541666666667,1,0,0
normal,50,low_irradiance,hybrid_pso,20,19,14,0.955553246887755,0,0,0,340.204410535297,340.541666666667,1,0,0
normal,50,low_irradiance,hybrid_pso,20,19,18,0.958079396661072,0,0,0,340.204410535297,340.541666666667,1,0,0
normal,50,low_irradiance,hybrid_pso,20,19,25,0.977794158772969,0,0,0,252.130301799406,340.541666666667,1,0,0
normal,50,low_irradiance,hybrid_pso,20,19,30,0.952959937420055,0,0,0,340.204410535297,340.541666666667,1,0,0
normal,50,low_irradiance,hybrid_pso,20,19,33,0.952195974859461,0,0,0,340.204410535297,340.541666666667,1,0,0
normal,50,low_irradiance,hybrid_pso,21,20,6,0.96991391990958,0,0,0,340.204410535297,340.541666666667,1,0,0
normal,50,low_irradiance,hybrid_pso,21,20,14,0.957543018359677,0,0,0,340.204410535297,340.541666666667,1,0,0
normal,50,low_irradiance,hybrid_pso,21,20,18,0.960177613373536,0,0,0,340.204410535297,340.541666666667,1,0,0
normal,50,low_irradiance,hybrid_pso,21,20,25,0.978391508709414,0,0,0,245.351220644369,340.541666666667,1,0,0
normal,50,low_irradiance,hybrid_pso,21,20,30,0.954688673817861,0,0,0,340.204410535297,340.541666666667,1,0,0
normal,50,low_irradiance,hybrid_pso,21,20,33,0.954039826867414,0,0,0,340.204410535297,340.541666666667,1,0,0
normal,50,low_irradiance,hybrid_pso,22,21,6,0.972825274771609,0,0,0,308.87770710703,340.541666666667,1,0,0
normal,50,low_irradiance,hybrid_pso,22,21,14,0.962960042047536,0,0,0,340.204410535297,340.541666666667,1,0,0
normal,50,low_irradiance,hybrid_pso,22,21,18,0.965905608785499,0,0,0,340.204410535297,340.541666666667,1,0,0
normal,50,low_irradiance,hybrid_pso,22,21,25,0.9800556564839,0,0,0,226.427080589112,340.541666666667,1,0,0
normal,50,low_irradiance,hybrid_pso,22,21,30,0.959359764961813,0,0,0,340.204410535297,340.541666666667,1,0,0
normal,50,low_irradiance,hybrid_pso,22,21,33,0.959040227726859,0,0,0,340.204410535297,340.541666666667,1,0,0
normal,50,low_irradiance,hybrid_pso,23,22,6,0.976327904385134,0,0,0,269.030832506349,340.541666666667,1,0,0
normal,50,low_irradiance,hybrid_pso,23,22,14,0.968945103362875,0,0,0,340.204410535297,340.541666666667,1,0,0
normal,50,low_irradiance,hybrid_pso,23,22,18,0.971848742683164,0,0,0,319.827976278282,340.541666666667,1,0,0
normal,50,low_irradiance,hybrid_pso,23,22,25,0.982128801411617,0,0,0,202.866242729302,340.541666666667,1,0,0
normal,50,low_irradiance,hybrid_pso,23,22,30,0.965070199147571,0,0,0,340.204410535297,340.541666666667,1,0,0
normal,50,low_irradiance,hybrid_pso,23,22,33,0.965164098679578,0,0,0,340.204410535297,340.541666666667,1,0,0
normal,50,low_irradiance,hybrid_pso,24,23,6,0.978954625485382,0,0,0,239.141286420465,340.541666666667,1,0,0
normal,50,low_irradiance,hybrid_pso,24,23,14,0.972262749868632,0,0,0,314.858823109497,340.541666666667,1,0,0
normal,50,low_irradiance,hybrid_pso,24,23,18,0.974787324198341,0,0,0,286.273898595595,340.541666666667,1,0,0
normal,50,low_irradiance,hybrid_pso,24,23,25,0.983813272764676,0,0,0,183.734413555396,340.541666666667,1,0,0
normal,50,low_irradiance,hybrid_pso,24,23,30,0.969534868657958,0,0,0,340.204410535297,340.541666666667,1,0,0
normal,50,low_irradiance,hybrid_pso,24,23,33,0.96997354981144,0,0,0,340.204410535297,340.541666666667,1,0,0
normal,80,clear_sky,hybrid,1,0,6,0.977560001534334,0,0,0,33.5693654124846,544.866666666667,1,0,0
normal,80,clear_sky,hybrid,1,0,14,0.966783530561829,0,0,0,179.911183196227,544.866666666667,1,0,0
normal,80,clear_sky,hybrid,1,0,18,0.967424006617516,0,0,0,171.389056182187,544.866666666667,1,0,0
normal,80,clear_sky,hybrid,1,0,25,0.98346777468128,0,0,0,0,544.866666666667,0,0,0
normal,80,clear_sky,hybrid,1,0,30,0.966822341562902,0,0,0,179.299531844729,544.866666666667,1,0,0
normal,80,clear_sky,hybrid,1,0,33,0.966042699649329,0,0,0,190.124888108673,544.866666666667,1,0,0
normal,80,clear_sky,hybrid,2,1,6,0.977560001534334,0,0,0,33.5693654124846,544.866666666667,1,0,0
normal,80,clear_sky,hybrid,2,1,14,0.966783530561829,0,0,0,179.911183196227,544.866666666667,1,0,0
normal,80,clear_sky,hybrid,2,1,18,0.967424006617516,0,0,0,171.389056182187,544.866666666667,1,0,0
normal,80,clear_sky,hybrid,2,1,25,0.98346777468128,0,0,0,0,544.866666666667,0,0,0
normal,80,clear_sky,hybrid,2,1,30,0.966822341562902,0,0,0,179.299531844729,544.866666666667,1,0,0
normal,80,clear_sky,hybrid,2,1,33,0.966042699649329,0,0,0,190.124888108673,544.866666666667,1,0,0
normal,80,clear_sky,hybrid,3,2,6,0.977560001534334,0,0,0,33.5693654124846,544.866666666667,1,0,0
normal,80,clear_sky,hybrid,3,2,14,0.966783530561829,0,0,0,179.911183196227,544.866666666667,1,0,0
normal,80,clear_sky,hybrid,3,2,18,0.967424006617516,0,0,0,171.389056182187,544.866666666667,1,0,0
normal,80,clear_sky,hybrid,3,2,25,0.98346777468128,0,0,0,0,544.866666666667,0,0,0
normal,80,clear_sky,hybrid,3,2,30,0.966822341562902,0,0,0,179.299531844729,544.866666666667,1,0,0
normal,80,clear_sky,hybrid,3,2,33,0.966042699649329,0,0,0,190.124888108673,544.866666666667,1,0,0
normal,80,clear_sky,hybrid,4,3,6,0.977560001534334,0,0,0,33.5693654124846,544.866666666667,1,0,0
normal,80,clear_sky,hybrid,4,3,14,0.966783530561829,0,0,0,179.911183196227,544.866666666667,1,0,0
normal,80,clear_sky,hybrid,4,3,18,0.967424006617516,0,0,0,171.389056182187,544.866666666667,1,0,0
normal,80,clear_sky,hybrid,4,3,25,0.98346777468128,0,0,0,0,544.866666666667,0,0,0
normal,80,clear_sky,hybrid,4,3,30,0.966822341562902,0,0,0,179.299531844729,544.866666666667,1,0,0
normal,80,clear_sky,hybrid,4,3,33,0.966042699649329,0,0,0,190.124888108673,544.866666666667,1,0,0
normal,80,clear_sky,hybrid,5,4,6,0.977560001534334,0,0,0,33.5693654124846,544.866666666667,1,0,0
normal,80,clear_sky,hybrid,5,4,14,0.966783530561829,0,0,0,179.911183196227,544.866666666667,1,0,0
normal,80,clear_sky,hybrid,5,4,18,0.967424006617516,0,0,0,171.389056182187,544.866666666667,1,0,0
normal,80,clear_sky,hybrid,5,4,25,0.98346777468128,0,0,0,0,544.866666666667,0,0,0
normal,80,clear_sky,hybrid,5,4,30,0.966822341562902,0,0,0,179.299531844729,544.866666666667,1,0,0
normal,80,clear_sky,hybrid,5,4,33,0.966042699649329,0,0,0,190.124888108673,544.866666666667,1,0,0
normal,80,clear_sky,hybrid,6,5,6,0.977259380966865,0,0,0,37.6539806247799,544.866666666667,1,0,0
normal,80,clear_sky,hybrid,6,5,14,0.966405808260239,0,0,0,185.054487591362,544.866666666667,1,0,0
normal,80,clear_sky,hybrid,6,5,18,0.967090945611186,0,0,0,175.929639626735,544.866666666667,1,0,0
normal,80,clear_sky,hybrid,6,5,25,0.983195242246233,0,0,0,0,544.866666666667,0,0,0
normal,80,clear_sky,hybrid,6,5,30,0.966397262492461,0,0,0,185.085726425038,544.866666666667,1,0,0
normal,80,clear_sky,hybrid,6,5,33,0.965631012453007,0,0,0,195.736935722847,544.866666666667,1,0,0
normal,80,clear_sky,hybrid,7,6,6,0.975377766618541,0,0,0,63.2872351605755,544.866666666667,1,0,0
normal,80,clear_sky,hybrid,7,6,14,0.964042200619554,0,0,0,217.238243100206,544.866666666667,1,0,0
normal,80,clear_sky,hybrid,7,6,18,0.965008234198482,0,0,0,204.330914118936,544.866666666667,1,0,0
normal,80,clear_sky,hybrid,7,6,25,0.981491967268888,0,0,0,0.0155251361541701,544.866666666667,0,0,0
normal,80,clear_sky,hybrid,7,6,30,0.963738626951793,0,0,0,221.204579605046,544.866666666667,1,0,0
normal,80,clear_sky,hybrid,7,6,33,0.96305718205836,0,0,0,230.818829379725,544.866666666667,1,0,0
normal,80,clear_sky,hybrid,8,7,6,0.976711548102197,79.8808110961963,79.8808110961963,0,44.6751490751656,538.979350683362,1,0,0
normal,80,clear_sky,hybrid,8,7,14,0.966818849638178,79.8808110961963,79.8808110961963,0,177.445751976114,538.979350683362,1,0,0
normal,80,clear_sky,hybrid,8,7,18,0.968193559479871,79.8808110961963,79.8808110961963,0,159.220049709617,538.979350683362,1,0,0
normal,80,clear_sky,hybrid,8,7,25,0.982152439691912,79.8808110961963,79.8808110961963,0,0,538.979350683362,0,0,0
normal,80,clear_sky,hybrid,8,7,30,0.965502180476416,79.8808110961963,79.8808110961963,0,195.059105409497,538.979350683362,1,0,0
normal,80,clear_sky,hybrid,8,7,33,0.964975984865987,79.8808110961963,79.8808110961963,0,202.460232470447,538.979350683362,1,0,0
normal,80,clear_sky,hybrid,9,8,6,0.979911317284825,194.315328245762,194.315328245762,0,1.49229397040724,509.039524647336,1,0,0
normal,80,clear_sky,hybrid,9,8,14,0.972368522733904,194.315328245762,194.315328245762,0,97.0048494719915,509.039524647336,1,0,0
normal,80,clear_sky,hybrid,9,8,18,0.974142102296793,194.315328245762,194.315328245762,0,74.6220759358059,509.039524647336,1,0,0
normal,80,clear_sky,hybrid,9,8,25,0.984378929529977,194.315328245762,194.315328245762,0,0,509.039524647336,0,0,0
normal,80,clear_sky,hybrid,9,8,30,0.969880016108232,194.315328245762,194.315328245762,0,128.594377987095,509.039524647336,1,0,0
normal,80,clear_sky,hybrid,9,8,33,0.969500218409121,194.315328245762,194.315328245762,0,133.608067216846,509.039524647336,1,0,0
normal,80,clear_sky,hybrid,10,9,6,0.984547799085533,310.243225965909,310.243225965909,0,0,447.91609168092,0,0,0
normal,80,clear_sky,hybrid,10,9,14,0.980252132840314,310.243225965909,310.243225965909,0,0.107480075995434,447.91609168092,0,0,0
normal,80,clear_sky,hybrid,10,9,18,0.982816388601736,310.243225965909,310.243225965909,0,0,447.91609168092,0,0,0
normal,80,clear_sky,hybrid,10,9,25,0.98758974580915,310.243225965909,310.243225965909,0,0,447.91609168092,0,0,0
normal,80,clear_sky,hybrid,10,9,30,0.976102155487212,310.243225965909,310.243225965909,0,43.3085250910875,447.91609168092,1,0,0
normal,80,clear_sky,hybrid,10,9,33,0.975837137997473,310.243225965909,310.243225965909,0,46.4657532554765,447.91609168092,1,0,0
normal,80,clear_sky,hybrid,11,10,6,0.990957200698405,407.909582246912,407.909582246913,0,0,361.233244809491,0,0,0
normal,80,clear_sky,hybrid,11,10,14,0.994814026670198,407.909582246912,407.909582246913,0,0,361.233244809491,0,0,0
normal,80,clear_sky,hybrid,11,10,18,0.999408801423915,407.909582246912,407.909582246913,0,0,361.233244809491,0,0,0
normal,80,clear_sky,hybrid,11,10,25,0.991158909562972,407.909582246912,407.909582246913,0,0,361.233244809491,0,0,0
normal,80,clear_sky,hybrid,11,10,30,0.985041104989703,407.909582246912,407.909582246913,0,0,361.233244809491,0,0,0
normal,80,clear_sky,hybrid,11,10,33,0.98527269014474,407.909582246912,407.909582246913,0,0,361.233244809491,0,0,0
normal,80,clear_sky,hybrid,12,11,6,0.995719053712933,472.68481970955,472.68481970955,0,0,271.014290509918,0,0,0
normal,80,clear_sky,hybrid,12,11,14,1.00486316318769,472.68481970955,472.68481970955,0,0,271.014290509918,0,0,0
normal,80,clear_sky,hybrid,12,11,18,1.01077012169782,472.68481970955,472.68481970955,0,0,271.014290509918,0,0,0
normal,80,clear_sky,hybrid,12,11,25,0.993650641186106,472.68481970955,472.68481970955,0,0,271.014290509918,0,0,0
normal,80,clear_sky,hybrid,12,11,30,0.99230381325491,472.68481970955,472.68481970955,0,0,271.014290509918,0,0,0
normal,80,clear_sky,hybrid,12,11,33,0.993223699366217,472.68481970955,472.68481970955,0,0,271.014290509918,0,0,0
normal,80,clear_sky,hybrid,13,12,6,0.997292796883876,495.333333333333,495.333333333333,0,0,226.990249423479,0,0,0
normal,80,clear_sky,hybrid,13,12,14,1.00820394429318,495.333333333333,495.333333333333,0,0,226.990249423479,0,0,0
normal,80,clear_sky,hybrid,13,12,18,1.01455651670986,495.333333333333,495.333333333333,0,0,226.990249423479,0,0,0
normal,80,clear_sky,hybrid,13,12,25,0.994471091068899,495.333333333333,495.333333333333,0,0,226.990249423479,0,0,0
normal,80,clear_sky,hybrid,13,12,30,0.9947043403652,495.333333333333,495.333333333333,0,0,226.990249423479,0,0,0
normal,80,clear_sky,hybrid,13,12,33,0.99585516695386,495.333333333333,495.333333333333,0,0,226.990249423479,0,0,0
normal,80,clear_sky,hybrid,14,13,6,0.995656426277316,472.68481970955,472.68481970955,0,0,271.014290509918,0,0,0
normal,80,clear_sky,hybrid,14,13,14,1.00475361270717,472.68481970955,472.68481970955,0,0,271.014290509918,0,0,0
normal,80,clear_sky,hybrid,14,13,18,1.01065477386867,472.68481970955,472.68481970955,0,0,271.014290509918,0,0,0
normal,80,clear_sky,hybrid,14,13,25,0.993611453212881,472.68481970955,472.68481970955,0,0,271.014290509918,0,0,0
normal,80,clear_sky,hybrid,14,13,30,0.99220673235729,472.68481970955,472.68481970955,0,0,271.014290509918,0,0,0
normal,80,clear_sky,hybrid,14,13,33,0.993120166639298,472.68481970955,472.68481970955,0,0,271.014290509918,0,0,0
normal,80,clear_sky,hybrid,15,14,6,0.99092051951892,407.909582246913,407.909582246913,0,0,361.233244809491,0,0,0
normal,80,clear_sky,hybrid,15,14,14,0.994749629505981,407.909582246913,407.909582246913,0,0,361.233244809491,0,0,0
normal,80,clear_sky,hybrid,15,14,18,0.99934093571934,407.909582246913,407.909582246913,0,0,361.233244809491,0,0,0
normal,80,clear_sky,hybrid,15,14,25,0.991136082450686,407.909582246913,407.909582246913,0,0,361.233244809491,0,0,0
normal,80,clear_sky,hybrid,15,14,30,0.984984227616034,407.909582246913,407.909582246913,0,0,361.233244809491,0,0,0
normal,80,clear_sky,hybrid,15,14,33,0.985212014105849,407.909582246913,407.909582246913,0,0,361.233244809491,0,0,0
normal,80,clear_sky,hybrid,16,15,6,0.984260204709286,310.243225965909,310.243225965909,0,0,447.91609168092,0,0,0
normal,80,clear_sky,hybrid,16,15,14,0.979757586967545,310.243225965909,310.243225965909,0,2.882573109344,447.91609168092,1,0,0
normal,80,clear_sky,hybrid,16,15,18,0.982282442564481,310.243225965909,310.243225965909,0,0,447.91609168092,0,0,0
normal,80,clear_sky,hybrid,16,15,25,0.987369188872577,310.243225965909,310.243225965909,0,0,447.91609168092,0,0,0
normal,80,clear_sky,hybrid,16,15,30,0.975718261479643,310.243225965909,310.243225965909,0,47.6571143567082,447.91609168092,1,0,0
normal,80,clear_sky,hybrid,16,15,33,0.975462565303314,310.243225965909,310.243225965909,0,50.7006806917309,447.91609168092,1,0,0
normal,80,clear_sky,hybrid,17,16,6,0.978476289379235,194.315328245762,194.315328245762,0,19.709913089462,509.039524647336,1,0,0
normal,80,clear_sky,hybrid,17,16,14,0.970542198149855,194.315328245762,194.315328245762,0,120.238301705513,509.039524647336,1,0,0
normal,80,clear_sky,hybrid,17,16,18,0.972511990095331,194.315328245762,194.315328245762,0,95.3838819018669,509.039524647336,1,0,0
normal,80,clear_sky,hybrid,17,16,25,0.983080111208125,194.315328245762,194.315328245762,0,0,509.039524647336,0,0,0
normal,80,clear_sky,hybrid,17,16,30,0.967818964984046,194.315328245762,194.315328245762,0,154.803663996968,509.039524647336,1,0,0
normal,80,clear_sky,hybrid,17,16,33,0.967489221927514,194.315328245762,194.315328245762,0,159.216839800536,509.039524647336,1,0,0
normal,80,clear_sky,hybrid,18,17,6,0.972673951389978,79.8808110961964,79.8808110961964,0,98.9371314248213,538.979350683362,1,0,0
normal,80,clear_sky,hybrid,18,17,14,0.961725591991921,79.8808110961964,79.8808110961964,0,246.05129471351,538.979350683362,1,0,0
normal,80,clear_sky,hybrid,18,17,18,0.963698575507139,79.8808110961964,79.8808110961964,0,219.837488883869,538.979350683362,1,0,0
normal,80,clear_sky,hybrid,18,17,25,0.978697728394464,79.8808110961964,79.8808110961964,0,17.6196892713722,538.979350683362,1,0,0
normal,80,clear_sky,hybrid,18,17,30,0.959766377173727,79.8808110961964,79.8808110961964,0,272.309184722645,538.979350683362,1,0,0
normal,80,clear_sky,hybrid,18,17,33,0.959416632134958,79.8808110961964,79.8808110961964,0,277.39846178444,538.979350683362,1,0,0
normal,80,clear_sky,hybrid,19,18,6,0.968071374499947,1.63573220570758e-19,1.63573220570758e-19,0,162.768393241867,544.866666666667,1,0,0
normal,80,clear_sky,hybrid,19,18,14,0.954813094794313,1.63573220570758e-19,1.63573220570758e-19,0,342.883781186527,544.866666666667,1,0,0
normal,80,clear_sky,hybrid,19,18,18,0.956892106735368,1.63573220570758e-19,1.63573220570758e-19,0,314.958713067239,544.866666666667,1,0,0
normal,80,clear_sky,hybrid,19,18,25,0.975612667498776,1.63573220570758e-19,1.63573220570758e-19,0,59.7173521718649,544.866666666667,1,0,0
normal,80,clear_sky,hybrid,19,18,30,0.953409700655436,1.63573220570758e-19,1.63573220570758e-19,0,361.894843283188,544.866666666667,1,0,0
normal,80,clear_sky,hybrid,19,18,33,0.953066717246792,1.63573220570758e-19,1.63573220570758e-19,0,366.910791055897,544.866666666667,1,0,0
normal,80,clear_sky,hybrid,20,19,6,0.967513643639146,0,0,0,170.401152565425,544.866666666667,1,0,0
normal,80,clear_sky,hybrid,20,19,14,0.95410760342637,0,0,0,352.47503183071,544.866666666667,1,0,0
normal,80,clear_sky,hybrid,20,19,18,0.956273183118329,0,0,0,323.403072748531,544.866666666667,1,0,0
normal,80,clear_sky,hybrid,20,19,25,0.975182056829111,0,0,0,65.5704422245007,544.866666666667,1,0,0
normal,80,clear_sky,hybrid,20,19,30,0.952622956641762,0,0,0,372.611841601147,544.866666666667,1,0,0
normal,80,clear_sky,hybrid,20,19,33,0.95230655261616,0,0,0,377.248604518731,544.866666666667,1,0,0
normal,80,clear_sky,hybrid,21,20,6,0.968161364072018,0,0,0,161.537991808335,544.866666666667,1,0,0
normal,80,clear_sky,hybrid,21,20,14,0.954926918324368,0,0,0,341.335449164065,544.866666666667,1,0,0
normal,80,clear_sky,hybrid,21,20,18,0.956991993384425,0,0,0,313.596487067876,544.866666666667,1,0,0
normal,80,clear_sky,hybrid,21,20,25,0.975682181744892,0,0,0,58.7726205196525,544.866666666667,1,0,0
normal,80,clear_sky,hybrid,21,20,30,0.953536683955644,0,0,0,360.168547047961,544.866666666667,1,0,0
normal,80,clear_sky,hybrid,21,20,33,0.953189387969528,0,0,0,365.239020332542,544.866666666667,1,0,0
normal,80,clear_sky,hybrid,22,21,6,0.970019250271863,0,0,0,136.22096029616,544.866666666667,1,0,0
normal,80,clear_sky,hybrid,22,21,14,0.957277012919521,0,0,0,309.310639125041,544.866666666667,1,0,0
normal,80,clear_sky,hybrid,22,21,18,0.959056504120212,0,0,0,285.496537477187,544.866666666667,1,0,0
normal,80,clear_sky,hybrid,22,21,25,0.977119776516206,0,0,0,39.240145145268,544.866666666667,1,0,0
normal,80,clear_sky,hybrid,22,21,30,0.9561599355278,0,0,0,324.3944124906,544.866666666667,1,0,0
normal,80,clear_sky,hybrid,22,21,33,0.95572474521138,0,0,0,330.701509988817,544.866666666667,1,0,0
normal,80,clear_sky,hybrid,23,22,6,0.972359289767767,0,0,0,104.31830968561,544.866666666667,1,0,0
normal,80,clear_sky,hybrid,23,22,14,0.960237917372888,0,0,0,269.005798571493,544.866666666667,1,0,0
normal,80,clear_sky,hybrid,23,22,18,0.961659830651804,0,0,0,250.00104899902,544.866666666667,1,0,0
normal,80,clear_sky,hybrid,23,22,25,0.978936955846899,0,0,0,14.5768848105346,544.866666666667,1,0,0
normal,80,clear_sky,hybrid,23,22,30,0.959471841305582,0,0,0,279.327147732241,544.866666666667,1,0,0
normal,80,clear_sky,hybrid,23,22,33,0.958928026024743,0,0,0,287.060509107929,544.866666666667,1,0,0
normal,80,clear_sky,hybrid,24,23,6,0.974324444650613,0,0,0,77.5967787333328,544.866666666667,1,0,0
normal,80,clear_sky,hybrid,24,23,14,0.962719347606621,0,0,0,235.242619073178,544.866666666667,1,0,0
normal,80,clear_sky,hybrid,24,23,18,0.963843608924725,0,0,0,220.212996301107,544.866666666667,1,0,0
normal,80,clear_sky,hybrid,24,23,25,0.980541090570942,0,0,0,0.085372332670189,544.866666666667,0,0,0
normal,80,clear_sky,hybrid,24,23,30,0.962252865109106,0,0,0,241.424610403904,544.866666666667,1,0,0
normal,80,clear_sky,hybrid,24,23,33,0.961619572126535,0,0,0,250.416942411128,544.866666666667,1,0,0
normal,80,clear_sky,hybrid_pso,1,0,6,0.98513056180659,0,0,0,269.965353562631,544.866666666667,1,0,0
normal,80,clear_sky,hybrid_pso,1,0,14,0.982380149610649,0,0,0,319.916151575132,544.866666666667,1,0,0
normal,80,clear_sky,hybrid_pso,1,0,18,0.985110008144636,0,0,0,270.549311978901,544.866666666667,1,0,0
normal,80,clear_sky,hybrid_pso,1,0,25,0.987812801751913,0,0,0,221.055363076982,544.866666666667,1,0,0
normal,80,clear_sky,hybrid_pso,1,0,30,0.97936293410509,0,0,0,374.655706187531,544.866666666667,1,0,0
normal,80,clear_sky,hybrid_pso,1,0,33,0.980520839917404,0,0,0,353.945508343874,544.866666666667,1,0,0
normal,80,clear_sky,hybrid_pso,2,1,6,0.98513056180659,0,0,0,269.965353562631,544.866666666667,1,0,0
normal,80,clear_sky,hybrid_pso,2,1,14,0.982380149610649,0,0,0,319.916151575132,544.866666666667,1,0,0
normal,80,clear_sky,hybrid_pso,2,1,18,0.985110008144636,0,0,0,270.549311978901,544.866666666667,1,0,0
normal,80,clear_sky,hybrid_pso,2,1,25,0.987812801751913,0,0,0,221.055363076982,544.866666666667,1,0,0
normal,80,clear_sky,hybrid_pso,2,1,30,0.97936293410509,0,0,0,374.655706187531,544.866666666667,1,0,0
normal,80,clear_sky,hybrid_pso,2,1,33,0.980520839917404,0,0,0,353.945508343874,544.866666666667,1,0,0
normal,80,clear_sky,hybrid_pso,3,2,6,0.98513056180659,0,0,0,269.965353562631,544.866666666667,1,0,0
normal,80,clear_sky,hybrid_pso,3,2,14,0.982380149610649,0,0,0,319.916151575132,544.866666666667,1,0,0
normal,80,clear_sky,hybrid_pso,3,2,18,0.985110008144636,0,0,0,270.549311978901,544.866666666667,1,0,0
normal,80,clear_sky,hybrid_pso,3,2,25,0.987812801751913,0,0,0,221.055363076982,544.866666666667,1,0,0
normal,80,clear_sky,hybrid_pso,3,2,30,0.97936293410509,0,0,0,374.655706187531,544.866666666667,1,0,0
normal,80,clear_sky,hybrid_pso,3,2,33,0.980520839917404,0,0,0,353.945508343874,544.866666666667,1,0,0
normal,80,clear_sky,hybrid_pso,4,3,6,0.98513056180659,0,0,0,269.965353562631,544.866666666667,1,0,0
normal,80,clear_sky,hybrid_pso,4,3,14,0.982380149610649,0,0,0,319.916151575132,544.866666666667,1,0,0
normal,80,clear_sky,hybrid_pso,4,3,18,0.985110008144636,0,0,0,270.549311978901,544.866666666667,1,0,0
normal,80,clear_sky,hybrid_pso,4,3,25,0.987812801751913,0,0,0,221.055363076982,544.866666666667,1,0,0
normal,80,clear_sky,hybrid_pso,4,3,30,0.97936293410509,0,0,0,374.655706187531,544.866666666667,1,0,0
normal,80,clear_sky,hybrid_pso,4,3,33,0.980520839917404,0,0,0,353.945508343874,544.866666666667,1,0,0
normal,80,clear_sky,hybrid_pso,5,4,6,0.98513056180659,0,0,0,269.965353562631,544.866666666667,1,0,0
normal,80,clear_sky,hybrid_pso,5,4,14,0.982380149610649,0,0,0,319.916151575132,544.866666666667,1,0,0
normal,80,clear_sky,hybrid_pso,5,4,18,0.985110008144636,0,0,0,270.549311978901,544.866666666667,1,0,0
normal,80,clear_sky,hybrid_pso,5,4,25,0.987812801751913,0,0,0,221.055363076982,544.866666666667,1,0,0
normal,80,clear_sky,hybrid_pso,5,4,30,0.97936293410509,0,0,0,374.655706187531,544.866666666667,1,0,0
normal,80,clear_sky,hybrid_pso,5,4,33,0.980520839917404,0,0,0,353.945508343874,544.866666666667,1,0,0
normal,80,clear_sky,hybrid_pso,6,5,6,0.984861778287207,0,0,0,274.865439265268,544.866666666667,1,0,0
normal,80,clear_sky,hybrid_pso,6,5,14,0.982062424914924,0,0,0,325.673559945526,544.866666666667,1,0,0
normal,80,clear_sky,hybrid_pso,6,5,18,0.984843101952993,0,0,0,275.406084175978,544.866666666667,1,0,0
normal,80,clear_sky,hybrid_pso,6,5,25,0.987595866646164,0,0,0,224.99189190299,544.866666666667,1,0,0
normal,80,clear_sky,hybrid_pso,6,5,30,0.978993740449549,0,0,0,381.348765064204,544.866666666667,1,0,0
normal,80,clear_sky,hybrid_pso,6,5,33,0.980173628756253,0,0,0,360.25564241813,544.866666666667,1,0,0
normal,80,clear_sky,hybrid_pso,7,6,6,0.983178507529934,0,0,0,305.525393597085,544.866666666667,1,0,0
normal,80,clear_sky,hybrid_pso,7,6,14,0.980073802015173,0,0,0,361.753895496203,544.866666666667,1,0,0
normal,80,clear_sky,hybrid_pso,7,6,18,0.983173249574056,0,0,0,305.760530734109,544.866666666667,1,0,0
normal,80,clear_sky,hybrid_pso,7,6,25,0.986240238665307,0,0,0,249.597346288921,544.866666666667,1,0,0
normal,80,clear_sky,hybrid_pso,7,6,30,0.976685014516017,0,0,0,423.203749444898,544.866666666667,1,0,0
normal,80,clear_sky,hybrid_pso,7,6,33,0.978003422031646,0,0,0,399.698120919289,544.866666666667,1,0,0
normal,80,clear_sky,hybrid_pso,8,7,6,0.98438849285341,79.8808110961963,79.8808110961963,0,280.396277423614,538.979350683362,1,0,0
normal,80,clear_sky,hybrid_pso,8,7,14,0.982406431330308,79.8808110961963,79.8808110961963,0,315.97190821918,538.979350683362,1,0,0
normal,80,clear_sky,hybrid_pso,8,7,18,0.985794782205747,79.8808110961963,79.8808110961963,0,255.338288397097,538.979350683362,1,0,0
normal,80,clear_sky,hybrid_pso,8,7,25,0.986748736517723,79.8808110961963,79.8808110961963,0,237.755428296692,538.979350683362,1,0,0
normal,80,clear_sky,hybrid_pso,8,7,30,0.978197437734373,79.8808110961963,79.8808110961963,0,391.500719720693,538.979350683362,1,0,0
normal,80,clear_sky,hybrid_pso,8,7,33,0.979610263524555,79.8808110961963,79.8808110961963,0,366.508691174138,538.979350683362,1,0,0
normal,80,clear_sky,hybrid_pso,9,8,6,0.987125778817334,194.315328245762,194.315328245762,0,218.236274666671,509.039524647336,1,0,0
normal,80,clear_sky,hybrid_pso,9,8,14,0.986862693090919,194.315328245762,194.315328245762,0,222.840666725715,509.039524647336,1,0,0
normal,80,clear_sky,hybrid_pso,9,8,18,0.99045894862298,194.315328245762,194.315328245762,0,161.997513888697,509.039524647336,1,0,0
normal,80,clear_sky,hybrid_pso,9,8,25,0.988392955822298,194.315328245762,194.315328245762,0,196.648872309586,509.039524647336,1,0,0
normal,80,clear_sky,hybrid_pso,9,8,30,0.981749513830476,194.315328245762,194.315328245762,0,309.554344560588,509.039524647336,1,0,0
normal,80,clear_sky,hybrid_pso,9,8,33,0.983163742845026,194.315328245762,194.315328245762,0,285.839386628527,509.039524647336,1,0,0
normal,80,clear_sky,hybrid_pso,10,9,6,0.990511696059989,310.243225965909,310.243225965909,0,141.399597203817,447.91609168092,1,0,0
normal,80,clear_sky,hybrid_pso,10,9,14,0.992251257159656,310.243225965909,310.243225965909,0,115.625439691659,447.91609168092,1,0,0
normal,80,clear_sky,hybrid_pso,10,9,18,0.996036762236202,310.243225965909,310.243225965909,0,59.2873331911585,447.91609168092,1,0,0
normal,80,clear_sky,hybrid_pso,10,9,25,0.990641027658208,310.243225965909,310.243225965909,0,139.396434955656,447.91609168092,1,0,0
normal,80,clear_sky,hybrid_pso,10,9,30,0.986264350159234,310.243225965909,310.243225965909,0,204.956240747478,447.91609168092,1,0,0
normal,80,clear_sky,hybrid_pso,10,9,33,0.987625424261327,310.243225965909,310.243225965909,0,184.922280853339,447.91609168092,1,0,0
normal,80,clear_sky,hybrid_pso,11,10,6,0.993901136881802,407.909582246912,407.909582246913,0,73.2172282566889,361.233244809491,1,0,0
normal,80,clear_sky,hybrid_pso,11,10,14,0.99840931588337,407.909582246912,407.909582246913,0,19.2536497725486,361.233244809491,1,0,0
normal,80,clear_sky,hybrid_pso,11,10,18,1.00298825296689,407.909582246912,407.909582246913,0,0.0164145723452761,361.233244809491,0,0,0
normal,80,clear_sky,hybrid_pso,11,10,25,0.992875674264852,407.909582246912,407.909582246913,0,85.4410660281893,361.233244809491,1,0,0
normal,80,clear_sky,hybrid_pso,11,10,30,0.990833766194452,407.909582246912,407.909582246913,0,110.228405777374,361.233244809491,1,0,0
normal,80,clear_sky,hybrid_pso,11,10,33,0.99216731706934,407.909582246912,407.909582246913,0,94.4217071451926,361.233244809491,1,0,0
normal,80,clear_sky,hybrid_pso,12,11,6,0.996725959241581,472.68481970955,472.68481970955,0,29.4378251085892,271.014290509918,1,0,0
normal,80,clear_sky,hybrid_pso,12,11,14,1.00530943409207,472.68481970955,472.68481970955,0,0,271.014290509918,0,0,0
normal,80,clear_sky,hybrid_pso,12,11,18,1.01091917076575,472.68481970955,458.256477891127,14.4283418184231,0,294.755296670413,0,1,0
normal,80,clear_sky,hybrid_pso,12,11,25,0.994480618591552,472.68481970955,472.68481970955,0,49.5310072344204,271.014290509918,1,0,0
normal,80,clear_sky,hybrid_pso,12,11,30,0.994512594855934,472.68481970955,472.68481970955,0,49.4261164933061,271.014290509918,1,0,0
normal,80,clear_sky,hybrid_pso,12,11,33,0.995865915606279,472.68481970955,472.68481970955,0,37.3965748407165,271.014290509918,1,0,0
normal,80,clear_sky,hybrid_pso,13,12,6,0.997550681859258,495.333333333333,495.333333333333,0,18.3916306256066,226.990249423479,1,0,0
normal,80,clear_sky,hybrid_pso,13,12,14,1.00691755628528,495.333333333333,495.333333333333,0,0,226.990249423479,0,0,0
normal,80,clear_sky,hybrid_pso,13,12,18,1.0124532305328,495.333333333333,455.115998729186,40.2173346041476,-0.250377254752976,299.581561757696,0,1,0
normal,80,clear_sky,hybrid_pso,13,12,25,0.994971353172145,495.333333333333,495.333333333333,0,37.6846900413638,226.990249423479,1,0,0
normal,80,clear_sky,hybrid_pso,13,12,30,0.995709592402751,495.333333333333,495.333333333333,0,32.2910537634565,226.990249423479,1,0,0
normal,80,clear_sky,hybrid_pso,13,12,33,0.997113537861663,495.333333333333,495.333333333333,0,21.8626057438188,226.990249423479,1,0,0
normal,80,clear_sky,hybrid_pso,14,13,6,0.996686630779828,472.68481970955,472.68481970955,0,29.7919535727773,271.014290509918,1,0,0
normal,80,clear_sky,hybrid_pso,14,13,14,1.00525202325029,472.68481970955,472.68481970955,0,0,271.014290509918,0,0,0
normal,80,clear_sky,hybrid_pso,14,13,18,1.01087112307109,472.68481970955,459.013930400901,13.6708893086496,0,293.574345170625,0,1,0
normal,80,clear_sky,hybrid_pso,14,13,25,0.994450495220806,472.68481970955,472.68481970955,0,49.8016625294606,271.014290509918,1,0,0
normal,80,clear_sky,hybrid_pso,14,13,30,0.994453743725178,472.68481970955,472.68481970955,0,49.9569265616757,271.014290509918,1,0,0
normal,80,clear_sky,hybrid_pso,14,13,33,0.995806833723748,472.68481970955,472.68481970955,0,37.9303030044611,271.014290509918,1,0,0
normal,80,clear_sky,hybrid_pso,15,14,6,0.993878682392176,407.909582246913,407.909582246913,0,73.4869142802711,361.233244809491,1,0,0
normal,80,clear_sky,hybrid_pso,15,14,14,0.998373851115373,407.909582246913,407.909582246913,0,19.6790479160062,361.233244809491,1,0,0
normal,80,clear_sky,hybrid_pso,15,14,18,1.00294924075132,407.909582246913,407.909582246913,0,0.0182988571906271,361.233244809491,0,0,0
normal,80,clear_sky,hybrid_pso,15,14,25,0.992858604455554,407.909582246913,407.909582246913,0,85.6458846997773,361.233244809491,1,0,0
normal,80,clear_sky,hybrid_pso,15,14,30,0.990801907925649,407.909582246913,407.909582246913,0,110.611722624374,361.233244809491,1,0,0
normal,80,clear_sky,hybrid_pso,15,14,33,0.992136105959875,407.909582246913,407.909582246913,0,94.7977659660604,361.233244809491,1,0,0
normal,80,clear_sky,hybrid_pso,16,15,6,0.99030124201271,310.243225965909,310.243225965909,0,144.536829678096,447.91609168092,1,0,0
normal,80,clear_sky,hybrid_pso,16,15,14,0.991990959694977,310.243225965909,310.243225965909,0,119.510890305794,447.91609168092,1,0,0
normal,80,clear_sky,hybrid_pso,16,15,18,0.995809044222891,310.243225965909,310.243225965909,0,62.6891693920566,447.91609168092,1,0,0
normal,80,clear_sky,hybrid_pso,16,15,25,0.990469490185371,310.243225965909,310.243225965909,0,141.951845768569,447.91609168092,1,0,0
normal,80,clear_sky,hybrid_pso,16,15,30,0.985963105729549,310.243225965909,310.243225965909,0,209.452027220277,447.91609168092,1,0,0
normal,80,clear_sky,hybrid_pso,16,15,33,0.987335010065027,310.243225965909,310.243225965909,0,189.261072667436,447.91609168092,1,0,0
normal,80,clear_sky,hybrid_pso,17,16,6,0.985845958810661,194.315328245762,194.315328245762,0,239.98467414687,509.039524647336,1,0,0
normal,80,clear_sky,hybrid_pso,17,16,14,0.985326798805955,194.315328245762,194.315328245762,0,248.88973692685,509.039524647336,1,0,0
normal,80,clear_sky,hybrid_pso,17,16,18,0.989148256839131,194.315328245762,194.315328245762,0,184.247282786641,509.039524647336,1,0,0
normal,80,clear_sky,hybrid_pso,17,16,25,0.987348654890242,194.315328245762,194.315328245762,0,214.347405912936,509.039524647336,1,0,0
normal,80,clear_sky,hybrid_pso,17,16,30,0.979957273659506,194.315328245762,194.315328245762,0,339.926781931879,509.039524647336,1,0,0
normal,80,clear_sky,hybrid_pso,17,16,33,0.981462017908391,194.315328245762,194.315328245762,0,314.731217135308,509.039524647336,1,0,0
normal,80,clear_sky,hybrid_pso,18,17,6,0.980757930854933,79.8808110961964,79.8808110961964,0,345.885035326128,538.979350683362,1,0,0
normal,80,clear_sky,hybrid_pso,18,17,14,0.978110910021533,79.8808110961964,79.8808110961964,0,393.072938960953,538.979350683362,1,0,0
normal,80,clear_sky,hybrid_pso,18,17,18,0.982181238347581,79.8808110961964,79.8808110961964,0,320.295876358576,538.979350683362,1,0,0
normal,80,clear_sky,hybrid_pso,18,17,25,0.983818429183,79.8808110961964,79.8808110961964,0,290.470503563933,538.979350683362,1,0,0
normal,80,clear_sky,hybrid_pso,18,17,30,0.973200747985663,79.8808110961964,79.8808110961964,0,481.090593753241,538.979350683362,1,0,0
normal,80,clear_sky,hybrid_pso,18,17,33,0.974908130851688,79.8808110961964,79.8808110961964,0,451.030561200333,538.979350683362,1,0,0
normal,80,clear_sky,hybrid_pso,19,18,6,0.976217470697312,1.63573220570758e-19,1.63573220570758e-19,0,432.299759361764,544.866666666667,1,0,0
normal,80,clear_sky,hybrid_pso,19,18,14,0.972091938578333,1.63573220570758e-19,1.63573220570758e-19,0,506.868568131761,544.866666666667,1,0,0
normal,80,clear_sky,hybrid_pso,19,18,18,0.976508512177355,1.63573220570758e-19,1.63573220570758e-19,0,426.718189522369,544.866666666667,1,0,0
normal,80,clear_sky,hybrid_pso,19,18,25,0.980900141556176,1.63573220570758e-19,1.63573220570758e-19,0,346.916216375832,544.866666666667,1,0,0
normal,80,clear_sky,hybrid_pso,19,18,30,0.966614070178206,1.63573220570758e-19,1.63573220570758e-19,0,544.521316388145,544.866666666667,1,0,0
normal,80,clear_sky,hybrid_pso,19,18,33,0.968385415262877,1.63573220570758e-19,1.63573220570758e-19,0,544.521316388145,544.866666666667,1,0,0
normal,80,clear_sky,hybrid_pso,20,19,6,0.975551263222223,0,0,0,444.400530788513,544.866666666667,1,0,0
normal,80,clear_sky,hybrid_pso,20,19,14,0.971413195251869,0,0,0,519.177961200956,544.866666666667,1,0,0
normal,80,clear_sky,hybrid_pso,20,19,18,0.97595123297375,0,0,0,436.854252652221,544.866666666667,1,0,0
normal,80,clear_sky,hybrid_pso,20,19,25,0.980471123569329,0,0,0,354.709496068839,544.866666666667,1,0,0
normal,80,clear_sky,hybrid_pso,20,19,30,0.965436888095005,0,0,0,544.521316388145,544.866666666667,1,0,0
normal,80,clear_sky,hybrid_pso,20,19,33,0.967113901433176,0,0,0,544.521316388145,544.866666666667,1,0,0
normal,80,clear_sky,hybrid_pso,21,20,6,0.976324925037704,0,0,0,430.348230219276,544.866666666667,1,0,0
normal,80,clear_sky,hybrid_pso,21,20,14,0.972201412069214,0,0,0,504.882518553386,544.866666666667,1,0,0
normal,80,clear_sky,hybrid_pso,21,20,18,0.976598425210232,0,0,0,425.083314780029,544.866666666667,1,0,0
normal,80,clear_sky,hybrid_pso,21,20,25,0.980969390318632,0,0,0,345.658302088198,544.866666666667,1,0,0
normal,80,clear_sky,hybrid_pso,21,20,30,0.966803952789322,0,0,0,544.521316388145,544.866666666667,1,0,0
normal,80,clear_sky,hybrid_pso,21,20,33,0.968590514922361,0,0,0,544.521316388145,544.866666666667,1,0,0
normal,80,clear_sky,hybrid_pso,22,21,6,0.978328472174973,0,0,0,393.809885463199,544.866666666667,1,0,0
normal,80,clear_sky,hybrid_pso,22,21,14,0.974351552471015,0,0,0,465.783187685302,544.866666666667,1,0,0
normal,80,clear_sky,hybrid_pso,22,21,18,0.978376960755942,0,0,0,392.755785525077,544.866666666667,1,0,0
normal,80,clear_sky,hybrid_pso,22,21,25,0.982364936191881,0,0,0,320.272082322333,544.866666666667,1,0,0
normal,80,clear_sky,hybrid_pso,22,21,30,0.970065291625167,0,0,0,543.340197569566,544.866666666667,1,0,0
normal,80,clear_sky,hybrid_pso,22,21,33,0.971790042422986,0,0,0,512.549048612446,544.866666666667,1,0,0
normal,80,clear_sky,hybrid_pso,23,22,6,0.980457853347269,0,0,0,355.131044496601,544.866666666667,1,0,0
normal,80,clear_sky,hybrid_pso,23,22,14,0.976861899709391,0,0,0,420.073631686288,544.866666666667,1,0,0
normal,80,clear_sky,hybrid_pso,23,22,18,0.980479751703846,0,0,0,354.666043044874,544.866666666667,1,0,0
normal,80,clear_sky,hybrid_pso,23,22,25,0.984060845480095,0,0,0,289.31572486079,544.866666666667,1,0,0
normal,80,clear_sky,hybrid_pso,23,22,30,0.972965303981264,0,0,0,490.689818368739,544.866666666667,1,0,0
normal,80,clear_sky,hybrid_pso,23,22,33,0.974510123523378,0,0,0,463.136626198168,544.866666666667,1,0,0
normal,80,clear_sky,hybrid_pso,24,23,6,0.98223575253273,0,0,0,322.730271096927,544.866666666667,1,0,0
normal,80,clear_sky,hybrid_pso,24,23,14,0.978960272961106,0,0,0,381.929572684338,544.866666666667,1,0,0
normal,80,clear_sky,hybrid_pso,24,23,18,0.982239452633023,0,0,0,322.754459223226,544.866666666667,1,0,0
normal,80,clear_sky,hybrid_pso,24,23,25,0.985483107351508,0,0,0,263.343164035274,544.866666666667,1,0,0
normal,80,clear_sky,hybrid_pso,24,23,30,0.975394225139473,0,0,0,446.580502458926,544.866666666667,1,0,0
normal,80,clear_sky,hybrid_pso,24,23,33,0.976790942107262,0,0,0,421.74174850438,544.866666666667,1,0,0
normal,80,partial_cloud,hybrid,1,0,6,0.977560001534334,0,0,0,33.5693654124846,544.866666666667,1,0,0
normal,80,partial_cloud,hybrid,1,0,14,0.966783530561829,0,0,0,179.911183196227,544.866666666667,1,0,0
normal,80,partial_cloud,hybrid,1,0,18,0.967424006617516,0,0,0,171.389056182187,544.866666666667,1,0,0
normal,80,partial_cloud,hybrid,1,0,25,0.98346777468128,0,0,0,0,544.866666666667,0,0,0
normal,80,partial_cloud,hybrid,1,0,30,0.966822341562902,0,0,0,179.299531844729,544.866666666667,1,0,0
normal,80,partial_cloud,hybrid,1,0,33,0.966042699649329,0,0,0,190.124888108673,544.866666666667,1,0,0
normal,80,partial_cloud,hybrid,2,1,6,0.977560001534334,0,0,0,33.5693654124846,544.866666666667,1,0,0
normal,80,partial_cloud,hybrid,2,1,14,0.966783530561829,0,0,0,179.911183196227,544.866666666667,1,0,0
normal,80,partial_cloud,hybrid,2,1,18,0.967424006617516,0,0,0,171.389056182187,544.866666666667,1,0,0
normal,80,partial_cloud,hybrid,2,1,25,0.98346777468128,0,0,0,0,544.866666666667,0,0,0
normal,80,partial_cloud,hybrid,2,1,30,0.966822341562902,0,0,0,179.299531844729,544.866666666667,1,0,0
normal,80,partial_cloud,hybrid,2,1,33,0.966042699649329,0,0,0,190.124888108673,544.866666666667,1,0,0
normal,80,partial_cloud,hybrid,3,2,6,0.977560001534334,0,0,0,33.5693654124846,544.866666666667,1,0,0
normal,80,partial_cloud,hybrid,3,2,14,0.966783530561829,0,0,0,179.911183196227,544.866666666667,1,0,0
normal,80,partial_cloud,hybrid,3,2,18,0.967424006617516,0,0,0,171.389056182187,544.866666666667,1,0,0
normal,80,partial_cloud,hybrid,3,2,25,0.98346777468128,0,0,0,0,544.866666666667,0,0,0
normal,80,partial_cloud,hybrid,3,2,30,0.966822341562902,0,0,0,179.299531844729,544.866666666667,1,0,0
normal,80,partial_cloud,hybrid,3,2,33,0.966042699649329,0,0,0,190.124888108673,544.866666666667,1,0,0
normal,80,partial_cloud,hybrid,4,3,6,0.977560001534334,0,0,0,33.5693654124846,544.866666666667,1,0,0
normal,80,partial_cloud,hybrid,4,3,14,0.966783530561829,0,0,0,179.911183196227,544.866666666667,1,0,0
normal,80,partial_cloud,hybrid,4,3,18,0.967424006617516,0,0,0,171.389056182187,544.866666666667,1,0,0
normal,80,partial_cloud,hybrid,4,3,25,0.98346777468128,0,0,0,0,544.866666666667,0,0,0
normal,80,partial_cloud,hybrid,4,3,30,0.966822341562902,0,0,0,179.299531844729,544.866666666667,1,0,0
normal,80,partial_cloud,hybrid,4,3,33,0.966042699649329,0,0,0,190.124888108673,544.866666666667,1,0,0
normal,80,partial_cloud,hybrid,5,4,6,0.977560001534334,0,0,0,33.5693654124846,544.866666666667,1,0,0
normal,80,partial_cloud,hybrid,5,4,14,0.966783530561829,0,0,0,179.911183196227,544.866666666667,1,0,0
normal,80,partial_cloud,hybrid,5,4,18,0.967424006617516,0,0,0,171.389056182187,544.866666666667,1,0,0
normal,80,partial_cloud,hybrid,5,4,25,0.98346777468128,0,0,0,0,544.866666666667,0,0,0
normal,80,partial_cloud,hybrid,5,4,30,0.966822341562902,0,0,0,179.299531844729,544.866666666667,1,0,0
normal,80,partial_cloud,hybrid,5,4,33,0.966042699649329,0,0,0,190.124888108673,544.866666666667,1,0,0
normal,80,partial_cloud,hybrid,6,5,6,0.977259380966865,0,0,0,37.6539806247799,544.866666666667,1,0,0
normal,80,partial_cloud,hybrid,6,5,14,0.966405808260239,0,0,0,185.054487591362,544.866666666667,1,0,0
normal,80,partial_cloud,hybrid,6,5,18,0.967090945611186,0,0,0,175.929639626735,544.866666666667,1,0,0
normal,80,partial_cloud,hybrid,6,5,25,0.983195242246233,0,0,0,0,544.866666666667,0,0,0
normal,80,partial_cloud,hybrid,6,5,30,0.966397262492461,0,0,0,185.085726425038,544.866666666667,1,0,0
normal,80,partial_cloud,hybrid,6,5,33,0.965631012453007,0,0,0,195.736935722847,544.866666666667,1,0,0
normal,80,partial_cloud,hybrid,7,6,6,0.975377766618541,0,0,0,63.2872351605755,544.866666666667,1,0,0
normal,80,partial_cloud,hybrid,7,6,14,0.964042200619554,0,0,0,217.238243100206,544.866666666667,1,0,0
normal,80,partial_cloud,hybrid,7,6,18,0.965008234198482,0,0,0,204.330914118936,544.866666666667,1,0,0
normal,80,partial_cloud,hybrid,7,6,25,0.981491967268888,0,0,0,0.0155251361541701,544.866666666667,0,0,0
normal,80,partial_cloud,hybrid,7,6,30,0.963738626951793,0,0,0,221.204579605046,544.866666666667,1,0,0
normal,80,partial_cloud,hybrid,7,6,33,0.96305718205836,0,0,0,230.818829379725,544.866666666667,1,0,0
normal,80,partial_cloud,hybrid,8,7,6,0.976711547938549,79.8808070509658,79.8808070509658,0,44.6751513234515,538.979351282896,1,0,0
normal,80,partial_cloud,hybrid,8,7,14,0.966818849378378,79.8808070509658,79.8808070509658,0,177.445755673282,538.979351282896,1,0,0
normal,80,partial_cloud,hybrid,8,7,18,0.968193559213971,79.8808070509658,79.8808070509658,0,159.220053471584,538.979351282896,1,0,0
normal,80,partial_cloud,hybrid,8,7,25,0.982152439569233,79.8808070509658,79.8808070509658,0,0,538.979351282896,0,0,0
normal,80,partial_cloud,hybrid,8,7,30,0.965502180250786,79.8808070509658,79.8808070509658,0,195.059108664727,538.979351282896,1,0,0
normal,80,partial_cloud,hybrid,8,7,33,0.964975984637216,79.8808070509658,79.8808070509658,0,202.460235780528,538.979351282896,1,0,0
normal,80,partial_cloud,hybrid,9,8,6,0.979910899002123,194.304537058296,194.304537058296,0,1.49761717567516,509.043643829294,1,0,0
normal,80,partial_cloud,hybrid,9,8,14,0.972367847555661,194.304537058296,194.304537058296,0,97.0142254050123,509.043643829294,1,0,0
normal,80,partial_cloud,hybrid,9,8,18,0.974141402033743,194.304537058296,194.304537058296,0,74.631594518386,509.043643829294,1,0,0
normal,80,partial_cloud,hybrid,9,8,25,0.984378610796507,194.304537058296,194.304537058296,0,0,509.043643829294,0,0,0
normal,80,partial_cloud,hybrid,9,8,30,0.969879433286332,194.304537058296,194.304537058296,0,128.60283232606,509.043643829294,1,0,0
normal,80,partial_cloud,hybrid,9,8,33,0.969499625452713,194.304537058296,194.304537058296,0,133.61669921209,509.043643829294,1,0,0
normal,80,partial_cloud,hybrid,10,9,6,0.984413038642059,307.686189663399,307.686189663399,0,0,449.67643159817,0,0,0
normal,80,partial_cloud,hybrid,10,9,14,0.979935210364021,307.686189663399,307.686189663399,0,0.899129740536596,449.67643159817,1,0,0
normal,80,partial_cloud,hybrid,10,9,18,0.98244621390996,307.686189663399,307.686189663399,0,0,449.67643159817,0,0,0
normal,80,partial_cloud,hybrid,10,9,25,0.987507326556006,307.686189663399,307.686189663399,0,0,449.67643159817,0,0,0
normal,80,partial_cloud,hybrid,10,9,30,0.975932988529786,307.686189663399,307.686189663399,0,45.4445434766633,449.67643159817,1,0,0
normal,80,partial_cloud,hybrid,10,9,33,0.975666823093194,307.686189663399,307.686189663399,0,48.604834393405,449.67643159817,1,0,0
normal,80,partial_cloud,hybrid,11,10,6,0.986526729856507,340.381885120751,340.381885120751,0,0,425.464283725542,0,0,0
normal,80,partial_cloud,hybrid,11,10,14,0.984979313501967,340.381885120751,340.381885120751,0,0,425.464283725542,0,0,0
normal,80,partial_cloud,hybrid,11,10,18,0.98820428446581,340.381885120751,340.381885120751,0,0,425.464283725542,0,0,0
normal,80,partial_cloud,hybrid,11,10,25,0.98879908965528,340.381885120751,340.381885120751,0,0,425.464283725542,0,0,0
normal,80,partial_cloud,hybrid,11,10,30,0.978593066302403,340.381885120751,340.381885120751,0,14.6845926389888,425.464283725542,1,0,0
normal,80,partial_cloud,hybrid,11,10,33,0.9783359081072,340.381885120751,340.381885120751,0,17.4304936143762,425.464283725542,1,0,0
normal,80,partial_cloud,hybrid,12,11,6,0.982755247422272,259.976612499637,259.976612499637,0,0,478.844280949097,0,0,0
normal,80,partial_cloud,hybrid,12,11,14,0.976759542466063,259.976612499637,259.976612499637,0,38.6472619335289,478.844280949097,1,0,0
normal,80,partial_cloud,hybrid,12,11,18,0.978681411998606,259.976612499637,259.976612499637,0,15.995411738391,478.844280949097,1,0,0
normal,80,partial_cloud,hybrid,12,11,25,0.986435800347565,259.976612499637,259.976612499637,0,0,478.844280949097,0,0,0
normal,80,partial_cloud,hybrid,12,11,30,0.973732829223676,259.976612499637,259.976612499637,0,74.7439502421895,478.844280949097,1,0,0
normal,80,partial_cloud,hybrid,12,11,33,0.973403550656234,259.976612499637,259.976612499637,0,78.9147273846942,478.844280949097,1,0,0
normal,80,partial_cloud,hybrid,13,12,6,0.99167947962999,413.266787121514,413.266787121514,0,0,355.091885441932,0,0,0
normal,80,partial_cloud,hybrid,13,12,14,0.996223778833502,413.266787121514,413.266787121514,0,0,355.091885441932,0,0,0
normal,80,partial_cloud,hybrid,13,12,18,1.00095886408079,413.266787121514,413.266787121514,0,0,355.091885441932,0,0,0
normal,80,partial_cloud,hybrid,13,12,25,0.991568474370962,413.266787121514,413.266787121514,0,0,355.091885441932,0,0,0
normal,80,partial_cloud,hybrid,13,12,30,0.986150610438053,413.266787121514,413.266787121514,0,0,355.091885441932,0,0,0
normal,80,partial_cloud,hybrid,13,12,33,0.986473170939929,413.266787121514,413.266787121514,0,0,355.091885441932,0,0,0
normal,80,partial_cloud,hybrid,14,13,6,0.994789861557692,459.971963985588,459.971963985588,0,0,292.071013268495,0,0,0
normal,80,partial_cloud,hybrid,14,13,14,1.00290486696794,459.971963985588,459.971963985588,0,0,292.071013268495,0,0,0
normal,80,partial_cloud,hybrid,14,13,18,1.00855641365599,459.971963985588,459.971963985588,0,0,292.071013268495,0,0,0
normal,80,partial_cloud,hybrid,14,13,25,0.99316281637102,459.971963985588,459.971963985588,0,0,292.071013268495,0,0,0
normal,80,partial_cloud,hybrid,14,13,30,0.990885897699181,459.971963985588,459.971963985588,0,0,292.071013268495,0,0,0
normal,80,partial_cloud,hybrid,14,13,33,0.991671364051015,459.971963985588,459.971963985588,0,0,292.071013268495,0,0,0
normal,80,partial_cloud,hybrid,15,14,6,0.985252000619704,318.010945807955,318.010945807955,0,0,442.43499272862,0,0,0
normal,80,partial_cloud,hybrid,15,14,14,0.981855736659525,318.010945807955,318.010945807955,0,0,442.43499272862,0,0,0
normal,80,partial_cloud,hybrid,15,14,18,0.984615490685961,318.010945807955,318.010945807955,0,0,442.43499272862,0,0,0
normal,80,partial_cloud,hybrid,15,14,25,0.988043455933662,318.010945807955,318.010945807955,0,0,442.43499272862,0,0,0
normal,80,partial_cloud,hybrid,15,14,30,0.976992561086735,318.010945807955,318.010945807955,0,32.92999254736,442.43499272862,1,0,0
normal,80,partial_cloud,hybrid,15,14,33,0.976720950937287,318.010945807955,318.010945807955,0,36.0804283315096,442.43499272862,1,0,0
normal,80,partial_cloud,hybrid,16,15,6,0.981297218121028,241.886358034017,241.886358034017,0,0.120079169786515,488.232192958928,0,0,0
normal,80,partial_cloud,hybrid,16,15,14,0.974708905325327,241.886358034017,241.886358034017,0,64.432410756601,488.232192958928,1,0,0
normal,80,partial_cloud,hybrid,16,15,18,0.976669787772183,241.886358034017,241.886358034017,0,40.8319432959336,488.232192958928,1,0,0
normal,80,partial_cloud,hybrid,16,15,25,0.985300393201243,241.886358034017,241.886358034017,0,0,488.232192958928,0,0,0
normal,80,partial_cloud,hybrid,16,15,30,0.971727021821834,241.886358034017,241.886358034017,0,100.691708194912,488.232192958928,1,0,0
normal,80,partial_cloud,hybrid,16,15,33,0.971404048634436,241.886358034017,241.886358034017,0,104.895804348597,488.232192958928,1,0,0
normal,80,partial_cloud,hybrid,17,16,6,0.978335934131529,190.690772742186,190.690772742186,0,21.630978675743,510.408379276274,1,0,0
normal,80,partial_cloud,hybrid,17,16,14,0.970316503226055,190.690772742186,190.690772742186,0,123.409169030479,510.408379276274,1,0,0
normal,80,partial_cloud,hybrid,17,16,18,0.972279142869189,190.690772742186,190.690772742186,0,98.6429590603038,510.408379276274,1,0,0
normal,80,partial_cloud,hybrid,17,16,25,0.982972698414947,190.690772742186,190.690772742186,0,0,510.408379276274,0,0,0
normal,80,partial_cloud,hybrid,17,16,30,0.96762361647507,190.690772742186,190.690772742186,0,157.647858612973,510.408379276274,1,0,0
normal,80,partial_cloud,hybrid,17,16,33,0.967291046668871,190.690772742186,190.690772742186,0,162.1666688841,510.408379276274,1,0,0
normal,80,partial_cloud,hybrid,18,17,6,0.972673516898808,79.870132207704,79.870132207704,0,98.9432726619234,538.980933267187,1,0,0
normal,80,partial_cloud,hybrid,18,17,14,0.961724902236671,79.870132207704,79.870132207704,0,246.061304585589,538.980933267187,1,0,0
normal,80,partial_cloud,hybrid,18,17,18,0.963697873235405,79.870132207704,79.870132207704,0,219.847603673665,538.980933267187,1,0,0
normal,80,partial_cloud,hybrid,18,17,25,0.978697448627737,79.870132207704,79.870132207704,0,17.623497021651,538.980933267187,1,0,0
normal,80,partial_cloud,hybrid,18,17,30,0.959765781053518,79.870132207704,79.870132207704,0,272.318031435076,538.980933267187,1,0,0
normal,80,partial_cloud,hybrid,18,17,33,0.959416029730827,79.870132207704,79.870132207704,0,277.407381902801,538.980933267187,1,0,0
normal,80,partial_cloud,hybrid,19,18,6,0.968071374499947,1.63573207302936e-19,1.63573207302936e-19,0,162.768393241867,544.866666666667,1,0,0
normal,80,partial_cloud,hybrid,19,18,14,0.954813094794313,1.63573207302936e-19,1.63573207302936e-19,0,342.883781186527,544.866666666667,1,0,0
normal,80,partial_cloud,hybrid,19,18,18,0.956892106735368,1.63573207302936e-19,1.63573207302936e-19,0,314.958713067239,544.866666666667,1,0,0
normal,80,partial_cloud,hybrid,19,18,25,0.975612667498776,1.63573207302936e-19,1.63573207302936e-19,0,59.7173521718649,544.866666666667,1,0,0
normal,80,partial_cloud,hybrid,19,18,30,0.953409700655436,1.63573207302936e-19,1.63573207302936e-19,0,361.894843283188,544.866666666667,1,0,0
normal,80,partial_cloud,hybrid,19,18,33,0.953066717246792,1.63573207302936e-19,1.63573207302936e-19,0,366.910791055897,544.866666666667,1,0,0
normal,80,partial_cloud,hybrid,20,19,6,0.967513643639146,0,0,0,170.401152565425,544.866666666667,1,0,0
normal,80,partial_cloud,hybrid,20,19,14,0.95410760342637,0,0,0,352.47503183071,544.866666666667,1,0,0
normal,80,partial_cloud,hybrid,20,19,18,0.956273183118329,0,0,0,323.403072748531,544.866666666667,1,0,0
normal,80,partial_cloud,hybrid,20,19,25,0.975182056829111,0,0,0,65.5704422245007,544.866666666667,1,0,0
normal,80,partial_cloud,hybrid,20,19,30,0.952622956641762,0,0,0,372.611841601147,544.866666666667,1,0,0
normal,80,partial_cloud,hybrid,20,19,33,0.95230655261616,0,0,0,377.248604518731,544.866666666667,1,0,0
normal,80,partial_cloud,hybrid,21,20,6,0.968161364072018,0,0,0,161.537991808335,544.866666666667,1,0,0
normal,80,partial_cloud,hybrid,21,20,14,0.954926918324368,0,0,0,341.335449164065,544.866666666667,1,0,0
normal,80,partial_cloud,hybrid,21,20,18,0.956991993384425,0,0,0,313.596487067876,544.866666666667,1,0,0
normal,80,partial_cloud,hybrid,21,20,25,0.975682181744892,0,0,0,58.7726205196525,544.866666666667,1,0,0
normal,80,partial_cloud,hybrid,21,20,30,0.953536683955644,0,0,0,360.168547047961,544.866666666667,1,0,0
normal,80,partial_cloud,hybrid,21,20,33,0.953189387969528,0,0,0,365.239020332542,544.866666666667,1,0,0
normal,80,partial_cloud,hybrid,22,21,6,0.970019250271863,0,0,0,136.22096029616,544.866666666667,1,0,0
normal,80,partial_cloud,hybrid,22,21,14,0.957277012919521,0,0,0,309.310639125041,544.866666666667,1,0,0
normal,80,partial_cloud,hybrid,22,21,18,0.959056504120212,0,0,0,285.496537477187,544.866666666667,1,0,0
normal,80,partial_cloud,hybrid,22,21,25,0.977119776516206,0,0,0,39.240145145268,544.866666666667,1,0,0
normal,80,partial_cloud,hybrid,22,21,30,0.9561599355278,0,0,0,324.3944124906,544.866666666667,1,0,0
normal,80,partial_cloud,hybrid,22,21,33,0.95572474521138,0,0,0,330.701509988817,544.866666666667,1,0,0
normal,80,partial_cloud,hybrid,23,22,6,0.972359289767767,0,0,0,104.31830968561,544.866666666667,1,0,0
normal,80,partial_cloud,hybrid,23,22,14,0.960237917372888,0,0,0,269.005798571493,544.866666666667,1,0,0
normal,80,partial_cloud,hybrid,23,22,18,0.961659830651804,0,0,0,250.00104899902,544.866666666667,1,0,0
normal,80,partial_cloud,hybrid,23,22,25,0.978936955846899,0,0,0,14.5768848105346,544.866666666667,1,0,0
normal,80,partial_cloud,hybrid,23,22,30,0.959471841305582,0,0,0,279.327147732241,544.866666666667,1,0,0
normal,80,partial_cloud,hybrid,23,22,33,0.958928026024743,0,0,0,287.060509107929,544.866666666667,1,0,0
normal,80,partial_cloud,hybrid,24,23,6,0.974324444650613,0,0,0,77.5967787333328,544.866666666667,1,0,0
normal,80,partial_cloud,hybrid,24,23,14,0.962719347606621,0,0,0,235.242619073178,544.866666666667,1,0,0
normal,80,partial_cloud,hybrid,24,23,18,0.963843608924725,0,0,0,220.212996301107,544.866666666667,1,0,0
normal,80,partial_cloud,hybrid,24,23,25,0.980541090570942,0,0,0,0.085372332670189,544.866666666667,0,0,0
normal,80,partial_cloud,hybrid,24,23,30,0.962252865109106,0,0,0,241.424610403904,544.866666666667,1,0,0
normal,80,partial_cloud,hybrid,24,23,33,0.961619572126535,0,0,0,250.416942411128,544.866666666667,1,0,0
normal,80,partial_cloud,hybrid_pso,1,0,6,0.98513056180659,0,0,0,269.965353562631,544.866666666667,1,0,0
normal,80,partial_cloud,hybrid_pso,1,0,14,0.982380149610649,0,0,0,319.916151575132,544.866666666667,1,0,0
normal,80,partial_cloud,hybrid_pso,1,0,18,0.985110008144636,0,0,0,270.549311978901,544.866666666667,1,0,0
normal,80,partial_cloud,hybrid_pso,1,0,25,0.987812801751913,0,0,0,221.055363076982,544.866666666667,1,0,0
normal,80,partial_cloud,hybrid_pso,1,0,30,0.97936293410509,0,0,0,374.655706187531,544.866666666667,1,0,0
normal,80,partial_cloud,hybrid_pso,1,0,33,0.980520839917404,0,0,0,353.945508343874,544.866666666667,1,0,0
normal,80,partial_cloud,hybrid_pso,2,1,6,0.98513056180659,0,0,0,269.965353562631,544.866666666667,1,0,0
normal,80,partial_cloud,hybrid_pso,2,1,14,0.982380149610649,0,0,0,319.916151575132,544.866666666667,1,0,0
normal,80,partial_cloud,hybrid_pso,2,1,18,0.985110008144636,0,0,0,270.549311978901,544.866666666667,1,0,0
normal,80,partial_cloud,hybrid_pso,2,1,25,0.987812801751913,0,0,0,221.055363076982,544.866666666667,1,0,0
normal,80,partial_cloud,hybrid_pso,2,1,30,0.97936293410509,0,0,0,374.655706187531,544.866666666667,1,0,0
normal,80,partial_cloud,hybrid_pso,2,1,33,0.980520839917404,0,0,0,353.945508343874,544.866666666667,1,0,0
normal,80,partial_cloud,hybrid_pso,3,2,6,0.98513056180659,0,0,0,269.965353562631,544.866666666667,1,0,0
normal,80,partial_cloud,hybrid_pso,3,2,14,0.982380149610649,0,0,0,319.916151575132,544.866666666667,1,0,0
normal,80,partial_cloud,hybrid_pso,3,2,18,0.985110008144636,0,0,0,270.549311978901,544.866666666667,1,0,0
normal,80,partial_cloud,hybrid_pso,3,2,25,0.987812801751913,0,0,0,221.055363076982,544.866666666667,1,0,0
normal,80,partial_cloud,hybrid_pso,3,2,30,0.97936293410509,0,0,0,374.655706187531,544.866666666667,1,0,0
normal,80,partial_cloud,hybrid_pso,3,2,33,0.980520839917404,0,0,0,353.945508343874,544.866666666667,1,0,0
normal,80,partial_cloud,hybrid_pso,4,3,6,0.98513056180659,0,0,0,269.965353562631,544.866666666667,1,0,0
normal,80,partial_cloud,hybrid_pso,4,3,14,0.982380149610649,0,0,0,319.916151575132,544.866666666667,1,0,0
normal,80,partial_cloud,hybrid_pso,4,3,18,0.985110008144636,0,0,0,270.549311978901,544.866666666667,1,0,0
normal,80,partial_cloud,hybrid_pso,4,3,25,0.987812801751913,0,0,0,221.055363076982,544.866666666667,1,0,0
normal,80,partial_cloud,hybrid_pso,4,3,30,0.97936293410509,0,0,0,374.655706187531,544.866666666667,1,0,0
normal,80,partial_cloud,hybrid_pso,4,3,33,0.980520839917404,0,0,0,353.945508343874,544.866666666667,1,0,0
normal,80,partial_cloud,hybrid_pso,5,4,6,0.98513056180659,0,0,0,269.965353562631,544.866666666667,1,0,0
normal,80,partial_cloud,hybrid_pso,5,4,14,0.982380149610649,0,0,0,319.916151575132,544.866666666667,1,0,0
normal,80,partial_cloud,hybrid_pso,5,4,18,0.985110008144636,0,0,0,270.549311978901,544.866666666667,1,0,0
normal,80,partial_cloud,hybrid_pso,5,4,25,0.987812801751913,0,0,0,221.055363076982,544.866666666667,1,0,0
normal,80,partial_cloud,hybrid_pso,5,4,30,0.97936293410509,0,0,0,374.655706187531,544.866666666667,1,0,0
normal,80,partial_cloud,hybrid_pso,5,4,33,0.980520839917404,0,0,0,353.945508343874,544.866666666667,1,0,0
normal,80,partial_cloud,hybrid_pso,6,5,6,0.984861778287207,0,0,0,274.865439265268,544.866666666667,1,0,0
normal,80,partial_cloud,hybrid_pso,6,5,14,0.982062424914924,0,0,0,325.673559945526,544.866666666667,1,0,0
normal,80,partial_cloud,hybrid_pso,6,5,18,0.984843101952993,0,0,0,275.406084175978,544.866666666667,1,0,0
normal,80,partial_cloud,hybrid_pso,6,5,25,0.987595866646164,0,0,0,224.99189190299,544.866666666667,1,0,0
normal,80,partial_cloud,hybrid_pso,6,5,30,0.978993740449549,0,0,0,381.348765064204,544.866666666667,1,0,0
normal,80,partial_cloud,hybrid_pso,6,5,33,0.980173628756253,0,0,0,360.25564241813,544.866666666667,1,0,0
normal,80,partial_cloud,hybrid_pso,7,6,6,0.983178507529934,0,0,0,305.525393597085,544.866666666667,1,0,0
normal,80,partial_cloud,hybrid_pso,7,6,14,0.980073802015173,0,0,0,361.753895496203,544.866666666667,1,0,0
normal,80,partial_cloud,hybrid_pso,7,6,18,0.983173249574056,0,0,0,305.760530734109,544.866666666667,1,0,0
normal,80,partial_cloud,hybrid_pso,7,6,25,0.986240238665307,0,0,0,249.597346288921,544.866666666667,1,0,0
normal,80,partial_cloud,hybrid_pso,7,6,30,0.976685014516017,0,0,0,423.203749444898,544.866666666667,1,0,0
normal,80,partial_cloud,hybrid_pso,7,6,33,0.978003422031646,0,0,0,399.698120919289,544.866666666667,1,0,0
normal,80,partial_cloud,hybrid_pso,8,7,6,0.984388492708293,79.8808070509658,79.8808070509658,0,280.396280347674,538.979351282896,1,0,0
normal,80,partial_cloud,hybrid_pso,8,7,14,0.982406431114895,79.8808070509658,79.8808070509658,0,315.971912439676,538.979351282896,1,0,0
normal,80,partial_cloud,hybrid_pso,8,7,18,0.985794781992046,79.8808070509658,79.8808070509658,0,255.338292521216,538.979351282896,1,0,0
normal,80,partial_cloud,hybrid_pso,8,7,25,0.98674873642252,79.8808070509658,79.8808070509658,0,237.75543027118,538.979351282896,1,0,0
normal,80,partial_cloud,hybrid_pso,8,7,30,0.978197437542512,79.8808070509658,79.8808070509658,0,391.500723598047,538.979351282896,1,0,0
normal,80,partial_cloud,hybrid_pso,8,7,33,0.979610263335657,79.8808070509658,79.8808070509658,0,366.508694977495,538.979351282896,1,0,0
normal,80,partial_cloud,hybrid_pso,9,8,6,0.987125426058722,194.304537058296,194.304537058296,0,218.24403890267,509.043643829294,1,0,0
normal,80,partial_cloud,hybrid_pso,9,8,14,0.986862157868452,194.304537058296,194.304537058296,0,222.851550180642,509.043643829294,1,0,0
normal,80,partial_cloud,hybrid_pso,9,8,18,0.99045840878515,194.304537058296,194.304537058296,0,162.007985210317,509.043643829294,1,0,0
normal,80,partial_cloud,hybrid_pso,9,8,25,0.988392718626573,194.304537058296,194.304537058296,0,196.654487207104,509.043643829294,1,0,0
normal,80,partial_cloud,hybrid_pso,9,8,30,0.981749044673098,194.304537058296,194.304537058296,0,309.564801044314,509.043643829294,1,0,0
normal,80,partial_cloud,hybrid_pso,9,8,33,0.983163281912559,194.304537058296,194.304537058296,0,285.849523920436,509.043643829294,1,0,0
normal,80,partial_cloud,hybrid_pso,10,9,6,0.990432253887484,307.686189663399,307.686189663399,0,143.144940390658,449.67643159817,1,0,0
normal,80,partial_cloud,hybrid_pso,10,9,14,0.99212249197193,307.686189663399,307.686189663399,0,118.009946467558,449.67643159817,1,0,0
normal,80,partial_cloud,hybrid_pso,10,9,18,0.995902465575884,307.686189663399,307.686189663399,0,61.5333254632696,449.67643159817,1,0,0
normal,80,partial_cloud,hybrid_pso,10,9,25,0.990587285600727,307.686189663399,307.686189663399,0,140.749480628055,449.67643159817,1,0,0
normal,80,partial_cloud,hybrid_pso,10,9,30,0.986157058167195,307.686189663399,307.686189663399,0,207.369973044834,449.67643159817,1,0,0
normal,80,partial_cloud,hybrid_pso,10,9,33,0.987519226658373,307.686189663399,307.686189663399,0,187.241765914464,449.67643159817,1,0,0
normal,80,partial_cloud,hybrid_pso,11,10,6,0.991654917592669,340.381885120751,340.381885120751,0,118.115203039062,425.464283725542,1,0,0
normal,80,partial_cloud,hybrid_pso,11,10,14,0.994050499724386,340.381885120751,340.381885120751,0,84.3133887785326,425.464283725542,1,0,0
normal,80,partial_cloud,hybrid_pso,11,10,18,0.997882034688272,340.381885120751,340.381885120751,0,30.1445487798538,425.464283725542,1,0,0
normal,80,partial_cloud,hybrid_pso,11,10,25,0.991440982004137,340.381885120751,340.381885120751,0,121.072801999538,425.464283725542,1,0,0
normal,80,partial_cloud,hybrid_pso,11,10,30,0.987830528170606,340.381885120751,340.381885120751,0,172.472177761141,425.464283725542,1,0,0
normal,80,partial_cloud,hybrid_pso,11,10,33,0.989172042248634,340.381885120751,340.381885120751,0,153.705683330245,425.464283725542,1,0,0
normal,80,partial_cloud,hybrid_pso,12,11,6,0.989310140782144,259.976612499637,259.976612499637,0,170.331021058386,478.844280949097,1,0,0
normal,80,partial_cloud,hybrid_pso,12,11,14,0.990201104516359,259.976612499637,259.976612499637,0,156.334415548929,478.844280949097,1,0,0
normal,80,partial_cloud,hybrid_pso,12,11,18,0.993840037503369,259.976612499637,259.976612499637,0,98.4409773830647,478.844280949097,1,0,0
normal,80,partial_cloud,hybrid_pso,12,11,25,0.989878887838474,259.976612499637,259.976612499637,0,161.188082656271,478.844280949097,1,0,0
normal,80,partial_cloud,hybrid_pso,12,11,30,0.984674551894584,259.976612499637,259.976612499637,0,244.495674532306,478.844280949097,1,0,0
normal,80,partial_cloud,hybrid_pso,12,11,33,0.986039749423395,259.976612499637,259.976612499637,0,223.003657625415,478.844280949097,1,0,0
normal,80,partial_cloud,hybrid_pso,13,12,6,0.994311081518824,413.266787121514,413.266787121514,0,67.1279455595072,355.091885441932,1,0,0
normal,80,partial_cloud,hybrid_pso,13,12,14,0.999181430977633,413.266787121514,413.266787121514,0,9.80508599466842,355.091885441932,1,0,0
normal,80,partial_cloud,hybrid_pso,13,12,18,1.00390281164216,413.266787121514,413.266787121514,0,0,355.091885441932,0,0,0
normal,80,partial_cloud,hybrid_pso,13,12,25,0.993156100415819,413.266787121514,413.266787121514,0,80.6758591587487,355.091885441932,1,0,0
normal,80,partial_cloud,hybrid_pso,13,12,30,0.991395320169897,413.266787121514,413.266787121514,0,101.708575711176,355.091885441932,1,0,0
normal,80,partial_cloud,hybrid_pso,13,12,33,0.992723233969954,413.266787121514,413.266787121514,0,86.230330348282,355.091885441932,1,0,0
normal,80,partial_cloud,hybrid_pso,14,13,6,0.996243924674015,459.971963985588,459.971963985588,0,36.4453729361832,292.071013268495,1,0,0
normal,80,partial_cloud,hybrid_pso,14,13,14,1.00434885503824,459.971963985588,459.971963985588,0,0,292.071013268495,0,0,0
normal,80,partial_cloud,hybrid_pso,14,13,18,1.00999247542437,459.971963985588,459.971963985588,0,0,292.071013268495,0,0,0
normal,80,partial_cloud,hybrid_pso,14,13,25,0.994185018354482,459.971963985588,459.971963985588,0,56.265919270817,292.071013268495,1,0,0
normal,80,partial_cloud,hybrid_pso,14,13,30,0.993825873721326,459.971963985588,459.971963985588,0,59.9749310858062,292.071013268495,1,0,0
normal,80,partial_cloud,hybrid_pso,14,13,33,0.995159105991606,459.971963985588,459.971963985588,0,47.2073312464144,292.071013268495,1,0,0
normal,80,partial_cloud,hybrid_pso,15,14,6,0.990938659864418,318.010945807955,318.010945807955,0,133.380186980496,442.43499272862,1,0,0
normal,80,partial_cloud,hybrid_pso,15,14,14,0.992874390213566,318.010945807955,318.010945807955,0,105.021484807094,442.43499272862,1,0,0
normal,80,partial_cloud,hybrid_pso,15,14,18,0.996649186328938,318.010945807955,318.010945807955,0,49.5283388230283,442.43499272862,1,0,0
normal,80,partial_cloud,hybrid_pso,15,14,25,0.990955436138873,318.010945807955,318.010945807955,0,133.059833949661,442.43499272862,1,0,0
normal,80,partial_cloud,hybrid_pso,15,14,30,0.986856774706473,318.010945807955,318.010945807955,0,193.71286577499,442.43499272862,1,0,0
normal,80,partial_cloud,hybrid_pso,15,14,33,0.988205494803653,318.010945807955,318.010945807955,0,174.099498125635,442.43499272862,1,0,0
normal,80,partial_cloud,hybrid_pso,16,15,6,0.988162565030297,241.886358034017,241.886358034017,0,192.419111975034,488.232192958928,1,0,0
normal,80,partial_cloud,hybrid_pso,16,15,14,0.988610644221769,241.886358034017,241.886358034017,0,185.288988991632,488.232192958928,1,0,0
normal,80,partial_cloud,hybrid_pso,16,15,18,0.992324613403188,241.886358034017,241.886358034017,0,125.013392024415,488.232192958928,1,0,0
normal,80,partial_cloud,hybrid_pso,16,15,25,0.989021741191867,241.886358034017,241.886358034017,0,178.374539306516,488.232192958928,1,0,0
normal,80,partial_cloud,hybrid_pso,16,15,30,0.983093817325339,241.886358034017,241.886358034017,0,275.028112304533,488.232192958928,1,0,0
normal,80,partial_cloud,hybrid_pso,16,15,33,0.984506195199495,241.886358034017,241.886358034017,0,252.307972439088,488.232192958928,1,0,0
normal,80,partial_cloud,hybrid_pso,17,16,6,0.985727324502528,190.690772742186,190.690772742186,0,242.65384490353,510.408379276274,1,0,0
normal,80,partial_cloud,hybrid_pso,17,16,14,0.985147895388716,190.690772742186,190.690772742186,0,252.596861979271,510.408379276274,1,0,0
normal,80,partial_cloud,hybrid_pso,17,16,18,0.988968574725301,190.690772742186,190.690772742186,0,187.803914459645,510.408379276274,1,0,0
normal,80,partial_cloud,hybrid_pso,17,16,25,0.987269104271769,190.690772742186,190.690772742186,0,216.277023142415,510.408379276274,1,0,0
normal,80,partial_cloud,hybrid_pso,17,16,30,0.979800636258079,190.690772742186,190.690772742186,0,343.503085117695,510.408379276274,1,0,0
normal,80,partial_cloud,hybrid_pso,17,16,33,0.981308721518811,190.690772742186,190.690772742186,0,318.186746859887,510.408379276274,1,0,0
normal,80,partial_cloud,hybrid_pso,18,17,6,0.980757539634244,79.870132207704,79.870132207704,0,345.893125320348,538.980933267187,1,0,0
normal,80,partial_cloud,hybrid_pso,18,17,14,0.978110334942906,79.870132207704,79.870132207704,0,393.084420501852,538.980933267187,1,0,0
normal,80,partial_cloud,hybrid_pso,18,17,18,0.982180672195419,79.870132207704,79.870132207704,0,320.306989437099,538.980933267187,1,0,0
normal,80,partial_cloud,hybrid_pso,18,17,25,0.983818175377134,79.870132207704,79.870132207704,0,290.475920892023,538.980933267187,1,0,0
normal,80,partial_cloud,hybrid_pso,18,17,30,0.973200237382573,79.870132207704,79.870132207704,0,481.101149262725,538.980933267187,1,0,0
normal,80,partial_cloud,hybrid_pso,18,17,33,0.974907631129055,79.870132207704,79.870132207704,0,451.04086793796,538.980933267187,1,0,0
normal,80,partial_cloud,hybrid_pso,19,18,6,0.976217470697312,1.63573207302936e-19,1.63573207302936e-19,0,432.299759361764,544.866666666667,1,0,0
normal,80,partial_cloud,hybrid_pso,19,18,14,0.972091938578333,1.63573207302936e-19,1.63573207302936e-19,0,506.868568131761,544.866666666667,1,0,0
normal,80,partial_cloud,hybrid_pso,19,18,18,0.976508512177355,1.63573207302936e-19,1.63573207302936e-19,0,426.718189522369,544.866666666667,1,0,0
normal,80,partial_cloud,hybrid_pso,19,18,25,0.980900141556176,1.63573207302936e-19,1.63573207302936e-19,0,346.916216375832,544.866666666667,1,0,0
normal,80,partial_cloud,hybrid_pso,19,18,30,0.966614070178206,1.63573207302936e-19,1.63573207302936e-19,0,544.521316388145,544.866666666667,1,0,0
normal,80,partial_cloud,hybrid_pso,19,18,33,0.968385415262877,1.63573207302936e-19,1.63573207302936e-19,0,544.521316388145,544.866666666667,1,0,0
normal,80,partial_cloud,hybrid_pso,20,19,6,0.975551263222223,0,0,0,444.400530788513,544.866666666667,1,0,0
normal,80,partial_cloud,hybrid_pso,20,19,14,0.971413195251869,0,0,0,519.177961200956,544.866666666667,1,0,0
normal,80,partial_cloud,hybrid_pso,20,19,18,0.97595123297375,0,0,0,436.854252652221,544.866666666667,1,0,0
normal,80,partial_cloud,hybrid_pso,20,19,25,0.980471123569329,0,0,0,354.709496068839,544.866666666667,1,0,0
normal,80,partial_cloud,hybrid_pso,20,19,30,0.965436888095005,0,0,0,544.521316388145,544.866666666667,1,0,0
normal,80,partial_cloud,hybrid_pso,20,19,33,0.967113901433176,0,0,0,544.521316388145,544.866666666667,1,0,0
normal,80,partial_cloud,hybrid_pso,21,20,6,0.976324925037704,0,0,0,430.348230219276,544.866666666667,1,0,0
normal,80,partial_cloud,hybrid_pso,21,20,14,0.972201412069214,0,0,0,504.882518553386,544.866666666667,1,0,0
normal,80,partial_cloud,hybrid_pso,21,20,18,0.976598425210232,0,0,0,425.083314780029,544.866666666667,1,0,0
normal,80,partial_cloud,hybrid_pso,21,20,25,0.980969390318632,0,0,0,345.658302088198,544.866666666667,1,0,0
normal,80,partial_cloud,hybrid_pso,21,20,30,0.966803952789322,0,0,0,544.521316388145,544.866666666667,1,0,0
normal,80,partial_cloud,hybrid_pso,21,20,33,0.968590514922361,0,0,0,544.521316388145,544.866666666667,1,0,0
normal,80,partial_cloud,hybrid_pso,22,21,6,0.978328472174973,0,0,0,393.809885463199,544.866666666667,1,0,0
normal,80,partial_cloud,hybrid_pso,22,21,14,0.974351552471015,0,0,0,465.783187685302,544.866666666667,1,0,0
normal,80,partial_cloud,hybrid_pso,22,21,18,0.978376960755942,0,0,0,392.755785525077,544.866666666667,1,0,0
normal,80,partial_cloud,hybrid_pso,22,21,25,0.982364936191881,0,0,0,320.272082322333,544.866666666667,1,0,0
normal,80,partial_cloud,hybrid_pso,22,21,30,0.970065291625167,0,0,0,543.340197569566,544.866666666667,1,0,0
normal,80,partial_cloud,hybrid_pso,22,21,33,0.971790042422986,0,0,0,512.549048612446,544.866666666667,1,0,0
normal,80,partial_cloud,hybrid_pso,23,22,6,0.980457853347269,0,0,0,355.131044496601,544.866666666667,1,0,0
normal,80,partial_cloud,hybrid_pso,23,22,14,0.976861899709391,0,0,0,420.073631686288,544.866666666667,1,0,0
normal,80,partial_cloud,hybrid_pso,23,22,18,0.980479751703846,0,0,0,354.666043044874,544.866666666667,1,0,0
normal,80,partial_cloud,hybrid_pso,23,22,25,0.984060845480095,0,0,0,289.31572486079,544.866666666667,1,0,0
normal,80,partial_cloud,hybrid_pso,23,22,30,0.972965303981264,0,0,0,490.689818368739,544.866666666667,1,0,0
normal,80,partial_cloud,hybrid_pso,23,22,33,0.974510123523378,0,0,0,463.136626198168,544.866666666667,1,0,0
normal,80,partial_cloud,hybrid_pso,24,23,6,0.98223575253273,0,0,0,322.730271096927,544.866666666667,1,0,0
normal,80,partial_cloud,hybrid_pso,24,23,14,0.978960272961106,0,0,0,381.929572684338,544.866666666667,1,0,0
normal,80,partial_cloud,hybrid_pso,24,23,18,0.982239452633023,0,0,0,322.754459223226,544.866666666667,1,0,0
normal,80,partial_cloud,hybrid_pso,24,23,25,0.985483107351508,0,0,0,263.343164035274,544.866666666667,1,0,0
normal,80,partial_cloud,hybrid_pso,24,23,30,0.975394225139473,0,0,0,446.580502458926,544.866666666667,1,0,0
normal,80,partial_cloud,hybrid_pso,24,23,33,0.976790942107262,0,0,0,421.74174850438,544.866666666667,1,0,0
normal,80,low_irradiance,hybrid,1,0,6,0.977560001534334,0,0,0,33.5693654124846,544.866666666667,1,0,0
normal,80,low_irradiance,hybrid,1,0,14,0.966783530561829,0,0,0,179.911183196227,544.866666666667,1,0,0
normal,80,low_irradiance,hybrid,1,0,18,0.967424006617516,0,0,0,171.389056182187,544.866666666667,1,0,0
normal,80,low_irradiance,hybrid,1,0,25,0.98346777468128,0,0,0,0,544.866666666667,0,0,0
normal,80,low_irradiance,hybrid,1,0,30,0.966822341562902,0,0,0,179.299531844729,544.866666666667,1,0,0
normal,80,low_irradiance,hybrid,1,0,33,0.966042699649329,0,0,0,190.124888108673,544.866666666667,1,0,0
normal,80,low_irradiance,hybrid,2,1,6,0.977560001534334,0,0,0,33.5693654124846,544.866666666667,1,0,0
normal,80,low_irradiance,hybrid,2,1,14,0.966783530561829,0,0,0,179.911183196227,544.866666666667,1,0,0
normal,80,low_irradiance,hybrid,2,1,18,0.967424006617516,0,0,0,171.389056182187,544.866666666667,1,0,0
normal,80,low_irradiance,hybrid,2,1,25,0.98346777468128,0,0,0,0,544.866666666667,0,0,0
normal,80,low_irradiance,hybrid,2,1,30,0.966822341562902,0,0,0,179.299531844729,544.866666666667,1,0,0
normal,80,low_irradiance,hybrid,2,1,33,0.966042699649329,0,0,0,190.124888108673,544.866666666667,1,0,0
normal,80,low_irradiance,hybrid,3,2,6,0.977560001534334,0,0,0,33.5693654124846,544.866666666667,1,0,0
normal,80,low_irradiance,hybrid,3,2,14,0.966783530561829,0,0,0,179.911183196227,544.866666666667,1,0,0
normal,80,low_irradiance,hybrid,3,2,18,0.967424006617516,0,0,0,171.389056182187,544.866666666667,1,0,0
normal,80,low_irradiance,hybrid,3,2,25,0.98346777468128,0,0,0,0,544.866666666667,0,0,0
normal,80,low_irradiance,hybrid,3,2,30,0.966822341562902,0,0,0,179.299531844729,544.866666666667,1,0,0
normal,80,low_irradiance,hybrid,3,2,33,0.966042699649329,0,0,0,190.124888108673,544.866666666667,1,0,0
normal,80,low_irradiance,hybrid,4,3,6,0.977560001534334,0,0,0,33.5693654124846,544.866666666667,1,0,0
normal,80,low_irradiance,hybrid,4,3,14,0.966783530561829,0,0,0,179.911183196227,544.866666666667,1,0,0
normal,80,low_irradiance,hybrid,4,3,18,0.967424006617516,0,0,0,171.389056182187,544.866666666667,1,0,0
normal,80,low_irradiance,hybrid,4,3,25,0.98346777468128,0,0,0,0,544.866666666667,0,0,0
normal,80,low_irradiance,hybrid,4,3,30,0.966822341562902,0,0,0,179.299531844729,544.866666666667,1,0,0
normal,80,low_irradiance,hybrid,4,3,33,0.966042699649329,0,0,0,190.124888108673,544.866666666667,1,0,0
normal,80,low_irradiance,hybrid,5,4,6,0.977560001534334,0,0,0,33.5693654124846,544.866666666667,1,0,0
normal,80,low_irradiance,hybrid,5,4,14,0.966783530561829,0,0,0,179.911183196227,544.866666666667,1,0,0
normal,80,low_irradiance,hybrid,5,4,18,0.967424006617516,0,0,0,171.389056182187,544.866666666667,1,0,0
normal,80,low_irradiance,hybrid,5,4,25,0.98346777468128,0,0,0,0,544.866666666667,0,0,0
normal,80,low_irradiance,hybrid,5,4,30,0.966822341562902,0,0,0,179.299531844729,544.866666666667,1,0,0
normal,80,low_irradiance,hybrid,5,4,33,0.966042699649329,0,0,0,190.124888108673,544.866666666667,1,0,0
normal,80,low_irradiance,hybrid,6,5,6,0.977259380966865,0,0,0,37.6539806247799,544.866666666667,1,0,0
normal,80,low_irradiance,hybrid,6,5,14,0.966405808260239,0,0,0,185.054487591362,544.866666666667,1,0,0
normal,80,low_irradiance,hybrid,6,5,18,0.967090945611186,0,0,0,175.929639626735,544.866666666667,1,0,0
normal,80,low_irradiance,hybrid,6,5,25,0.983195242246233,0,0,0,0,544.866666666667,0,0,0
normal,80,low_irradiance,hybrid,6,5,30,0.966397262492461,0,0,0,185.085726425038,544.866666666667,1,0,0
normal,80,low_irradiance,hybrid,6,5,33,0.965631012453007,0,0,0,195.736935722847,544.866666666667,1,0,0
normal,80,low_irradiance,hybrid,7,6,6,0.975377766618541,0,0,0,63.2872351605755,544.866666666667,1,0,0
normal,80,low_irradiance,hybrid,7,6,14,0.964042200619554,0,0,0,217.238243100206,544.866666666667,1,0,0
normal,80,low_irradiance,hybrid,7,6,18,0.965008234198482,0,0,0,204.330914118936,544.866666666667,1,0,0
normal,80,low_irradiance,hybrid,7,6,25,0.981491967268888,0,0,0,0.0155251361541701,544.866666666667,0,0,0
normal,80,low_irradiance,hybrid,7,6,30,0.963738626951793,0,0,0,221.204579605046,544.866666666667,1,0,0
normal,80,low_irradiance,hybrid,7,6,33,0.96305718205836,0,0,0,230.818829379725,544.866666666667,1,0,0
normal,80,low_irradiance,hybrid,8,7,6,0.974908180342314,35.9463649932883,35.9463649932883,0,69.5035465975661,543.67963295328,1,0,0
normal,80,low_irradiance,hybrid,8,7,14,0.963957943683346,35.9463649932883,35.9463649932883,0,217.90041910425,543.67963295328,1,0,0
normal,80,low_irradiance,hybrid,8,7,18,0.965270126655902,35.9463649932883,35.9463649932883,0,200.339861392143,543.67963295328,1,0,0
normal,80,low_irradiance,hybrid,8,7,25,0.980810480565179,35.9463649932883,35.9463649932883,0,0.0529242969577501,543.67963295328,0,0,0
normal,80,low_irradiance,hybrid,8,7,30,0.963020264539481,35.9463649932883,35.9463649932883,0,230.469873948332,543.67963295328,1,0,0
normal,80,low_irradiance,hybrid,8,7,33,0.962459852945835,35.9463649932883,35.9463649932883,0,238.447714008658,543.67963295328,1,0,0
normal,80,low_irradiance,hybrid,9,8,6,0.975694419071333,87.4418977105929,87.4418977105929,0,58.2070860466535,537.80442446043,1,0,0
normal,80,low_irradiance,hybrid,9,8,14,0.96563986085371,87.4418977105929,87.4418977105929,0,192.901386622253,537.80442446043,1,0,0
normal,80,low_irradiance,hybrid,9,8,18,0.967220159007163,87.4418977105929,87.4418977105929,0,171.978094107656,537.80442446043,1,0,0
normal,80,low_irradiance,hybrid,9,8,25,0.981180891767571,87.4418977105929,87.4418977105929,0,0.0230687957917282,537.80442446043,0,0,0
normal,80,low_irradiance,hybrid,9,8,30,0.964046078747303,87.4418977105929,87.4418977105929,0,214.190480912253,537.80442446043,1,0,0
normal,80,low_irradiance,hybrid,9,8,33,0.963582789898733,87.4418977105929,87.4418977105929,0,220.767407306854,537.80442446043,1,0,0
normal,80,low_irradiance,hybrid,10,9,6,0.977453008906276,139.609451684659,139.609451684659,0,33.9157645984556,526.677211814555,1,0,0
normal,80,low_irradiance,hybrid,10,9,14,0.968537443307769,139.609451684659,139.609451684659,0,150.76646906853,526.677211814555,1,0,0
normal,80,low_irradiance,hybrid,10,9,18,0.970246456846194,139.609451684659,139.609451684659,0,128.554385034495,526.677211814555,1,0,0
normal,80,low_irradiance,hybrid,10,9,25,0.982459866254026,139.609451684659,139.609451684659,0,0,526.677211814555,0,0,0
normal,80,low_irradiance,hybrid,10,9,30,0.966454871837756,139.609451684659,139.609451684659,0,178.060812873744,526.677211814555,1,0,0
normal,80,low_irradiance,hybrid,10,9,33,0.966041969073883,139.609451684659,139.609451684659,0,183.795399171141,526.677211814555,1,0,0
normal,80,low_irradiance,hybrid,11,10,6,0.979397211180664,183.559312011111,183.559312011111,0,8.08249275442623,513.016240891506,1,0,0
normal,80,low_irradiance,hybrid,11,10,14,0.971572956686828,183.559312011111,183.559312011111,0,107.964124566272,513.016240891506,1,0,0
normal,80,low_irradiance,hybrid,11,10,18,0.973335535888295,183.559312011111,183.559312011111,0,85.5538880617851,513.016240891506,1,0,0
normal,80,low_irradiance,hybrid,11,10,25,0.983973161683465,183.559312011111,183.559312011111,0,0,513.016240891506,0,0,0
normal,80,low_irradiance,hybrid,11,10,30,0.969160128522098,183.559312011111,183.559312011111,0,138.827191675683,513.016240891506,1,0,0
normal,80,low_irradiance,hybrid,11,10,33,0.968773928191818,183.559312011111,183.559312011111,0,143.972804016793,513.016240891506,1,0,0
normal,80,low_irradiance,hybrid,12,11,6,0.980773476160224,212.708168869298,212.708168869298,0,0.262766692599705,501.632255084055,0,0,0
normal,80,low_irradiance,hybrid,12,11,14,0.973669934741346,212.708168869298,212.708168869298,0,79.2146606474988,501.632255084055,1,0,0
normal,80,low_irradiance,hybrid,12,11,18,0.975470899257501,212.708168869298,212.708168869298,0,56.9816908032661,501.632255084055,1,0,0
normal,80,low_irradiance,hybrid,12,11,25,0.985015009433989,212.708168869298,212.708168869298,0,0,501.632255084055,0,0,0
normal,80,low_irradiance,hybrid,12,11,30,0.971046567164169,212.708168869298,212.708168869298,0,111.962090002905,501.632255084055,1,0,0
normal,80,low_irradiance,hybrid,12,11,33,0.97067597192435,212.708168869298,212.708168869298,0,116.898624668549,501.632255084055,1,0,0
normal,80,low_irradiance,hybrid,13,12,6,0.981226512457896,222.9,222.9,0,0.145220543369177,497.187363520479,0,0,0
normal,80,low_irradiance,hybrid,13,12,14,0.974361825496004,222.9,222.9,0,69.92918713238,497.187363520479,1,0,0
normal,80,low_irradiance,hybrid,13,12,18,0.976182299466828,222.9,222.9,0,47.6326930755657,497.187363520479,1,0,0
normal,80,low_irradiance,hybrid,13,12,25,0.985343670530173,222.9,222.9,0,0,497.187363520479,0,0,0
normal,80,low_irradiance,hybrid,13,12,30,0.971659326141412,222.9,222.9,0,103.386106917725,497.187363520479,1,0,0
normal,80,low_irradiance,hybrid,13,12,33,0.971295475049253,222.9,222.9,0,108.170891349978,497.187363520479,1,0,0
normal,80,low_irradiance,hybrid,14,13,6,0.980732448185636,212.708168869298,212.708168869298,0,0.274394133993293,501.632255084055,0,0,0
normal,80,low_irradiance,hybrid,14,13,14,0.973619839712354,212.708168869298,212.708168869298,0,79.8410890190331,501.632255084055,1,0,0
normal,80,low_irradiance,hybrid,14,13,18,0.975426258866839,212.708168869298,212.708168869298,0,57.5419842851763,501.632255084055,1,0,0
normal,80,low_irradiance,hybrid,14,13,25,0.984980149686602,212.708168869298,212.708168869298,0,0,501.632255084055,0,0,0
normal,80,low_irradiance,hybrid,14,13,30,0.970989636742985,212.708168869298,212.708168869298,0,112.672313817026,501.632255084055,1,0,0
normal,80,low_irradiance,hybrid,14,13,33,0.970620581114043,212.708168869298,212.708168869298,0,117.592241189924,501.632255084055,1,0,0
normal,80,low_irradiance,hybrid,15,14,6,0.979375399238436,183.559312011111,183.559312011111,0,8.36155734358745,513.016240891506,1,0,0
normal,80,low_irradiance,hybrid,15,14,14,0.971545239635505,183.559312011111,183.559312011111,0,108.319479097244,513.016240891506,1,0,0
normal,80,low_irradiance,hybrid,15,14,18,0.973310823344552,183.559312011111,183.559312011111,0,85.8710956993686,513.016240891506,1,0,0
normal,80,low_irradiance,hybrid,15,14,25,0.983953390118425,183.559312011111,183.559312011111,0,0,513.016240891506,0,0,0
normal,80,low_irradiance,hybrid,15,14,30,0.969128830035164,183.559312011111,183.559312011111,0,139.228308894333,513.016240891506,1,0,0
normal,80,low_irradiance,hybrid,15,14,33,0.968743409460474,183.559312011111,183.559312011111,0,144.36447996171,513.016240891506,1,0,0
normal,80,low_irradiance,hybrid,16,15,6,0.97722080201592,139.609451684659,139.609451684659,0,36.963549004043,526.677211814555,1,0,0
normal,80,low_irradiance,hybrid,16,15,14,0.968244080210412,139.609451684659,139.609451684659,0,154.627374899492,526.677211814555,1,0,0
normal,80,low_irradiance,hybrid,16,15,18,0.969986271666465,139.609451684659,139.609451684659,0,131.983948468343,526.677211814555,1,0,0
normal,80,low_irradiance,hybrid,16,15,25,0.982249088666962,139.609451684659,139.609451684659,0,0,526.677211814555,0,0,0
normal,80,low_irradiance,hybrid,16,15,30,0.966123611667887,139.609451684659,139.609451684659,0,182.418284649301,526.677211814555,1,0,0
normal,80,low_irradiance,hybrid,16,15,33,0.965719987616311,139.609451684659,139.609451684659,0,188.038490896016,526.677211814555,1,0,0
normal,80,low_irradiance,hybrid,17,16,6,0.974248603522211,87.4418977105929,87.4418977105929,0,77.5792561549809,537.80442446043,1,0,0
normal,80,low_irradiance,hybrid,17,16,14,0.963820076008404,87.4418977105929,87.4418977105929,0,217.382241556567,537.80442446043,1,0,0
normal,80,low_irradiance,hybrid,17,16,18,0.965613362707041,87.4418977105929,87.4418977105929,0,193.582340877917,537.80442446043,1,0,0
normal,80,low_irradiance,hybrid,17,16,25,0.979888823118369,87.4418977105929,87.4418977105929,0,1.63065447286098,537.80442446043,1,0,0
normal,80,low_irradiance,hybrid,17,16,30,0.961994882033169,87.4418977105929,87.4418977105929,0,241.738919795082,537.80442446043,1,0,0
normal,80,low_irradiance,hybrid,17,16,33,0.961594677724969,87.4418977105929,87.4418977105929,0,247.517674611031,537.80442446043,1,0,0
normal,80,low_irradiance,hybrid,18,17,6,0.970854710823083,35.9463649932884,35.9463649932884,0,124.535018517149,543.67963295328,1,0,0
normal,80,low_irradiance,hybrid,18,17,14,0.958837305720951,35.9463649932884,35.9463649932884,0,287.449600443012,543.67963295328,1,0,0
normal,80,low_irradiance,hybrid,18,17,18,0.960761869589954,35.9463649932884,35.9463649932884,0,261.682183078309,543.67963295328,1,0,0
normal,80,low_irradiance,hybrid,18,17,25,0.977537759409563,35.9463649932884,35.9463649932884,0,33.486230512371,543.67963295328,1,0,0
normal,80,low_irradiance,hybrid,18,17,30,0.957272717593385,35.9463649932884,35.9463649932884,0,308.553358343201,543.67963295328,1,0,0
normal,80,low_irradiance,hybrid,18,17,33,0.956896336131688,35.9463649932884,35.9463649932884,0,314.077165190873,543.67963295328,1,0,0
normal,80,low_irradiance,hybrid,19,18,6,0.968071374499947,7.36079492568411e-20,7.36079492568411e-20,0,162.768393241867,544.866666666667,1,0,0
normal,80,low_irradiance,hybrid,19,18,14,0.954813094794313,7.36079492568411e-20,7.36079492568411e-20,0,342.883781186527,544.866666666667,1,0,0
normal,80,low_irradiance,hybrid,19,18,18,0.956892106735368,7.36079492568411e-20,7.36079492568411e-20,0,314.958713067239,544.866666666667,1,0,0
normal,80,low_irradiance,hybrid,19,18,25,0.975612667498776,7.36079492568411e-20,7.36079492568411e-20,0,59.7173521718649,544.866666666667,1,0,0
normal,80,low_irradiance,hybrid,19,18,30,0.953409700655436,7.36079492568411e-20,7.36079492568411e-20,0,361.894843283188,544.866666666667,1,0,0
normal,80,low_irradiance,hybrid,19,18,33,0.953066717246792,7.36079492568411e-20,7.36079492568411e-20,0,366.910791055897,544.866666666667,1,0,0
normal,80,low_irradiance,hybrid,20,19,6,0.967513643639146,0,0,0,170.401152565425,544.866666666667,1,0,0
normal,80,low_irradiance,hybrid,20,19,14,0.95410760342637,0,0,0,352.47503183071,544.866666666667,1,0,0
normal,80,low_irradiance,hybrid,20,19,18,0.956273183118329,0,0,0,323.403072748531,544.866666666667,1,0,0
normal,80,low_irradiance,hybrid,20,19,25,0.975182056829111,0,0,0,65.5704422245007,544.866666666667,1,0,0
normal,80,low_irradiance,hybrid,20,19,30,0.952622956641762,0,0,0,372.611841601147,544.866666666667,1,0,0
normal,80,low_irradiance,hybrid,20,19,33,0.95230655261616,0,0,0,377.248604518731,544.866666666667,1,0,0
normal,80,low_irradiance,hybrid,21,20,6,0.968161364072018,0,0,0,161.537991808335,544.866666666667,1,0,0
normal,80,low_irradiance,hybrid,21,20,14,0.954926918324368,0,0,0,341.335449164065,544.866666666667,1,0,0
normal,80,low_irradiance,hybrid,21,20,18,0.956991993384425,0,0,0,313.596487067876,544.866666666667,1,0,0
normal,80,low_irradiance,hybrid,21,20,25,0.975682181744892,0,0,0,58.7726205196525,544.866666666667,1,0,0
normal,80,low_irradiance,hybrid,21,20,30,0.953536683955644,0,0,0,360.168547047961,544.866666666667,1,0,0
normal,80,low_irradiance,hybrid,21,20,33,0.953189387969528,0,0,0,365.239020332542,544.866666666667,1,0,0
normal,80,low_irradiance,hybrid,22,21,6,0.970019250271863,0,0,0,136.22096029616,544.866666666667,1,0,0
normal,80,low_irradiance,hybrid,22,21,14,0.957277012919521,0,0,0,309.310639125041,544.866666666667,1,0,0
normal,80,low_irradiance,hybrid,22,21,18,0.959056504120212,0,0,0,285.496537477187,544.866666666667,1,0,0
normal,80,low_irradiance,hybrid,22,21,25,0.977119776516206,0,0,0,39.240145145268,544.866666666667,1,0,0
normal,80,low_irradiance,hybrid,22,21,30,0.9561599355278,0,0,0,324.3944124906,544.866666666667,1,0,0
normal,80,low_irradiance,hybrid,22,21,33,0.95572474521138,0,0,0,330.701509988817,544.866666666667,1,0,0
normal,80,low_irradiance,hybrid,23,22,6,0.972359289767767,0,0,0,104.31830968561,544.866666666667,1,0,0
normal,80,low_irradiance,hybrid,23,22,14,0.960237917372888,0,0,0,269.005798571493,544.866666666667,1,0,0
normal,80,low_irradiance,hybrid,23,22,18,0.961659830651804,0,0,0,250.00104899902,544.866666666667,1,0,0
normal,80,low_irradiance,hybrid,23,22,25,0.978936955846899,0,0,0,14.5768848105346,544.866666666667,1,0,0
normal,80,low_irradiance,hybrid,23,22,30,0.959471841305582,0,0,0,279.327147732241,544.866666666667,1,0,0
normal,80,low_irradiance,hybrid,23,22,33,0.958928026024743,0,0,0,287.060509107929,544.866666666667,1,0,0
normal,80,low_irradiance,hybrid,24,23,6,0.974324444650613,0,0,0,77.5967787333328,544.866666666667,1,0,0
normal,80,low_irradiance,hybrid,24,23,14,0.962719347606621,0,0,0,235.242619073178,544.866666666667,1,0,0
normal,80,low_irradiance,hybrid,24,23,18,0.963843608924725,0,0,0,220.212996301107,544.866666666667,1,0,0
normal,80,low_irradiance,hybrid,24,23,25,0.980541090570942,0,0,0,0.085372332670189,544.866666666667,0,0,0
normal,80,low_irradiance,hybrid,24,23,30,0.962252865109106,0,0,0,241.424610403904,544.866666666667,1,0,0
normal,80,low_irradiance,hybrid,24,23,33,0.961619572126535,0,0,0,250.416942411128,544.866666666667,1,0,0
normal,80,low_irradiance,hybrid_pso,1,0,6,0.98513056180659,0,0,0,269.965353562631,544.866666666667,1,0,0
normal,80,low_irradiance,hybrid_pso,1,0,14,0.982380149610649,0,0,0,319.916151575132,544.866666666667,1,0,0
normal,80,low_irradiance,hybrid_pso,1,0,18,0.985110008144636,0,0,0,270.549311978901,544.866666666667,1,0,0
normal,80,low_irradiance,hybrid_pso,1,0,25,0.987812801751913,0,0,0,221.055363076982,544.866666666667,1,0,0
normal,80,low_irradiance,hybrid_pso,1,0,30,0.97936293410509,0,0,0,374.655706187531,544.866666666667,1,0,0
normal,80,low_irradiance,hybrid_pso,1,0,33,0.980520839917404,0,0,0,353.945508343874,544.866666666667,1,0,0
normal,80,low_irradiance,hybrid_pso,2,1,6,0.98513056180659,0,0,0,269.965353562631,544.866666666667,1,0,0
normal,80,low_irradiance,hybrid_pso,2,1,14,0.982380149610649,0,0,0,319.916151575132,544.866666666667,1,0,0
normal,80,low_irradiance,hybrid_pso,2,1,18,0.985110008144636,0,0,0,270.549311978901,544.866666666667,1,0,0
normal,80,low_irradiance,hybrid_pso,2,1,25,0.987812801751913,0,0,0,221.055363076982,544.866666666667,1,0,0
normal,80,low_irradiance,hybrid_pso,2,1,30,0.97936293410509,0,0,0,374.655706187531,544.866666666667,1,0,0
normal,80,low_irradiance,hybrid_pso,2,1,33,0.980520839917404,0,0,0,353.945508343874,544.866666666667,1,0,0
normal,80,low_irradiance,hybrid_pso,3,2,6,0.98513056180659,0,0,0,269.965353562631,544.866666666667,1,0,0
normal,80,low_irradiance,hybrid_pso,3,2,14,0.982380149610649,0,0,0,319.916151575132,544.866666666667,1,0,0
normal,80,low_irradiance,hybrid_pso,3,2,18,0.985110008144636,0,0,0,270.549311978901,544.866666666667,1,0,0
normal,80,low_irradiance,hybrid_pso,3,2,25,0.987812801751913,0,0,0,221.055363076982,544.866666666667,1,0,0
normal,80,low_irradiance,hybrid_pso,3,2,30,0.97936293410509,0,0,0,374.655706187531,544.866666666667,1,0,0
normal,80,low_irradiance,hybrid_pso,3,2,33,0.980520839917404,0,0,0,353.945508343874,544.866666666667,1,0,0
normal,80,low_irradiance,hybrid_pso,4,3,6,0.98513056180659,0,0,0,269.965353562631,544.866666666667,1,0,0
normal,80,low_irradiance,hybrid_pso,4,3,14,0.982380149610649,0,0,0,319.916151575132,544.866666666667,1,0,0
normal,80,low_irradiance,hybrid_pso,4,3,18,0.985110008144636,0,0,0,270.549311978901,544.866666666667,1,0,0
normal,80,low_irradiance,hybrid_pso,4,3,25,0.987812801751913,0,0,0,221.055363076982,544.866666666667,1,0,0
normal,80,low_irradiance,hybrid_pso,4,3,30,0.97936293410509,0,0,0,374.655706187531,544.866666666667,1,0,0
normal,80,low_irradiance,hybrid_pso,4,3,33,0.980520839917404,0,0,0,353.945508343874,544.866666666667,1,0,0
normal,80,low_irradiance,hybrid_pso,5,4,6,0.98513056180659,0,0,0,269.965353562631,544.866666666667,1,0,0
normal,80,low_irradiance,hybrid_pso,5,4,14,0.982380149610649,0,0,0,319.916151575132,544.866666666667,1,0,0
normal,80,low_irradiance,hybrid_pso,5,4,18,0.985110008144636,0,0,0,270.549311978901,544.866666666667,1,0,0
normal,80,low_irradiance,hybrid_pso,5,4,25,0.987812801751913,0,0,0,221.055363076982,544.866666666667,1,0,0
normal,80,low_irradiance,hybrid_pso,5,4,30,0.97936293410509,0,0,0,374.655706187531,544.866666666667,1,0,0
normal,80,low_irradiance,hybrid_pso,5,4,33,0.980520839917404,0,0,0,353.945508343874,544.866666666667,1,0,0
normal,80,low_irradiance,hybrid_pso,6,5,6,0.984861778287207,0,0,0,274.865439265268,544.866666666667,1,0,0
normal,80,low_irradiance,hybrid_pso,6,5,14,0.982062424914924,0,0,0,325.673559945526,544.866666666667,1,0,0
normal,80,low_irradiance,hybrid_pso,6,5,18,0.984843101952993,0,0,0,275.406084175978,544.866666666667,1,0,0
normal,80,low_irradiance,hybrid_pso,6,5,25,0.987595866646164,0,0,0,224.99189190299,544.866666666667,1,0,0
normal,80,low_irradiance,hybrid_pso,6,5,30,0.978993740449549,0,0,0,381.348765064204,544.866666666667,1,0,0
normal,80,low_irradiance,hybrid_pso,6,5,33,0.980173628756253,0,0,0,360.25564241813,544.866666666667,1,0,0
normal,80,low_irradiance,hybrid_pso,7,6,6,0.983178507529934,0,0,0,305.525393597085,544.866666666667,1,0,0
normal,80,low_irradiance,hybrid_pso,7,6,14,0.980073802015173,0,0,0,361.753895496203,544.866666666667,1,0,0
normal,80,low_irradiance,hybrid_pso,7,6,18,0.983173249574056,0,0,0,305.760530734109,544.866666666667,1,0,0
normal,80,low_irradiance,hybrid_pso,7,6,25,0.986240238665307,0,0,0,249.597346288921,544.866666666667,1,0,0
normal,80,low_irradiance,hybrid_pso,7,6,30,0.976685014516017,0,0,0,423.203749444898,544.866666666667,1,0,0
normal,80,low_irradiance,hybrid_pso,7,6,33,0.978003422031646,0,0,0,399.698120919289,544.866666666667,1,0,0
normal,80,low_irradiance,hybrid_pso,8,7,6,0.982776087545829,35.9463649932883,35.9463649932883,0,312.171638745173,543.67963295328,1,0,0
normal,80,low_irradiance,hybrid_pso,8,7,14,0.980015522475249,35.9463649932883,35.9463649932883,0,362.011370972229,543.67963295328,1,0,0
normal,80,low_irradiance,hybrid_pso,8,7,18,0.98342826353404,35.9463649932883,35.9463649932883,0,300.482125883079,543.67963295328,1,0,0
normal,80,low_irradiance,hybrid_pso,8,7,25,0.985697975923171,35.9463649932883,35.9463649932883,0,258.869973341973,543.67963295328,1,0,0
normal,80,low_irradiance,hybrid_pso,8,7,30,0.97606760397519,35.9463649932883,35.9463649932883,0,433.438283487833,543.67963295328,1,0,0
normal,80,low_irradiance,hybrid_pso,8,7,33,0.977511578032277,35.9463649932883,35.9463649932883,0,407.757733865203,543.67963295328,1,0,0
normal,80,low_irradiance,hybrid_pso,9,8,6,0.983477682200248,87.4418977105929,87.4418977105929,0,296.152382523868,537.80442446043,1,0,0
normal,80,low_irradiance,hybrid_pso,9,8,14,0.981409013490805,87.4418977105929,87.4418977105929,0,333.125626818275,537.80442446043,1,0,0
normal,80,low_irradiance,hybrid_pso,9,8,18,0.985014852238589,87.4418977105929,87.4418977105929,0,268.792675143466,537.80442446043,1,0,0
normal,80,low_irradiance,hybrid_pso,9,8,25,0.985969393468204,87.4418977105929,87.4418977105929,0,251.197378265595,537.80442446043,1,0,0
normal,80,low_irradiance,hybrid_pso,9,8,30,0.97692507812664,87.4418977105929,87.4418977105929,0,413.413964349372,537.80442446043,1,0,0
normal,80,low_irradiance,hybrid_pso,9,8,33,0.978426942867598,87.4418977105929,87.4418977105929,0,386.942045650626,537.80442446043,1,0,0
normal,80,low_irradiance,hybrid_pso,10,9,6,0.985012079222179,139.609451684659,139.609451684659,0,262.999357976563,526.677211814555,1,0,0
normal,80,low_irradiance,hybrid_pso,10,9,14,0.983774324988935,139.609451684659,139.609451684659,0,284.747477041529,526.677211814555,1,0,0
normal,80,low_irradiance,hybrid_pso,10,9,18,0.987415516018978,139.609451684659,139.609451684659,0,221.060355589844,526.677211814555,1,0,0
normal,80,low_irradiance,hybrid_pso,10,9,25,0.98693775081266,139.609451684659,139.609451684659,0,228.998432895784,526.677211814555,1,0,0
normal,80,low_irradiance,hybrid_pso,10,9,30,0.978929149392654,139.609451684659,139.609451684659,0,369.736722957067,526.677211814555,1,0,0
normal,80,low_irradiance,hybrid_pso,10,9,33,0.980409301727031,139.609451684659,139.609451684659,0,344.116808208295,526.677211814555,1,0,0
normal,80,low_irradiance,hybrid_pso,11,10,6,0.986686548139006,183.559312011111,183.559312011111,0,227.466981708682,513.016240891506,1,0,0
normal,80,low_irradiance,hybrid_pso,11,10,14,0.986224878314479,183.559312011111,183.559312011111,0,235.486345354267,513.016240891506,1,0,0
normal,80,low_irradiance,hybrid_pso,11,10,18,0.989832451110091,183.559312011111,183.559312011111,0,173.977488721889,513.016240891506,1,0,0
normal,80,low_irradiance,hybrid_pso,11,10,25,0.988085417688353,183.559312011111,183.559312011111,0,203.441507730932,513.016240891506,1,0,0
normal,80,low_irradiance,hybrid_pso,11,10,30,0.981159722648015,183.559312011111,183.559312011111,0,322.046552714057,513.016240891506,1,0,0
normal,80,low_irradiance,hybrid_pso,11,10,33,0.982588447201726,183.559312011111,183.559312011111,0,297.914619641615,513.016240891506,1,0,0
normal,80,low_irradiance,hybrid_pso,12,11,6,0.987802508281568,212.708168869298,212.708168869298,0,203.732387387743,501.632255084055,1,0,0
normal,80,low_irradiance,hybrid_pso,12,11,14,0.98786803984065,212.708168869298,212.708168869298,0,202.791444263026,501.632255084055,1,0,0
normal,80,low_irradiance,hybrid_pso,12,11,18,0.991460447008828,212.708168869298,212.708168869298,0,142.892030541765,501.632255084055,1,0,0
normal,80,low_irradiance,hybrid_pso,12,11,25,0.988860080720349,212.708168869298,212.708168869298,0,185.980599330625,501.632255084055,1,0,0
normal,80,low_irradiance,hybrid_pso,12,11,30,0.982656427098628,212.708168869298,212.708168869298,0,289.888634911109,501.632255084055,1,0,0
normal,80,low_irradiance,hybrid_pso,12,11,33,0.984051689489149,212.708168869298,212.708168869298,0,266.83306455674,501.632255084055,1,0,0
normal,80,low_irradiance,hybrid_pso,13,12,6,0.988151574596091,222.9,222.9,0,196.137323820035,497.187363520479,1,0,0
normal,80,low_irradiance,hybrid_pso,13,12,14,0.988396290408631,222.9,222.9,0,192.241858506414,497.187363520479,1,0,0
normal,80,low_irradiance,hybrid_pso,13,12,18,0.991992478570248,222.9,222.9,0,132.807401853705,497.187363520479,1,0,0
normal,80,low_irradiance,hybrid_pso,13,12,25,0.989098640048951,222.9,222.9,0,180.380853813123,497.187363520479,1,0,0
normal,80,low_irradiance,hybrid_pso,13,12,30,0.983123853408169,222.9,222.9,0,279.577664379547,497.187363520479,1,0,0
normal,80,low_irradiance,hybrid_pso,13,12,33,0.984510615411371,222.9,222.9,0,256.860243282704,497.187363520479,1,0,0
normal,80,low_irradiance,hybrid_pso,14,13,6,0.987768847491571,212.708168869298,212.708168869298,0,204.295371239227,501.632255084055,1,0,0
normal,80,low_irradiance,hybrid_pso,14,13,14,0.987827490957796,212.708168869298,212.708168869298,0,203.469177229504,501.632255084055,1,0,0
normal,80,low_irradiance,hybrid_pso,14,13,18,0.991425718744507,212.708168869298,212.708168869298,0,143.473008823038,501.632255084055,1,0,0
normal,80,low_irradiance,hybrid_pso,14,13,25,0.988832559268476,212.708168869298,212.708168869298,0,186.440161519532,501.632255084055,1,0,0
normal,80,low_irradiance,hybrid_pso,14,13,30,0.982609103216438,212.708168869298,212.708168869298,0,290.679377414982,501.632255084055,1,0,0
normal,80,low_irradiance,hybrid_pso,14,13,33,0.984006653771833,212.708168869298,212.708168869298,0,267.586504062225,501.632255084055,1,0,0
normal,80,low_irradiance,hybrid_pso,15,14,6,0.986667097235151,183.559312011111,183.559312011111,0,227.800089006376,513.016240891506,1,0,0
normal,80,low_irradiance,hybrid_pso,15,14,14,0.986201576013737,183.559312011111,183.559312011111,0,235.884685124548,513.016240891506,1,0,0
normal,80,low_irradiance,hybrid_pso,15,14,18,0.989812591811916,183.559312011111,183.559312011111,0,174.317214758742,513.016240891506,1,0,0
normal,80,low_irradiance,hybrid_pso,15,14,25,0.988069539181723,183.559312011111,183.559312011111,0,203.712716095836,513.016240891506,1,0,0
normal,80,low_irradiance,hybrid_pso,15,14,30,0.981132514294428,183.559312011111,183.559312011111,0,322.511243325616,513.016240891506,1,0,0
normal,80,low_irradiance,hybrid_pso,15,14,33,0.982562634334318,183.559312011111,183.559312011111,0,298.35629607435,513.016240891506,1,0,0
normal,80,low_irradiance,hybrid_pso,16,15,6,0.984804882247634,139.609451684659,139.609451684659,0,266.649572554377,526.677211814555,1,0,0
normal,80,low_irradiance,hybrid_pso,16,15,14,0.983527719754708,139.609451684659,139.609451684659,0,289.074046125276,526.677211814555,1,0,0
normal,80,low_irradiance,hybrid_pso,16,15,18,0.987206691349497,139.609451684659,139.609451684659,0,224.728103356172,526.677211814555,1,0,0
normal,80,low_irradiance,hybrid_pso,16,15,25,0.986769251862988,139.609451684659,139.609451684659,0,231.953797875502,526.677211814555,1,0,0
normal,80,low_irradiance,hybrid_pso,16,15,30,0.978641414212417,139.609451684659,139.609451684659,0,374.778511814295,526.677211814555,1,0,0
normal,80,low_irradiance,hybrid_pso,16,15,33,0.980137411680682,139.609451684659,139.609451684659,0,348.892936089269,526.677211814555,1,0,0
normal,80,low_irradiance,hybrid_pso,17,16,6,0.982183873040411,87.4418977105929,87.4418977105929,0,319.450437915518,537.80442446043,1,0,0
normal,80,low_irradiance,hybrid_pso,17,16,14,0.979877460128823,87.4418977105929,87.4418977105929,0,360.559609408561,537.80442446043,1,0,0
normal,80,low_irradiance,hybrid_pso,17,16,18,0.983725589605439,87.4418977105929,87.4418977105929,0,291.918747544938,537.80442446043,1,0,0
normal,80,low_irradiance,hybrid_pso,17,16,25,0.984923831176513,87.4418977105929,87.4418977105929,0,269.932981371894,537.80442446043,1,0,0
normal,80,low_irradiance,hybrid_pso,17,16,30,0.97514244717531,87.4418977105929,87.4418977105929,0,445.275026309429,537.80442446043,1,0,0
normal,80,low_irradiance,hybrid_pso,17,16,33,0.976748865602952,87.4418977105929,87.4418977105929,0,417.056692043869,537.80442446043,1,0,0
normal,80,low_irradiance,hybrid_pso,18,17,6,0.97910601614678,35.9463649932884,35.9463649932884,0,378.918248201213,543.67963295328,1,0,0
normal,80,low_irradiance,hybrid_pso,18,17,14,0.975683839554195,35.9463649932884,35.9463649932884,0,440.554287069206,543.67963295328,1,0,0
normal,80,low_irradiance,hybrid_pso,18,17,18,0.979794541247184,35.9463649932884,35.9463649932884,0,366.265294963667,543.67963295328,1,0,0
normal,80,low_irradiance,hybrid_pso,18,17,25,0.982755834521504,35.9463649932884,35.9463649932884,0,312.419930239135,543.67963295328,1,0,0
normal,80,low_irradiance,hybrid_pso,18,17,30,0.971045704886276,35.9463649932884,35.9463649932884,0,524.351724316043,543.67963295328,1,0,0
normal,80,low_irradiance,hybrid_pso,18,17,33,0.972795116645254,35.9463649932884,35.9463649932884,0,493.228538868954,543.67963295328,1,0,0
normal,80,low_irradiance,hybrid_pso,19,18,6,0.976217470697312,7.36079492568411e-20,7.36079492568411e-20,0,432.299759361764,544.866666666667,1,0,0
normal,80,low_irradiance,hybrid_pso,19,18,14,0.972091938578333,7.36079492568411e-20,7.36079492568411e-20,0,506.868568131761,544.866666666667,1,0,0
normal,80,low_irradiance,hybrid_pso,19,18,18,0.976508512177355,7.36079492568411e-20,7.36079492568411e-20,0,426.718189522369,544.866666666667,1,0,0
normal,80,low_irradiance,hybrid_pso,19,18,25,0.980900141556176,7.36079492568411e-20,7.36079492568411e-20,0,346.916216375832,544.866666666667,1,0,0
normal,80,low_irradiance,hybrid_pso,19,18,30,0.966614070178206,7.36079492568411e-20,7.36079492568411e-20,0,544.521316388145,544.866666666667,1,0,0
normal,80,low_irradiance,hybrid_pso,19,18,33,0.968385415262877,7.36079492568411e-20,7.36079492568411e-20,0,544.521316388145,544.866666666667,1,0,0
normal,80,low_irradiance,hybrid_pso,20,19,6,0.975551263222223,0,0,0,444.400530788513,544.866666666667,1,0,0
normal,80,low_irradiance,hybrid_pso,20,19,14,0.971413195251869,0,0,0,519.177961200956,544.866666666667,1,0,0
normal,80,low_irradiance,hybrid_pso,20,19,18,0.97595123297375,0,0,0,436.854252652221,544.866666666667,1,0,0
normal,80,low_irradiance,hybrid_pso,20,19,25,0.980471123569329,0,0,0,354.709496068839,544.866666666667,1,0,0
normal,80,low_irradiance,hybrid_pso,20,19,30,0.965436888095005,0,0,0,544.521316388145,544.866666666667,1,0,0
normal,80,low_irradiance,hybrid_pso,20,19,33,0.967113901433176,0,0,0,544.521316388145,544.866666666667,1,0,0
normal,80,low_irradiance,hybrid_pso,21,20,6,0.976324925037704,0,0,0,430.348230219276,544.866666666667,1,0,0
normal,80,low_irradiance,hybrid_pso,21,20,14,0.972201412069214,0,0,0,504.882518553386,544.866666666667,1,0,0
normal,80,low_irradiance,hybrid_pso,21,20,18,0.976598425210232,0,0,0,425.083314780029,544.866666666667,1,0,0
normal,80,low_irradiance,hybrid_pso,21,20,25,0.980969390318632,0,0,0,345.658302088198,544.866666666667,1,0,0
normal,80,low_irradiance,hybrid_pso,21,20,30,0.966803952789322,0,0,0,544.521316388145,544.866666666667,1,0,0
normal,80,low_irradiance,hybrid_pso,21,20,33,0.968590514922361,0,0,0,544.521316388145,544.866666666667,1,0,0
normal,80,low_irradiance,hybrid_pso,22,21,6,0.978328472174973,0,0,0,393.809885463199,544.866666666667,1,0,0
normal,80,low_irradiance,hybrid_pso,22,21,14,0.974351552471015,0,0,0,465.783187685302,544.866666666667,1,0,0
normal,80,low_irradiance,hybrid_pso,22,21,18,0.978376960755942,0,0,0,392.755785525077,544.866666666667,1,0,0
normal,80,low_irradiance,hybrid_pso,22,21,25,0.982364936191881,0,0,0,320.272082322333,544.866666666667,1,0,0
normal,80,low_irradiance,hybrid_pso,22,21,30,0.970065291625167,0,0,0,543.340197569566,544.866666666667,1,0,0
normal,80,low_irradiance,hybrid_pso,22,21,33,0.971790042422986,0,0,0,512.549048612446,544.866666666667,1,0,0
normal,80,low_irradiance,hybrid_pso,23,22,6,0.980457853347269,0,0,0,355.131044496601,544.866666666667,1,0,0
normal,80,low_irradiance,hybrid_pso,23,22,14,0.976861899709391,0,0,0,420.073631686288,544.866666666667,1,0,0
normal,80,low_irradiance,hybrid_pso,23,22,18,0.980479751703846,0,0,0,354.666043044874,544.866666666667,1,0,0
normal,80,low_irradiance,hybrid_pso,23,22,25,0.984060845480095,0,0,0,289.31572486079,544.866666666667,1,0,0
normal,80,low_irradiance,hybrid_pso,23,22,30,0.972965303981264,0,0,0,490.689818368739,544.866666666667,1,0,0
normal,80,low_irradiance,hybrid_pso,23,22,33,0.974510123523378,0,0,0,463.136626198168,544.866666666667,1,0,0
normal,80,low_irradiance,hybrid_pso,24,23,6,0.98223575253273,0,0,0,322.730271096927,544.866666666667,1,0,0
normal,80,low_irradiance,hybrid_pso,24,23,14,0.978960272961106,0,0,0,381.929572684338,544.866666666667,1,0,0
normal,80,low_irradiance,hybrid_pso,24,23,18,0.982239452633023,0,0,0,322.754459223226,544.866666666667,1,0,0
normal,80,low_irradiance,hybrid_pso,24,23,25,0.985483107351508,0,0,0,263.343164035274,544.866666666667,1,0,0
normal,80,low_irradiance,hybrid_pso,24,23,30,0.975394225139473,0,0,0,446.580502458926,544.866666666667,1,0,0
normal,80,low_irradiance,hybrid_pso,24,23,33,0.976790942107262,0,0,0,421.74174850438,544.866666666667,1,0,0
stress,80,stress_clear_sky,hybrid,1,0,18,0.965668367409917,0,0,0,155.915593482441,435.893333333333,1,0,0
stress,80,stress_clear_sky,hybrid,1,0,25,0.985333899011801,0,0,0,0,490.38,0,0,0
stress,80,stress_clear_sky,hybrid,1,0,30,0.972082312276127,0,0,0,107.488934676749,544.866666666667,1,0,0
stress,80,stress_clear_sky,hybrid,1,0,31,0.972136794192029,0,0,0,107.10182033937,544.866666666667,1,0,0
stress,80,stress_clear_sky,hybrid,1,0,32,0.972234491711687,0,0,0,116.47051344723,599.353333333333,1,0,0
stress,80,stress_clear_sky,hybrid,1,0,33,0.972510225252297,0,0,0,122.72967993815,653.84,1,0,0
stress,80,stress_clear_sky,hybrid,2,1,18,0.965668380402448,0,0,0,155.915452102285,435.893333333333,1,0,0
stress,80,stress_clear_sky,hybrid,2,1,25,0.985333906408482,0,0,0,0,490.38,0,0,0
stress,80,stress_clear_sky,hybrid,2,1,30,0.972082321644002,0,0,0,107.488807781263,544.866666666667,1,0,0
stress,80,stress_clear_sky,hybrid,2,1,31,0.972136802471525,0,0,0,107.101707548484,544.866666666667,1,0,0
stress,80,stress_clear_sky,hybrid,2,1,32,0.972234499667559,0,0,0,116.470394024766,599.353333333333,1,0,0
stress,80,stress_clear_sky,hybrid,2,1,33,0.972510232857234,0,0,0,122.729555199279,653.84,1,0,0
stress,80,stress_clear_sky,hybrid,3,2,18,0.96566846517994,0,0,0,155.914529583461,435.893333333333,1,0,0
stress,80,stress_clear_sky,hybrid,3,2,25,0.985333954672527,0,0,0,0,490.38,0,0,0
stress,80,stress_clear_sky,hybrid,3,2,30,0.972082382770269,0,0,0,107.487979776273,544.866666666667,1,0,0
stress,80,stress_clear_sky,hybrid,3,2,31,0.972136856496014,0,0,0,107.100971577325,544.866666666667,1,0,0
stress,80,stress_clear_sky,hybrid,3,2,32,0.972234551580379,0,0,0,116.469614781935,599.353333333333,1,0,0
stress,80,stress_clear_sky,hybrid,3,2,33,0.972510282480164,0,0,0,122.728741266389,653.84,1,0,0
stress,80,stress_clear_sky,hybrid,4,3,18,0.96566892760097,0,0,0,155.909497680577,435.893333333333,1,0,0
stress,80,stress_clear_sky,hybrid,4,3,25,0.985334217930046,0,0,0,0,490.38,0,0,0
stress,80,stress_clear_sky,hybrid,4,3,30,0.972082716185086,0,0,0,107.483463401509,544.866666666667,1,0,0
stress,80,stress_clear_sky,hybrid,4,3,31,0.972137151174017,0,0,0,107.096957203202,544.866666666667,1,0,0
stress,80,stress_clear_sky,hybrid,4,3,32,0.972234834740232,0,0,0,116.465364381234,599.353333333333,1,0,0
stress,80,stress_clear_sky,hybrid,4,3,33,0.972510553149761,0,0,0,122.724301647757,653.84,1,0,0
stress,80,stress_clear_sky,hybrid,5,4,18,0.965671032493139,0,0,0,155.886592984947,435.893333333333,1,0,0
stress,80,stress_clear_sky,hybrid,5,4,25,0.985335416251442,0,0,0,0,490.38,0,0,0
stress,80,stress_clear_sky,hybrid,5,4,30,0.972084233854524,0,0,0,107.462905334975,544.866666666667,1,0,0
stress,80,stress_clear_sky,hybrid,5,4,31,0.972138492517979,0,0,0,107.078684185127,544.866666666667,1,0,0
stress,80,stress_clear_sky,hybrid,5,4,32,0.972236123654913,0,0,0,116.446016992196,599.353333333333,1,0,0
stress,80,stress_clear_sky,hybrid,5,4,33,0.972511785210182,0,0,0,122.704092956302,653.84,1,0,0
stress,80,stress_clear_sky,hybrid,6,5,18,0.965679009676848,0,0,0,155.799788080827,435.893333333333,1,0,0
stress,80,stress_clear_sky,hybrid,6,5,25,0.985339957696343,0,0,0,0,490.38,0,0,0
stress,80,stress_clear_sky,hybrid,6,5,30,0.972089985564763,0,0,0,107.384993741757,544.866666666667,1,0,0
stress,80,stress_clear_sky,hybrid,6,5,31,0.972143575991267,0,0,0,107.009432448599,544.866666666667,1,0,0
stress,80,stress_clear_sky,hybrid,6,5,32,0.972241008432119,0,0,0,116.372693532727,599.353333333333,1,0,0
stress,80,stress_clear_sky,hybrid,6,5,33,0.972516454520592,0,0,0,122.627505274549,653.84,1,0,0
stress,80,stress_clear_sky,hybrid,7,6,18,0.96570409781622,0,0,0,155.526787791988,435.893333333333,1,0,0
stress,80,stress_clear_sky,hybrid,7,6,25,0.985354240588976,0,0,0,0,490.38,0,0,0
stress,80,stress_clear_sky,hybrid,7,6,30,0.972108074628346,0,0,0,107.139962648927,544.866666666667,1,0,0
stress,80,stress_clear_sky,hybrid,7,6,31,0.972159563526849,0,0,0,106.791635577422,544.866666666667,1,0,0
stress,80,stress_clear_sky,hybrid,7,6,32,0.972256371091559,0,0,0,116.142090738005,599.353333333333,1,0,0
stress,80,stress_clear_sky,hybrid,7,6,33,0.972531139552034,0,0,0,122.386636208288,653.84,1,0,0
stress,80,stress_clear_sky,hybrid,8,7,18,0.971817997010347,89.5949219196416,89.5949219196416,0,86.9292241752952,426.586155437161,1,0,0
stress,80,stress_clear_sky,hybrid,8,7,25,0.988446629080708,100.794287159597,100.794287159597,0,0,479.909424866806,0,0,0
stress,80,stress_clear_sky,hybrid,8,7,30,0.97918840695367,111.993652399552,111.993652399552,0,10.761066479113,533.232694296451,1,0,0
stress,80,stress_clear_sky,hybrid,8,7,31,0.97952330063222,111.993652399552,111.993652399552,0,6.38714155769069,533.232694296451,1,0,0
stress,80,stress_clear_sky,hybrid,8,7,32,0.97960275512716,123.193017639507,123.193017639507,0,5.87812317567978,586.555963726096,1,0,0
stress,80,stress_clear_sky,hybrid,8,7,33,0.979767445322844,134.392382879462,134.392382879462,0,3.8448543519671,639.879233155742,1,0,0
stress,80,stress_clear_sky,hybrid,9,8,18,0.980871287855828,184.864936723159,184.864936723159,0,0,394.75049488859,0,0,0
stress,80,stress_clear_sky,hybrid,9,8,25,0.992453606827003,207.973053813554,207.973053813554,0,0,444.094306749664,0,0,0
stress,80,stress_clear_sky,hybrid,9,8,30,0.995651444914252,231.081170903949,231.081170903949,0,0,493.438118610737,0,0,0
stress,80,stress_clear_sky,hybrid,9,8,31,0.998276081968498,231.081170903949,231.081170903949,0,0,493.438118610737,0,0,0
stress,80,stress_clear_sky,hybrid,9,8,32,0.998864761136897,254.189287994344,254.189287994344,0,0,542.781930471811,0,0,0
stress,80,stress_clear_sky,hybrid,9,8,33,0.999318240638776,277.297405084739,277.297405084739,0,0,592.125742332885,0,0,0
stress,80,stress_clear_sky,hybrid,10,9,18,0.994091270971408,270.658109538271,270.658109538271,0,0,341.682873123038,0,0,0
stress,80,stress_clear_sky,hybrid,10,9,25,0.996231654650761,304.490373230555,304.490373230555,0,0,384.393232263417,0,0,0
stress,80,stress_clear_sky,hybrid,10,9,30,1.01122286510186,338.322636922839,338.322636922839,0,0,427.103591403797,0,0,0
stress,80,stress_clear_sky,hybrid,10,9,31,1.01592083306422,338.322636922839,338.322636922839,0,0,427.103591403797,0,0,0
stress,80,stress_clear_sky,hybrid,10,9,32,1.01697165331779,372.154900615122,372.154900615122,0,0,469.813950544177,0,0,0
stress,80,stress_clear_sky,hybrid,10,9,33,1.01768689365895,405.987164307406,405.987164307406,0,0,512.524309684556,0,0,0
stress,80,stress_clear_sky,hybrid,11,10,18,1.00925806332893,396.266666666667,396.266666666667,0,0,181.592199538784,0,0,0
stress,80,stress_clear_sky,hybrid,11,10,25,1.0007979385102,445.8,445.8,0,0,204.291224481131,0,0,0
stress,80,stress_clear_sky,hybrid,11,10,30,1.0249511857413,495.333333333333,495.259190122072,0.0741432112608999,-28.0048718963616,227.151973454059,1,0,0
stress,80,stress_clear_sky,hybrid,11,10,31,1.03079360548746,495.333333333333,487.946436279307,7.3868970540257,-65.0427484099287,242.462285246114,1,1,1
stress,80,stress_clear_sky,hybrid,11,10,32,1.03200102269004,544.866666666667,524.988417073536,19.8782495931307,-86.2972707299689,289.156670537619,1,1,1
stress,80,stress_clear_sky,hybrid,11,10,33,1.03270198922014,594.4,565.250298399163,29.1497016008369,-103.850934806832,328.63177837765,1,1,1
stress,80,stress_clear_sky,hybrid,12,11,18,1.00976263155597,396.266666666667,396.266666666667,0,0,181.592199538784,0,0,0
stress,80,stress_clear_sky,hybrid,12,11,25,1.00097726387857,445.8,445.8,0,0,204.291224481131,0,0,0
stress,80,stress_clear_sky,hybrid,12,11,30,1.02515929729359,495.333333333333,495.246432527033,0.0869008063004821,-29.1859348338225,227.179786763021,1,0,0
stress,80,stress_clear_sky,hybrid,12,11,31,1.0309642585824,495.333333333333,486.430706673191,8.90262666014274,-66.9092265264662,245.489005965369,1,1,1
stress,80,stress_clear_sky,hybrid,12,11,32,1.03216218528947,544.866666666667,523.412308929349,21.4543577373181,-88.3303764151299,291.999953833945,1,1,1
stress,80,stress_clear_sky,hybrid,12,11,33,1.03285461053139,594.4,563.620886878579,30.779113121421,-106.005256844457,331.418529165471,1,1,1
stress,80,stress_clear_sky,hybrid,13,12,18,1.01008819741079,396.266666666667,396.266666666667,0,0,181.592199538784,0,0,0
stress,80,stress_clear_sky,hybrid,13,12,25,1.00109301457111,445.8,445.8,0,0,204.291224481131,0,0,0
stress,80,stress_clear_sky,hybrid,13,12,30,1.02529351690263,495.333333333333,495.238200601736,0.0951327315968503,-29.94777161147,227.197731302931,1,0,0
stress,80,stress_clear_sky,hybrid,13,12,31,1.03107426264723,495.333333333333,485.453683658308,9.87964967502529,-68.1192411984585,247.415451148516,1,1,1
stress,80,stress_clear_sky,hybrid,13,12,32,1.03226605545415,544.866666666667,522.396522939598,22.4701437270688,-89.6470157283524,293.813360823493,1,1,1
stress,80,stress_clear_sky,hybrid,13,12,33,1.0329529614465,594.4,562.570899064046,31.8291009359534,-107.399431189012,333.197732774805,1,1,1
stress,80,stress_clear_sky,hybrid,14,13,18,1.01008819741079,396.266666666667,396.266666666667,0,0,181.592199538784,0,0,0
stress,80,stress_clear_sky,hybrid,14,13,25,1.00109301457111,445.8,445.8,0,0,204.291224481131,0,0,0
stress,80,stress_clear_sky,hybrid,14,13,30,1.02529351690263,495.333333333333,495.238200601736,0.0951327315968503,-29.94777161147,227.197731302931,1,0,0
stress,80,stress_clear_sky,hybrid,14,13,31,1.03107426264723,495.333333333333,485.453683658308,9.87964967502529,-68.1192411984585,247.415451148516,1,1,1
stress,80,stress_clear_sky,hybrid,14,13,32,1.03226605545415,544.866666666667,522.396522939598,22.4701437270688,-89.6470157283524,293.813360823493,1,1,1
stress,80,stress_clear_sky,hybrid,14,13,33,1.0329529614465,594.4,562.570899064046,31.8291009359534,-107.399431189012,333.197732774805,1,1,1
stress,80,stress_clear_sky,hybrid,15,14,18,1.00976263155597,396.266666666667,396.266666666667,0,0,181.592199538784,0,0,0
stress,80,stress_clear_sky,hybrid,15,14,25,1.00097726387857,445.8,445.8,0,0,204.291224481131,0,0,0
stress,80,stress_clear_sky,hybrid,15,14,30,1.02515929729359,495.333333333333,495.246432527033,0.0869008063004821,-29.1859348338225,227.179786763021,1,0,0
stress,80,stress_clear_sky,hybrid,15,14,31,1.0309642585824,495.333333333333,486.430706673191,8.90262666014274,-66.9092265264662,245.489005965369,1,1,1
stress,80,stress_clear_sky,hybrid,15,14,32,1.03216218528947,544.866666666667,523.412308929349,21.4543577373181,-88.3303764151299,291.999953833945,1,1,1
stress,80,stress_clear_sky,hybrid,15,14,33,1.03285461053139,594.4,563.620886878579,30.779113121421,-106.005256844457,331.418529165471,1,1,1
stress,80,stress_clear_sky,hybrid,16,15,18,0.994721013692553,270.658109538271,270.658109538271,0,0,341.682873123038,0,0,0
stress,80,stress_clear_sky,hybrid,16,15,25,0.996439656813757,304.490373230555,304.490373230555,0,0,384.393232263417,0,0,0
stress,80,stress_clear_sky,hybrid,16,15,30,1.01172693422459,338.322636922839,338.322636922839,0,0,427.103591403797,0,0,0
stress,80,stress_clear_sky,hybrid,16,15,31,1.01644893015233,338.322636922839,338.322636922839,0,0,427.103591403797,0,0,0
stress,80,stress_clear_sky,hybrid,16,15,32,1.01750502977308,372.154900615122,372.154900615122,0,0,469.813950544177,0,0,0
stress,80,stress_clear_sky,hybrid,16,15,33,1.0182217004674,405.987164307406,405.987164307406,0,0,512.524309684556,0,0,0
stress,80,stress_clear_sky,hybrid,17,16,18,0.981344441295471,184.864936723159,184.864936723159,0,0,394.75049488859,0,0,0
stress,80,stress_clear_sky,hybrid,17,16,25,0.992608277761293,207.973053813554,207.973053813554,0,0,444.094306749664,0,0,0
stress,80,stress_clear_sky,hybrid,17,16,30,0.996031755380294,231.081170903949,231.081170903949,0,0,493.438118610737,0,0,0
stress,80,stress_clear_sky,hybrid,17,16,31,0.99867513640919,231.081170903949,231.081170903949,0,0,493.438118610737,0,0,0
stress,80,stress_clear_sky,hybrid,17,16,32,0.9992679364103,254.189287994344,254.189287994344,0,0,542.781930471811,0,0,0
stress,80,stress_clear_sky,hybrid,17,16,33,0.999722582651873,277.297405084739,277.297405084739,0,0,592.125742332885,0,0,0
stress,80,stress_clear_sky,hybrid,18,17,18,0.971955303852657,89.5949219196417,89.5949219196417,0,85.4682999200409,426.586155437161,1,0,0
stress,80,stress_clear_sky,hybrid,18,17,25,0.988524425395594,100.794287159597,100.794287159597,0,0,479.909424866806,0,0,0
stress,80,stress_clear_sky,hybrid,18,17,30,0.979286420659048,111.993652399552,111.993652399552,0,9.46345186537845,533.232694296451,1,0,0
stress,80,stress_clear_sky,hybrid,18,17,31,0.979610375931657,111.993652399552,111.993652399552,0,5.22618485161228,533.232694296451,1,0,0
stress,80,stress_clear_sky,hybrid,18,17,32,0.979686589227884,123.193017639507,123.193017639507,0,4.64601620449111,586.555963726096,1,0,0
stress,80,stress_clear_sky,hybrid,18,17,33,0.979847710413098,134.392382879463,134.392382879463,0,2.55527440379206,639.879233155741,1,0,0
stress,80,stress_clear_sky,hybrid,19,18,18,0.965769257101426,1.24394013009577e-15,1.24394013009577e-15,0,154.817747487236,435.893333333333,1,0,0
stress,80,stress_clear_sky,hybrid,19,18,25,0.985391337088367,1.39943264635775e-15,1.39943264635775e-15,0,0,490.38,0,0,0
stress,80,stress_clear_sky,hybrid,19,18,30,0.972155055877595,1.55492516261972e-15,1.55492516261972e-15,0,106.503563278475,544.866666666667,1,0,0
stress,80,stress_clear_sky,hybrid,19,18,31,0.972201087142517,1.55492516261972e-15,1.55492516261972e-15,0,106.225962840188,544.866666666667,1,0,0
stress,80,stress_clear_sky,hybrid,19,18,32,0.972296271914756,1.71041767888169e-15,1.71041767888169e-15,0,115.543155377835,599.353333333333,1,0,0
stress,80,stress_clear_sky,hybrid,19,18,33,0.972569280516875,1.86591019514366e-15,1.86591019514366e-15,0,121.761034763504,653.84,1,0,0
stress,80,stress_clear_sky,hybrid,20,19,18,0.96570409781622,0,0,0,155.526787791988,435.893333333333,1,0,0
stress,80,stress_clear_sky,hybrid,20,19,25,0.985354240588976,0,0,0,0,490.38,0,0,0
stress,80,stress_clear_sky,hybrid,20,19,30,0.972108074628346,0,0,0,107.139962648927,544.866666666667,1,0,0
stress,80,stress_clear_sky,hybrid,20,19,31,0.972159563526849,0,0,0,106.791635577422,544.866666666667,1,0,0
stress,80,stress_clear_sky,hybrid,20,19,32,0.972256371091559,0,0,0,116.142090738005,599.353333333333,1,0,0
stress,80,stress_clear_sky,hybrid,20,19,33,0.972531139552034,0,0,0,122.386636208288,653.84,1,0,0
stress,80,stress_clear_sky,hybrid,21,20,18,0.965679009676848,0,0,0,155.799788080827,435.893333333333,1,0,0
stress,80,stress_clear_sky,hybrid,21,20,25,0.985339957696343,0,0,0,0,490.38,0,0,0
stress,80,stress_clear_sky,hybrid,21,20,30,0.972089985564763,0,0,0,107.384993741757,544.866666666667,1,0,0
stress,80,stress_clear_sky,hybrid,21,20,31,0.972143575991267,0,0,0,107.009432448599,544.866666666667,1,0,0
stress,80,stress_clear_sky,hybrid,21,20,32,0.972241008432119,0,0,0,116.372693532727,599.353333333333,1,0,0
stress,80,stress_clear_sky,hybrid,21,20,33,0.972516454520592,0,0,0,122.627505274549,653.84,1,0,0
stress,80,stress_clear_sky,hybrid,22,21,18,0.965671032493139,0,0,0,155.886592984947,435.893333333333,1,0,0
stress,80,stress_clear_sky,hybrid,22,21,25,0.985335416251442,0,0,0,0,490.38,0,0,0
stress,80,stress_clear_sky,hybrid,22,21,30,0.972084233854524,0,0,0,107.462905334975,544.866666666667,1,0,0
stress,80,stress_clear_sky,hybrid,22,21,31,0.972138492517979,0,0,0,107.078684185127,544.866666666667,1,0,0
stress,80,stress_clear_sky,hybrid,22,21,32,0.972236123654913,0,0,0,116.446016992196,599.353333333333,1,0,0
stress,80,stress_clear_sky,hybrid,22,21,33,0.972511785210182,0,0,0,122.704092956302,653.84,1,0,0
stress,80,stress_clear_sky,hybrid,23,22,18,0.96566892760097,0,0,0,155.909497680577,435.893333333333,1,0,0
stress,80,stress_clear_sky,hybrid,23,22,25,0.985334217930046,0,0,0,0,490.38,0,0,0
stress,80,stress_clear_sky,hybrid,23,22,30,0.972082716185086,0,0,0,107.483463401509,544.866666666667,1,0,0
stress,80,stress_clear_sky,hybrid,23,22,31,0.972137151174017,0,0,0,107.096957203202,544.866666666667,1,0,0
stress,80,stress_clear_sky,hybrid,23,22,32,0.972234834740232,0,0,0,116.465364381234,599.353333333333,1,0,0
stress,80,stress_clear_sky,hybrid,23,22,33,0.972510553149761,0,0,0,122.724301647757,653.84,1,0,0
stress,80,stress_clear_sky,hybrid,24,23,18,0.96566846517994,0,0,0,155.914529583461,435.893333333333,1,0,0
stress,80,stress_clear_sky,hybrid,24,23,25,0.985333954672527,0,0,0,0,490.38,0,0,0
stress,80,stress_clear_sky,hybrid,24,23,30,0.972082382770269,0,0,0,107.487979776273,544.866666666667,1,0,0
stress,80,stress_clear_sky,hybrid,24,23,31,0.972136856496014,0,0,0,107.100971577325,544.866666666667,1,0,0
stress,80,stress_clear_sky,hybrid,24,23,32,0.972234551580379,0,0,0,116.469614781935,599.353333333333,1,0,0
stress,80,stress_clear_sky,hybrid,24,23,33,0.972510282480164,0,0,0,122.728741266389,653.84,1,0,0
stress,80,stress_clear_sky,hybrid_pso,1,0,18,0.979535951797558,0,0,0,297.342480597238,435.893333333333,1,0,0
stress,80,stress_clear_sky,hybrid_pso,1,0,25,0.988860592688573,0,0,0,181.766894830174,490.38,1,0,0
stress,80,stress_clear_sky,hybrid_pso,1,0,30,0.985169863480187,0,0,0,269.093387852293,544.866666666667,1,0,0
stress,80,stress_clear_sky,hybrid_pso,1,0,31,0.987431456356907,0,0,0,228.278707111446,544.866666666667,1,0,0
stress,80,stress_clear_sky,hybrid_pso,1,0,32,0.988084174134617,0,0,0,238.131274386135,599.353333333333,1,0,0
stress,80,stress_clear_sky,hybrid_pso,1,0,33,0.988764399664516,0,0,0,245.021454164412,653.84,1,0,0
stress,80,stress_clear_sky,hybrid_pso,2,1,18,0.979535962980381,0,0,0,297.342318130986,435.893333333333,1,0,0
stress,80,stress_clear_sky,hybrid_pso,2,1,25,0.988860598729416,0,0,0,181.766796227837,490.38,1,0,0
stress,80,stress_clear_sky,hybrid_pso,2,1,30,0.985169871591521,0,0,0,269.09324068666,544.866666666667,1,0,0
stress,80,stress_clear_sky,hybrid_pso,2,1,31,0.987431463207371,0,0,0,228.278582684534,544.866666666667,1,0,0
stress,80,stress_clear_sky,hybrid_pso,2,1,32,0.988084180621005,0,0,0,238.131144751064,599.353333333333,1,0,0
stress,80,stress_clear_sky,hybrid_pso,2,1,33,0.988764405775202,0,0,0,245.02132089461,653.84,1,0,0
stress,80,stress_clear_sky,hybrid_pso,3,2,18,0.97953603594935,0,0,0,297.341258023398,435.893333333333,1,0,0
stress,80,stress_clear_sky,hybrid_pso,3,2,25,0.988860638146489,0,0,0,181.76615283828,490.38,1,0,0
stress,80,stress_clear_sky,hybrid_pso,3,2,30,0.985169924518735,0,0,0,269.09228041706,544.866666666667,1,0,0
stress,80,stress_clear_sky,hybrid_pso,3,2,31,0.987431507907293,0,0,0,228.277770787209,544.866666666667,1,0,0
stress,80,stress_clear_sky,hybrid_pso,3,2,32,0.988084222945304,0,0,0,238.130298870005,599.353333333333,1,0,0
stress,80,stress_clear_sky,hybrid_pso,3,2,33,0.988764445648008,0,0,0,245.02045129658,653.84,1,0,0
stress,80,stress_clear_sky,hybrid_pso,4,3,18,0.979536433960473,0,0,0,297.335475639221,435.893333333333,1,0,0
stress,80,stress_clear_sky,hybrid_pso,4,3,25,0.98886085314797,0,0,0,181.762643452704,490.38,1,0,0
stress,80,stress_clear_sky,hybrid_pso,4,3,30,0.985170213211583,0,0,0,269.087042601877,544.866666666667,1,0,0
stress,80,stress_clear_sky,hybrid_pso,4,3,31,0.98743175172419,0,0,0,228.273342272054,544.866666666667,1,0,0
stress,80,stress_clear_sky,hybrid_pso,4,3,32,0.988084453804302,0,0,0,238.125684989546,599.353333333333,1,0,0
stress,80,stress_clear_sky,hybrid_pso,4,3,33,0.988764663135278,0,0,0,245.015708051187,653.84,1,0,0
stress,80,stress_clear_sky,hybrid_pso,5,4,18,0.979538245665203,0,0,0,297.309154835172,435.893333333333,1,0,0
stress,80,stress_clear_sky,hybrid_pso,5,4,25,0.988861831812927,0,0,0,181.746669085152,490.38,1,0,0
stress,80,stress_clear_sky,hybrid_pso,5,4,30,0.985171527310905,0,0,0,269.063200620954,544.866666666667,1,0,0
stress,80,stress_clear_sky,hybrid_pso,5,4,31,0.987432861553349,0,0,0,228.253184131597,544.866666666667,1,0,0
stress,80,stress_clear_sky,hybrid_pso,5,4,32,0.988085504650604,0,0,0,238.104683082553,599.353333333333,1,0,0
stress,80,stress_clear_sky,hybrid_pso,5,4,33,0.988765653114953,0,0,0,244.994117286292,653.84,1,0,0
stress,80,stress_clear_sky,hybrid_pso,6,5,18,0.979545111714206,0,0,0,297.209403519366,435.893333333333,1,0,0
stress,80,stress_clear_sky,hybrid_pso,6,5,25,0.988865540797275,0,0,0,181.686128776131,490.38,1,0,0
stress,80,stress_clear_sky,hybrid_pso,6,5,30,0.985176507519123,0,0,0,268.972843653637,544.866666666667,1,0,0
stress,80,stress_clear_sky,hybrid_pso,6,5,31,0.987437067619448,0,0,0,228.1767881654,544.866666666667,1,0,0
stress,80,stress_clear_sky,hybrid_pso,6,5,32,0.988089487183786,0,0,0,238.025089338963,599.353333333333,1,0,0
stress,80,stress_clear_sky,hybrid_pso,6,5,33,0.988769404975139,0,0,0,244.912291837836,653.84,1,0,0
stress,80,stress_clear_sky,hybrid_pso,7,6,18,0.979566705306781,0,0,0,296.895687540382,435.893333333333,1,0,0
stress,80,stress_clear_sky,hybrid_pso,7,6,25,0.988877205612566,0,0,0,181.495728536024,490.38,1,0,0
stress,80,stress_clear_sky,hybrid_pso,7,6,30,0.985192170158355,0,0,0,268.688673088123,544.866666666667,1,0,0
stress,80,stress_clear_sky,hybrid_pso,7,6,31,0.987450295664914,0,0,0,227.936523443348,544.866666666667,1,0,0
stress,80,stress_clear_sky,hybrid_pso,7,6,32,0.988102012242679,0,0,0,237.774767178518,599.353333333333,1,0,0
stress,80,stress_clear_sky,hybrid_pso,7,6,33,0.988781204582603,0,0,0,244.654950649394,653.84,1,0,0
stress,80,stress_clear_sky,hybrid_pso,8,7,18,0.984721025336436,89.5949219196416,89.5949219196416,0,217.264859606243,426.586155437161,1,0,0
stress,80,stress_clear_sky,hybrid_pso,8,7,25,0.991376198117683,100.794287159597,100.794287159597,0,137.607139530849,479.909424866806,1,0,0
stress,80,stress_clear_sky,hybrid_pso,8,7,30,0.991265078386699,111.993652399552,111.993652399552,0,155.011666848874,533.232694296451,1,0,0
stress,80,stress_clear_sky,hybrid_pso,8,7,31,0.993569961726303,111.993652399552,111.993652399552,0,114.305919923423,533.232694296451,1,0,0
stress,80,stress_clear_sky,hybrid_pso,8,7,32,0.994144719163831,123.193017639507,123.193017639507,0,114.554859924473,586.555963726096,1,0,0
stress,80,stress_clear_sky,hybrid_pso,8,7,33,0.99467255483911,134.392382879462,134.392382879462,0,113.759091232596,639.879233155742,1,0,0
stress,80,stress_clear_sky,hybrid_pso,9,8,18,0.989933504460813,184.864936723159,184.864936723159,0,132.444239089062,394.75049488859,1,0,0
stress,80,stress_clear_sky,hybrid_pso,9,8,25,0.993931107752482,207.973053813554,207.973053813554,0,89.498306159462,444.094306749664,1,0,0
stress,80,stress_clear_sky,hybrid_pso,9,8,30,0.99783107696249,231.081170903949,231.081170903949,0,35.5697440339969,493.438118610737,1,0,0
stress,80,stress_clear_sky,hybrid_pso,9,8,31,1.00045111358202,231.081170903949,231.081170903949,0,0.0950136447495547,493.438118610737,0,0,0
stress,80,stress_clear_sky,hybrid_pso,9,8,32,1.00103869664878,254.189287994344,254.189287994344,0,0.0473610270989248,542.781930471811,0,0,0
stress,80,stress_clear_sky,hybrid_pso,9,8,33,1.00149129632375,277.297405084739,277.297405084739,0,0.0310279821498922,592.125742332885,0,0,0
stress,80,stress_clear_sky,hybrid_pso,10,9,18,0.995733007541342,270.658109538271,270.658109538271,0,48.5728751242427,341.682873123038,1,0,0
stress,80,stress_clear_sky,hybrid_pso,10,9,25,0.99648754320964,304.490373230555,304.490373230555,0,44.7224057485006,384.393232263417,1,0,0
stress,80,stress_clear_sky,hybrid_pso,10,9,30,1.00803409494561,338.322636922839,338.282887749402,0.03974917343612,0,427.135075005986,0,0,0
stress,80,stress_clear_sky,hybrid_pso,10,9,31,1.01194482270434,338.322636922839,316.505517061531,21.8171198613076,-0.267330055830916,443.513181443413,0,1,0
stress,80,stress_clear_sky,hybrid_pso,10,9,32,1.0127728325949,372.154900615122,337.990387793393,34.1645128217294,-8.54681891135441,494.961529754636,1,1,1
stress,80,stress_clear_sky,hybrid_pso,10,9,33,1.01331275087542,405.987164307406,361.477970103183,44.5091942042232,-26.0550772590377,544.830636739604,1,1,1
stress,80,stress_clear_sky,hybrid_pso,11,10,18,1.00421883531038,396.266666666667,396.226873518863,0.0397931478038002,-0.00115273166475824,181.679010196312,0,0,0
stress,80,stress_clear_sky,hybrid_pso,11,10,25,0.999497195215655,445.8,445.8,0,3.41355922421371,204.291224481131,1,0,0
stress,80,stress_clear_sky,hybrid_pso,11,10,30,1.01295005463074,495.333333333333,446.67491340968,48.6584199236535,-8.74538756262371,312.027572779874,1,1,1
stress,80,stress_clear_sky,hybrid_pso,11,10,31,1.01645650653167,495.333333333333,388.823526682422,106.509806650911,-86.6972490496117,381.70138792345,1,1,1
stress,80,stress_clear_sky,hybrid_pso,11,10,32,1.01711525216689,544.866666666667,415.758463840394,129.108202826273,-114.262852884554,431.705128441687,1,1,1
stress,80,stress_clear_sky,hybrid_pso,11,10,33,1.01747363432367,594.4,446.455131006794,147.944868993206,-136.204240885234,477.686677224419,1,1,1
stress,80,stress_clear_sky,hybrid_pso,12,11,18,1.00468790240299,396.266666666667,396.217152084156,0.0495145825101656,-0.0118751194559643,181.700210343205,0,0,0
stress,80,stress_clear_sky,hybrid_pso,12,11,25,0.999654736181224,445.8,445.8,0,2.34578464277799,204.291224481131,1,0,0
stress,80,stress_clear_sky,hybrid_pso,12,11,30,1.01307404968685,495.333333333333,444.622541118401,50.7107922149325,-11.0349813528517,314.945202176284,1,1,1
stress,80,stress_clear_sky,hybrid_pso,12,11,31,1.01654256753848,495.333333333333,387.402499926349,107.930833406984,-88.9050461375964,383.143559903151,1,1,1
stress,80,stress_clear_sky,hybrid_pso,12,11,32,1.0171920140435,544.866666666667,414.363450732258,130.503215934408,-116.514389504024,433.044280501467,1,1,1
stress,80,stress_clear_sky,hybrid_pso,12,11,33,1.01754211401662,594.4,445.096889369389,149.303110630611,-138.438003780473,478.952507743402,1,1,1
stress,80,stress_clear_sky,hybrid_pso,13,12,18,1.00499051815144,396.266666666667,396.210879789428,0.0557868772382147,-0.019292674366323,181.71388714386,0,0,0
stress,80,stress_clear_sky,hybrid_pso,13,12,25,0.999756428703488,445.8,445.8,0,1.65654908524628,204.291224481131,1,0,0
stress,80,stress_clear_sky,hybrid_pso,13,12,30,1.01315392241762,495.333333333333,443.300483742618,52.0328495907152,-12.5306373415998,316.803354713938,1,1,1
stress,80,stress_clear_sky,hybrid_pso,13,12,31,1.01659798168386,495.333333333333,386.487580976503,108.84575235683,-90.3329442148816,384.066445026607,1,1,1
stress,80,stress_clear_sky,hybrid_pso,13,12,32,1.01724143407569,544.866666666667,413.465421102515,131.401245564152,-117.969026688698,433.90179042071,1,1,1
stress,80,stress_clear_sky,hybrid_pso,13,12,33,1.01758619378815,594.4,444.222716207401,150.177283792598,-139.880063108042,479.763404195566,1,1,1
stress,80,stress_clear_sky,hybrid_pso,14,13,18,1.00499051815144,396.266666666667,396.210879789428,0.0557868772382147,-0.019292674366323,181.71388714386,0,0,0
stress,80,stress_clear_sky,hybrid_pso,14,13,25,0.999756428703488,445.8,445.8,0,1.65654908524628,204.291224481131,1,0,0
stress,80,stress_clear_sky,hybrid_pso,14,13,30,1.01315392241762,495.333333333333,443.300483742618,52.0328495907152,-12.5306373415998,316.803354713938,1,1,1
stress,80,stress_clear_sky,hybrid_pso,14,13,31,1.01659798168386,495.333333333333,386.487580976503,108.84575235683,-90.3329442148816,384.066445026607,1,1,1
stress,80,stress_clear_sky,hybrid_pso,14,13,32,1.01724143407569,544.866666666667,413.465421102515,131.401245564152,-117.969026688698,433.90179042071,1,1,1
stress,80,stress_clear_sky,hybrid_pso,14,13,33,1.01758619378815,594.4,444.222716207401,150.177283792598,-139.880063108042,479.763404195566,1,1,1
stress,80,stress_clear_sky,hybrid_pso,15,14,18,1.00468790240299,396.266666666667,396.217152084156,0.0495145825101656,-0.0118751194559643,181.700210343205,0,0,0
stress,80,stress_clear_sky,hybrid_pso,15,14,25,0.999654736181224,445.8,445.8,0,2.34578464277799,204.291224481131,1,0,0
stress,80,stress_clear_sky,hybrid_pso,15,14,30,1.01307404968685,495.333333333333,444.622541118401,50.7107922149325,-11.0349813528517,314.945202176284,1,1,1
stress,80,stress_clear_sky,hybrid_pso,15,14,31,1.01654256753848,495.333333333333,387.402499926349,107.930833406984,-88.9050461375964,383.143559903151,1,1,1
stress,80,stress_clear_sky,hybrid_pso,15,14,32,1.0171920140435,544.866666666667,414.363450732258,130.503215934408,-116.514389504024,433.044280501467,1,1,1
stress,80,stress_clear_sky,hybrid_pso,15,14,33,1.01754211401662,594.4,445.096889369389,149.303110630611,-138.438003780473,478.952507743402,1,1,1
stress,80,stress_clear_sky,hybrid_pso,16,15,18,0.99602407164634,270.658109538271,270.658109538271,0,45.259684316325,341.682873123038,1,0,0
stress,80,stress_clear_sky,hybrid_pso,16,15,25,0.996635220946383,304.490373230555,304.490373230555,0,42.8405940478161,384.393232263417,1,0,0
stress,80,stress_clear_sky,hybrid_pso,16,15,30,1.00821512484473,338.322636922839,338.26650300594,0.0561339168984615,0,427.148050901062,0,0,0
stress,80,stress_clear_sky,hybrid_pso,16,15,31,1.01208306229621,338.322636922839,314.960237088204,23.362399834635,-0.310575255079781,444.611890864141,0,1,0
stress,80,stress_clear_sky,hybrid_pso,16,15,32,1.01289559748889,372.154900615122,336.476376953851,35.6785236612717,-12.0259886018117,495.992001880865,1,1,1
stress,80,stress_clear_sky,hybrid_pso,16,15,33,1.0134228233545,405.987164307406,359.993848371993,45.9933159354131,-29.5257591958187,545.812398846272,1,1,1
stress,80,stress_clear_sky,hybrid_pso,17,16,18,0.990165086404469,184.864936723159,184.864936723159,0,129.399035216401,394.75049488859,1,0,0
stress,80,stress_clear_sky,hybrid_pso,17,16,25,0.99404874828131,207.973053813554,207.973053813554,0,87.7645440710989,444.094306749664,1,0,0
stress,80,stress_clear_sky,hybrid_pso,17,16,30,0.998084435955496,231.081170903949,231.081170903949,0,31.4592417932259,493.438118610737,1,0,0
stress,80,stress_clear_sky,hybrid_pso,17,16,31,1.00072311397172,231.081170903949,231.081170903949,0,0.0646707322090955,493.438118610737,0,0,0
stress,80,stress_clear_sky,hybrid_pso,17,16,32,1.00131480464519,254.189287994344,254.189287994344,0,0.0305409589442301,542.781930471811,0,0,0
stress,80,stress_clear_sky,hybrid_pso,17,16,33,1.00176856554925,277.297405084739,277.297405084739,0,0.0126257166609456,592.125742332885,0,0,0
stress,80,stress_clear_sky,hybrid_pso,18,17,18,0.984839085532272,89.5949219196417,89.5949219196417,0,215.586145069189,426.586155437161,1,0,0
stress,80,stress_clear_sky,hybrid_pso,18,17,25,0.991439907603618,100.794287159597,100.794287159597,0,136.590375006905,479.909424866806,1,0,0
stress,80,stress_clear_sky,hybrid_pso,18,17,30,0.991349632525781,111.993652399552,111.993652399552,0,153.510451125834,533.232694296451,1,0,0
stress,80,stress_clear_sky,hybrid_pso,18,17,31,0.993641842568837,111.993652399552,111.993652399552,0,113.028210074923,533.232694296451,1,0,0
stress,80,stress_clear_sky,hybrid_pso,18,17,32,0.994212952774967,123.193017639507,123.193017639507,0,113.220259558425,586.555963726096,1,0,0
stress,80,stress_clear_sky,hybrid_pso,18,17,33,0.994736969029153,134.392382879463,134.392382879463,0,112.384210658611,639.879233155741,1,0,0
stress,80,stress_clear_sky,hybrid_pso,19,18,18,0.979622788202071,1.24394013009577e-15,1.24394013009577e-15,0,296.08090414502,435.893333333333,1,0,0
stress,80,stress_clear_sky,hybrid_pso,19,18,25,0.988907502405195,1.39943264635775e-15,1.39943264635775e-15,0,181.001205804196,490.38,1,0,0
stress,80,stress_clear_sky,hybrid_pso,19,18,30,0.985232849033808,1.55492516261972e-15,1.55492516261972e-15,0,267.950627668357,544.866666666667,1,0,0
stress,80,stress_clear_sky,hybrid_pso,19,18,31,0.987484651896145,1.55492516261972e-15,1.55492516261972e-15,0,227.312501541866,544.866666666667,1,0,0
stress,80,stress_clear_sky,hybrid_pso,19,18,32,0.988134542819612,1.71041767888169e-15,1.71041767888169e-15,0,237.124620618808,599.353333333333,1,0,0
stress,80,stress_clear_sky,hybrid_pso,19,18,33,0.988811851092562,1.86591019514366e-15,1.86591019514366e-15,0,243.986571720398,653.84,1,0,0
stress,80,stress_clear_sky,hybrid_pso,20,19,18,0.979566705306781,0,0,0,296.895687540382,435.893333333333,1,0,0
stress,80,stress_clear_sky,hybrid_pso,20,19,25,0.988877205612566,0,0,0,181.495728536024,490.38,1,0,0
stress,80,stress_clear_sky,hybrid_pso,20,19,30,0.985192170158355,0,0,0,268.688673088123,544.866666666667,1,0,0
stress,80,stress_clear_sky,hybrid_pso,20,19,31,0.987450295664914,0,0,0,227.936523443348,544.866666666667,1,0,0
stress,80,stress_clear_sky,hybrid_pso,20,19,32,0.988102012242679,0,0,0,237.774767178518,599.353333333333,1,0,0
stress,80,stress_clear_sky,hybrid_pso,20,19,33,0.988781204582603,0,0,0,244.654950649394,653.84,1,0,0
stress,80,stress_clear_sky,hybrid_pso,21,20,18,0.979545111714206,0,0,0,297.209403519366,435.893333333333,1,0,0
stress,80,stress_clear_sky,hybrid_pso,21,20,25,0.988865540797275,0,0,0,181.686128776131,490.38,1,0,0
stress,80,stress_clear_sky,hybrid_pso,21,20,30,0.985176507519123,0,0,0,268.972843653637,544.866666666667,1,0,0
stress,80,stress_clear_sky,hybrid_pso,21,20,31,0.987437067619448,0,0,0,228.1767881654,544.866666666667,1,0,0
stress,80,stress_clear_sky,hybrid_pso,21,20,32,0.988089487183786,0,0,0,238.025089338963,599.353333333333,1,0,0
stress,80,stress_clear_sky,hybrid_pso,21,20,33,0.988769404975139,0,0,0,244.912291837836,653.84,1,0,0
stress,80,stress_clear_sky,hybrid_pso,22,21,18,0.979538245665203,0,0,0,297.309154835172,435.893333333333,1,0,0
stress,80,stress_clear_sky,hybrid_pso,22,21,25,0.988861831812927,0,0,0,181.746669085152,490.38,1,0,0
stress,80,stress_clear_sky,hybrid_pso,22,21,30,0.985171527310905,0,0,0,269.063200620954,544.866666666667,1,0,0
stress,80,stress_clear_sky,hybrid_pso,22,21,31,0.987432861553349,0,0,0,228.253184131597,544.866666666667,1,0,0
stress,80,stress_clear_sky,hybrid_pso,22,21,32,0.988085504650604,0,0,0,238.104683082553,599.353333333333,1,0,0
stress,80,stress_clear_sky,hybrid_pso,22,21,33,0.988765653114953,0,0,0,244.994117286292,653.84,1,0,0
stress,80,stress_clear_sky,hybrid_pso,23,22,18,0.979536433960473,0,0,0,297.335475639221,435.893333333333,1,0,0
stress,80,stress_clear_sky,hybrid_pso,23,22,25,0.98886085314797,0,0,0,181.762643452704,490.38,1,0,0
stress,80,stress_clear_sky,hybrid_pso,23,22,30,0.985170213211583,0,0,0,269.087042601877,544.866666666667,1,0,0
stress,80,stress_clear_sky,hybrid_pso,23,22,31,0.98743175172419,0,0,0,228.273342272054,544.866666666667,1,0,0
stress,80,stress_clear_sky,hybrid_pso,23,22,32,0.988084453804302,0,0,0,238.125684989546,599.353333333333,1,0,0
stress,80,stress_clear_sky,hybrid_pso,23,22,33,0.988764663135278,0,0,0,245.015708051187,653.84,1,0,0
stress,80,stress_clear_sky,hybrid_pso,24,23,18,0.97953603594935,0,0,0,297.341258023398,435.893333333333,1,0,0
stress,80,stress_clear_sky,hybrid_pso,24,23,25,0.988860638146489,0,0,0,181.76615283828,490.38,1,0,0
stress,80,stress_clear_sky,hybrid_pso,24,23,30,0.985169924518735,0,0,0,269.09228041706,544.866666666667,1,0,0
stress,80,stress_clear_sky,hybrid_pso,24,23,31,0.987431507907293,0,0,0,228.277770787209,544.866666666667,1,0,0
stress,80,stress_clear_sky,hybrid_pso,24,23,32,0.988084222945304,0,0,0,238.130298870005,599.353333333333,1,0,0
stress,80,stress_clear_sky,hybrid_pso,24,23,33,0.988764445648008,0,0,0,245.02045129658,653.84,1,0,0
stress,100,stress_clear_sky,hybrid,1,0,18,0.967181335485077,0,0,0,174.525886508905,544.866666666667,1,0,0
stress,100,stress_clear_sky,hybrid,1,0,25,0.985434459195026,0,0,0,0,612.975,0,0,0
stress,100,stress_clear_sky,hybrid,1,0,30,0.973023255989533,0,0,0,118.456034421956,681.083333333333,1,0,0
stress,100,stress_clear_sky,hybrid,1,0,31,0.973222213669453,0,0,0,115.383541059251,681.083333333333,1,0,0
stress,100,stress_clear_sky,hybrid,1,0,32,0.97335509280664,0,0,0,124.538235210464,749.191666666667,1,0,0
stress,100,stress_clear_sky,hybrid,1,0,33,0.973654835144635,0,0,0,129.89312571994,817.3,1,0,0
stress,100,stress_clear_sky,hybrid,2,1,18,0.967181347079385,0,0,0,174.525728634397,544.866666666667,1,0,0
stress,100,stress_clear_sky,hybrid,2,1,25,0.985434466491552,0,0,0,0,612.975,0,0,0
stress,100,stress_clear_sky,hybrid,2,1,30,0.973023264363239,0,0,0,118.455892494785,681.083333333333,1,0,0
stress,100,stress_clear_sky,hybrid,2,1,31,0.973222220812174,0,0,0,115.383419436971,681.083333333333,1,0,0
stress,100,stress_clear_sky,hybrid,2,1,32,0.973355099592415,0,0,0,124.538107937104,749.191666666667,1,0,0
stress,100,stress_clear_sky,hybrid,2,1,33,0.973654841557476,0,0,0,129.89299432927,817.3,1,0,0
stress,100,stress_clear_sky,hybrid,3,2,18,0.967181422733331,0,0,0,174.524698488372,544.866666666667,1,0,0
stress,100,stress_clear_sky,hybrid,3,2,25,0.985434514102076,0,0,0,0,612.975,0,0,0
stress,100,stress_clear_sky,hybrid,3,2,30,0.97302331900246,0,0,0,118.454966406646,681.083333333333,1,0,0
stress,100,stress_clear_sky,hybrid,3,2,31,0.973222267419102,0,0,0,115.38262584014,681.083333333333,1,0,0
stress,100,stress_clear_sky,hybrid,3,2,32,0.973355143870235,0,0,0,124.537277466429,749.191666666667,1,0,0
stress,100,stress_clear_sky,hybrid,3,2,33,0.973654883401867,0,0,0,129.892136992762,817.3,1,0,0
stress,100,stress_clear_sky,hybrid,4,3,18,0.967181835389742,0,0,0,174.519079530234,544.866666666667,1,0,0
stress,100,stress_clear_sky,hybrid,4,3,25,0.985434773794942,0,0,0,0,612.975,0,0,0
stress,100,stress_clear_sky,hybrid,4,3,30,0.973023617033496,0,0,0,118.449915035008,681.083333333333,1,0,0
stress,100,stress_clear_sky,hybrid,4,3,31,0.973222521637811,0,0,0,115.378297145419,681.083333333333,1,0,0
stress,100,stress_clear_sky,hybrid,4,3,32,0.973355385384777,0,0,0,124.53274764223,749.191666666667,1,0,0
stress,100,stress_clear_sky,hybrid,4,3,33,0.973655111643211,0,0,0,129.887460628071,817.3,1,0,0
stress,100,stress_clear_sky,hybrid,5,4,18,0.967183713758392,0,0,0,174.493502622794,544.866666666667,1,0,0
stress,100,stress_clear_sky,hybrid,5,4,25,0.985435955890302,0,0,0,0,612.975,0,0,0
stress,100,stress_clear_sky,hybrid,5,4,30,0.973024973639401,0,0,0,118.426921722983,681.083333333333,1,0,0
stress,100,stress_clear_sky,hybrid,5,4,31,0.973223678815044,0,0,0,115.358593375406,681.083333333333,1,0,0
stress,100,stress_clear_sky,hybrid,5,4,32,0.973356484734104,0,0,0,124.512128348889,749.191666666667,1,0,0
stress,100,stress_clear_sky,hybrid,5,4,33,0.973656150574408,0,0,0,129.866174295469,817.3,1,0,0
stress,100,stress_clear_sky,hybrid,6,5,18,0.967190832453844,0,0,0,174.396570524359,544.866666666667,1,0,0
stress,100,stress_clear_sky,hybrid,6,5,25,0.985440435839741,0,0,0,0,612.975,0,0,0
stress,100,stress_clear_sky,hybrid,6,5,30,0.973030114942248,0,0,0,118.339781027655,681.083333333333,1,0,0
stress,100,stress_clear_sky,hybrid,6,5,31,0.973228064323985,0,0,0,115.283919370159,681.083333333333,1,0,0
stress,100,stress_clear_sky,hybrid,6,5,32,0.973360651087148,0,0,0,124.433984621511,749.191666666667,1,0,0
stress,100,stress_clear_sky,hybrid,6,5,33,0.973660087954166,0,0,0,129.785502568878,817.3,1,0,0
stress,100,stress_clear_sky,hybrid,7,6,18,0.967213220631874,0,0,0,174.091720695895,544.866666666667,1,0,0
stress,100,stress_clear_sky,hybrid,7,6,25,0.985454525313981,0,0,0,0,612.975,0,0,0
stress,100,stress_clear_sky,hybrid,7,6,30,0.973046284241581,0,0,0,118.065725194146,681.083333333333,1,0,0
stress,100,stress_clear_sky,hybrid,7,6,31,0.973241856732235,0,0,0,115.049069926528,681.083333333333,1,0,0
stress,100,stress_clear_sky,hybrid,7,6,32,0.973373754274,0,0,0,124.188222490158,749.191666666667,1,0,0
stress,100,stress_clear_sky,hybrid,7,6,33,0.973672471034978,0,0,0,129.531789564787,817.3,1,0,0
stress,100,stress_clear_sky,hybrid,8,7,18,0.974325946334448,111.993652399552,111.993652399552,0,75.4405077133584,533.232694296451,1,0,0
stress,100,stress_clear_sky,hybrid,8,7,25,0.98935572662555,125.992858949496,125.992858949496,0,0,599.886781083508,0,0,0
stress,100,stress_clear_sky,hybrid,8,7,30,0.982688789345694,139.99206549944,139.99206549944,0,0,666.540867870564,0,0,0
stress,100,stress_clear_sky,hybrid,8,7,31,0.983493017046529,139.99206549944,139.99206549944,0,0,666.540867870564,0,0,0
stress,100,stress_clear_sky,hybrid,8,7,32,0.983676470044705,153.991272049384,153.991272049384,0,0,733.194954657621,0,0,0
stress,100,stress_clear_sky,hybrid,8,7,33,0.983900139858396,167.990478599328,167.990478599328,0,0,799.849041444677,0,0,0
stress,100,stress_clear_sky,hybrid,9,8,18,0.987803185717168,231.081170903949,231.081170903949,0,0,493.438118610737,0,0,0
stress,100,stress_clear_sky,hybrid,9,8,25,0.994418843306309,259.966317266943,259.966317266943,0,0,555.11788343708,0,0,0
stress,100,stress_clear_sky,hybrid,9,8,30,1.00391862821564,288.851463629936,288.851463629936,0,0,616.797648263422,0,0,0
stress,100,stress_clear_sky,hybrid,9,8,31,1.0076599743681,288.851463629936,288.851463629936,0,0,616.797648263422,0,0,0
stress,100,stress_clear_sky,hybrid,9,8,32,1.00849751347879,317.73660999293,317.73660999293,0,0,678.477413089764,0,0,0
stress,100,stress_clear_sky,hybrid,9,8,33,1.00909255474756,346.621756355924,346.621756355924,0,0,740.157177916106,0,0,0
stress,100,stress_clear_sky,hybrid,10,9,18,1.00198190139717,338.322636922839,338.322636922839,0,0,427.103591403797,0,0,0
stress,100,stress_clear_sky,hybrid,10,9,25,0.99860971227015,380.612966538193,380.612966538193,0,0,480.491540329272,0,0,0
stress,100,stress_clear_sky,hybrid,10,9,30,1.0183256786374,422.903296153548,422.903296153548,0,-0.313656869026654,533.879489254746,0,0,0
stress,100,stress_clear_sky,hybrid,10,9,31,1.02346603895845,422.903296153548,422.903296153548,0,-46.3983560555315,533.879489254746,1,0,0
stress,100,stress_clear_sky,hybrid,10,9,32,1.0245449887047,465.193625768903,465.167272497024,0.0263532718786097,-66.5651194530328,587.288312501157,1,0,0
stress,100,stress_clear_sky,hybrid,10,9,33,1.02519721755024,507.483955384258,507.39640904363,0.0875463406278636,-82.9024344410602,640.724725673693,1,0,0
stress,100,stress_clear_sky,hybrid,11,10,18,1.01795248110619,495.333333333333,495.333333333333,0,-0.0502926508044991,226.990249423479,0,0,0
stress,100,stress_clear_sky,hybrid,11,10,25,1.00354051484779,557.25,557.25,0,0,255.364030601414,0,0,0
stress,100,stress_clear_sky,hybrid,11,10,30,1.02943621411723,619.166666666666,618.843230846509,0.323435820157904,-66.9613626373896,284.442547063373,1,0,0
stress,100,stress_clear_sky,hybrid,11,10,31,1.03505766876567,619.166666666666,562.723550937762,56.4431157289045,-144.230470814615,383.688300791724,1,1,1
stress,100,stress_clear_sky,hybrid,11,10,32,1.03615218591933,681.083333333333,605.591554696203,75.4917786371301,-177.86894337849,441.074848844743,1,1,1
stress,100,stress_clear_sky,hybrid,11,10,33,1.03670745881136,743,653.203147294186,89.7968527058143,-204.907326098791,491.227990209201,1,1,1
stress,100,stress_clear_sky,hybrid,12,11,18,1.01843968828223,495.333333333333,495.333333333333,0,-0.0554014825456508,226.990249423479,0,0,0
stress,100,stress_clear_sky,hybrid,12,11,25,1.0037162532352,557.25,557.25,0,0,255.364030601414,0,0,0
stress,100,stress_clear_sky,hybrid,12,11,30,1.02961828251199,619.166666666666,618.830220687057,0.336445979609058,-68.257088138891,284.470850719107,1,0,0
stress,100,stress_clear_sky,hybrid,12,11,31,1.03519753807976,619.166666666666,561.167549669868,57.9991169967986,-146.436752019845,385.960474844201,1,1,1
stress,100,stress_clear_sky,hybrid,12,11,32,1.03628160959321,681.083333333333,604.004912299714,77.0784210336189,-180.17051017037,443.245100729373,1,1,1
stress,100,stress_clear_sky,hybrid,12,11,33,1.0368277672627,743,651.591796223229,91.4082037767706,-207.275225083828,493.363376320725,1,1,1
stress,100,stress_clear_sky,hybrid,13,12,18,1.01875408149871,495.333333333333,495.333333333333,0,-0.0586978298594574,226.990249423479,0,0,0
stress,100,stress_clear_sky,hybrid,13,12,25,1.00382969349392,557.25,557.25,0,0,255.364030601414,0,0,0
stress,100,stress_clear_sky,hybrid,13,12,30,1.02973575148707,619.166666666666,618.821817503977,0.344849162689162,-69.0931376725909,284.489130065664,1,0,0
stress,100,stress_clear_sky,hybrid,13,12,31,1.03528774985378,619.166666666666,560.163967315363,59.0026993513032,-147.864188059342,387.415586503637,1,1,1
stress,100,stress_clear_sky,hybrid,13,12,32,1.03636507536763,681.083333333333,602.981666480553,78.1016668527802,-181.658670391904,444.636102100485,1,1,1
stress,100,stress_clear_sky,hybrid,13,12,33,1.03690534660208,743,650.552714615587,92.4472853844127,-208.805670304988,494.732711174721,1,1,1
stress,100,stress_clear_sky,hybrid,14,13,18,1.01875408149871,495.333333333333,495.333333333333,0,-0.0586978298594574,226.990249423479,0,0,0
stress,100,stress_clear_sky,hybrid,14,13,25,1.00382969349392,557.25,557.25,0,0,255.364030601414,0,0,0
stress,100,stress_clear_sky,hybrid,14,13,30,1.02973575148707,619.166666666666,618.821817503977,0.344849162689162,-69.0931376725909,284.489130065664,1,0,0
stress,100,stress_clear_sky,hybrid,14,13,31,1.03528774985378,619.166666666666,560.163967315363,59.0026993513032,-147.864188059342,387.415586503637,1,1,1
stress,100,stress_clear_sky,hybrid,14,13,32,1.03636507536763,681.083333333333,602.981666480553,78.1016668527802,-181.658670391904,444.636102100485,1,1,1
stress,100,stress_clear_sky,hybrid,14,13,33,1.03690534660208,743,650.552714615587,92.4472853844127,-208.805670304988,494.732711174721,1,1,1
stress,100,stress_clear_sky,hybrid,15,14,18,1.01843968828223,495.333333333333,495.333333333333,0,-0.0554014825456508,226.990249423479,0,0,0
stress,100,stress_clear_sky,hybrid,15,14,25,1.0037162532352,557.25,557.25,0,0,255.364030601414,0,0,0
stress,100,stress_clear_sky,hybrid,15,14,30,1.02961828251199,619.166666666666,618.830220687057,0.336445979609058,-68.257088138891,284.470850719107,1,0,0
stress,100,stress_clear_sky,hybrid,15,14,31,1.03519753807976,619.166666666666,561.167549669868,57.9991169967986,-146.436752019845,385.960474844201,1,1,1
stress,100,stress_clear_sky,hybrid,15,14,32,1.03628160959321,681.083333333333,604.004912299714,77.0784210336189,-180.17051017037,443.245100729373,1,1,1
stress,100,stress_clear_sky,hybrid,15,14,33,1.0368277672627,743,651.591796223229,91.4082037767706,-207.275225083828,493.363376320725,1,1,1
stress,100,stress_clear_sky,hybrid,16,15,18,1.0025092559024,338.322636922839,338.322636922839,0,0,427.103591403797,0,0,0
stress,100,stress_clear_sky,hybrid,16,15,25,0.99879506048437,380.612966538193,380.612966538193,0,0,480.491540329272,0,0,0
stress,100,stress_clear_sky,hybrid,16,15,30,1.01859548344001,422.903296153548,422.903296153548,0,-0.395522667611928,533.879489254746,0,0,0
stress,100,stress_clear_sky,hybrid,16,15,31,1.02370226515969,422.903296153548,422.903296153548,0,-49.4969270918613,533.879489254746,1,0,0
stress,100,stress_clear_sky,hybrid,16,15,32,1.02477178453085,465.193625768903,465.136493420217,0.057132348686012,-69.8504475478909,587.312690048088,1,0,0
stress,100,stress_clear_sky,hybrid,16,15,33,1.02541448523903,507.483955384258,507.362747142962,0.121208241295363,-86.3434312106176,640.751381435535,1,0,0
stress,100,stress_clear_sky,hybrid,17,16,18,0.988270573326573,231.081170903949,231.081170903949,0,0,493.438118610737,0,0,0
stress,100,stress_clear_sky,hybrid,17,16,25,0.994572466453968,259.966317266943,259.966317266943,0,0,555.11788343708,0,0,0
stress,100,stress_clear_sky,hybrid,17,16,30,1.00429341641328,288.851463629936,288.851463629936,0,0,616.797648263422,0,0,0
stress,100,stress_clear_sky,hybrid,17,16,31,1.00805290273615,288.851463629936,288.851463629936,0,0,616.797648263422,0,0,0
stress,100,stress_clear_sky,hybrid,17,16,32,1.0088944287435,317.73660999293,317.73660999293,0,0,678.477413089764,0,0,0
stress,100,stress_clear_sky,hybrid,17,16,33,1.00949057252527,346.621756355924,346.621756355924,0,0,740.157177916106,0,0,0
stress,100,stress_clear_sky,hybrid,18,17,18,0.974471000718559,111.993652399552,111.993652399552,0,73.3961473454923,533.232694296451,1,0,0
stress,100,stress_clear_sky,hybrid,18,17,25,0.989442337451491,125.992858949496,125.992858949496,0,0,599.886781083508,0,0,0
stress,100,stress_clear_sky,hybrid,18,17,30,0.982896024090122,139.99206549944,139.99206549944,0,0,666.540867870564,0,0,0
stress,100,stress_clear_sky,hybrid,18,17,31,0.983711744455327,139.99206549944,139.99206549944,0,0,666.540867870564,0,0,0
stress,100,stress_clear_sky,hybrid,18,17,32,0.983897725164562,153.991272049384,153.991272049384,0,0,733.194954657621,0,0,0
stress,100,stress_clear_sky,hybrid,18,17,33,0.984122140373279,167.990478599328,167.990478599328,0,0,799.849041444677,0,0,0
stress,100,stress_clear_sky,hybrid,19,18,18,0.967271367347112,1.55492516261972e-15,1.55492516261972e-15,0,173.29996281458,544.866666666667,1,0,0
stress,100,stress_clear_sky,hybrid,19,18,25,0.985491119351176,1.74929080794718e-15,1.74929080794718e-15,0,0,612.975,0,0,0
stress,100,stress_clear_sky,hybrid,19,18,30,0.973088279160904,1.94365645327465e-15,1.94365645327465e-15,0,117.353947058401,681.083333333333,1,0,0
stress,100,stress_clear_sky,hybrid,19,18,31,0.973277678857935,1.94365645327465e-15,1.94365645327465e-15,0,114.43911077762,681.083333333333,1,0,0
stress,100,stress_clear_sky,hybrid,19,18,32,0.973407786492984,2.13802209860211e-15,2.13802209860211e-15,0,123.549917511574,749.191666666667,1,0,0
stress,100,stress_clear_sky,hybrid,19,18,33,0.973704633068845,2.33238774392958e-15,2.33238774392958e-15,0,128.872831995745,817.3,1,0,0
stress,100,stress_clear_sky,hybrid,20,19,18,0.967213220631874,0,0,0,174.091720695895,544.866666666667,1,0,0
stress,100,stress_clear_sky,hybrid,20,19,25,0.985454525313981,0,0,0,0,612.975,0,0,0
stress,100,stress_clear_sky,hybrid,20,19,30,0.973046284241581,0,0,0,118.065725194146,681.083333333333,1,0,0
stress,100,stress_clear_sky,hybrid,20,19,31,0.973241856732235,0,0,0,115.049069926528,681.083333333333,1,0,0
stress,100,stress_clear_sky,hybrid,20,19,32,0.973373754274,0,0,0,124.188222490158,749.191666666667,1,0,0
stress,100,stress_clear_sky,hybrid,20,19,33,0.973672471034978,0,0,0,129.531789564787,817.3,1,0,0
stress,100,stress_clear_sky,hybrid,21,20,18,0.967190832453844,0,0,0,174.396570524359,544.866666666667,1,0,0
stress,100,stress_clear_sky,hybrid,21,20,25,0.985440435839741,0,0,0,0,612.975,0,0,0
stress,100,stress_clear_sky,hybrid,21,20,30,0.973030114942248,0,0,0,118.339781027655,681.083333333333,1,0,0
stress,100,stress_clear_sky,hybrid,21,20,31,0.973228064323985,0,0,0,115.283919370159,681.083333333333,1,0,0
stress,100,stress_clear_sky,hybrid,21,20,32,0.973360651087148,0,0,0,124.433984621511,749.191666666667,1,0,0
stress,100,stress_clear_sky,hybrid,21,20,33,0.973660087954166,0,0,0,129.785502568878,817.3,1,0,0
stress,100,stress_clear_sky,hybrid,22,21,18,0.967183713758392,0,0,0,174.493502622794,544.866666666667,1,0,0
stress,100,stress_clear_sky,hybrid,22,21,25,0.985435955890302,0,0,0,0,612.975,0,0,0
stress,100,stress_clear_sky,hybrid,22,21,30,0.973024973639401,0,0,0,118.426921722983,681.083333333333,1,0,0
stress,100,stress_clear_sky,hybrid,22,21,31,0.973223678815044,0,0,0,115.358593375406,681.083333333333,1,0,0
stress,100,stress_clear_sky,hybrid,22,21,32,0.973356484734104,0,0,0,124.512128348889,749.191666666667,1,0,0
stress,100,stress_clear_sky,hybrid,22,21,33,0.973656150574408,0,0,0,129.866174295469,817.3,1,0,0
stress,100,stress_clear_sky,hybrid,23,22,18,0.967181835389742,0,0,0,174.519079530234,544.866666666667,1,0,0
stress,100,stress_clear_sky,hybrid,23,22,25,0.985434773794942,0,0,0,0,612.975,0,0,0
stress,100,stress_clear_sky,hybrid,23,22,30,0.973023617033496,0,0,0,118.449915035008,681.083333333333,1,0,0
stress,100,stress_clear_sky,hybrid,23,22,31,0.973222521637811,0,0,0,115.378297145419,681.083333333333,1,0,0
stress,100,stress_clear_sky,hybrid,23,22,32,0.973355385384777,0,0,0,124.53274764223,749.191666666667,1,0,0
stress,100,stress_clear_sky,hybrid,23,22,33,0.973655111643211,0,0,0,129.887460628071,817.3,1,0,0
stress,100,stress_clear_sky,hybrid,24,23,18,0.967181422733331,0,0,0,174.524698488372,544.866666666667,1,0,0
stress,100,stress_clear_sky,hybrid,24,23,25,0.985434514102076,0,0,0,0,612.975,0,0,0
stress,100,stress_clear_sky,hybrid,24,23,30,0.97302331900246,0,0,0,118.454966406646,681.083333333333,1,0,0
stress,100,stress_clear_sky,hybrid,24,23,31,0.973222267419102,0,0,0,115.38262584014,681.083333333333,1,0,0
stress,100,stress_clear_sky,hybrid,24,23,32,0.973355143870235,0,0,0,124.537277466429,749.191666666667,1,0,0
stress,100,stress_clear_sky,hybrid,24,23,33,0.973654883401867,0,0,0,129.892136992762,817.3,1,0,0
stress,100,stress_clear_sky,hybrid_pso,1,0,18,0.981982847603081,0,0,0,327.246763563354,544.866666666667,1,0,0
stress,100,stress_clear_sky,hybrid_pso,1,0,25,0.989446151057039,0,0,0,215.352477052573,612.975,1,0,0
stress,100,stress_clear_sky,hybrid_pso,1,0,30,0.986837005649745,0,0,0,298.55775635559,681.083333333333,1,0,0
stress,100,stress_clear_sky,hybrid_pso,1,0,31,0.989302767596555,0,0,0,242.866188298297,681.083333333333,1,0,0
stress,100,stress_clear_sky,hybrid_pso,1,0,32,0.989999747337051,0,0,0,249.812473345036,749.191666666667,1,0,0
stress,100,stress_clear_sky,hybrid_pso,1,0,33,0.9907063988894,0,0,0,253.337951060911,817.3,1,0,0
stress,100,stress_clear_sky,hybrid_pso,2,1,18,0.981982857461502,0,0,0,327.246584506183,544.866666666667,1,0,0
stress,100,stress_clear_sky,hybrid_pso,2,1,25,0.989446156783718,0,0,0,215.352360176253,612.975,1,0,0
stress,100,stress_clear_sky,hybrid_pso,2,1,30,0.986837012864403,0,0,0,298.557592753451,681.083333333333,1,0,0
stress,100,stress_clear_sky,hybrid_pso,2,1,31,0.989302773437245,0,0,0,242.866055690321,681.083333333333,1,0,0
stress,100,stress_clear_sky,hybrid_pso,2,1,32,0.989999752789118,0,0,0,249.812337137165,749.191666666667,1,0,0
stress,100,stress_clear_sky,hybrid_pso,2,1,33,0.990706403951297,0,0,0,253.33781305931,817.3,1,0,0
stress,100,stress_clear_sky,hybrid_pso,3,2,18,0.981982921788622,0,0,0,327.245416141298,544.866666666667,1,0,0
stress,100,stress_clear_sky,hybrid_pso,3,2,25,0.989446194150837,0,0,0,215.351597547248,612.975,1,0,0
stress,100,stress_clear_sky,hybrid_pso,3,2,30,0.98683705994072,0,0,0,298.556525234108,681.083333333333,1,0,0
stress,100,stress_clear_sky,hybrid_pso,3,2,31,0.989302811548293,0,0,0,242.865190410796,681.083333333333,1,0,0
stress,100,stress_clear_sky,hybrid_pso,3,2,32,0.989999788364369,0,0,0,249.811448367975,749.191666666667,1,0,0
stress,100,stress_clear_sky,hybrid_pso,3,2,33,0.990706436980655,0,0,0,253.336912585858,817.3,1,0,0
stress,100,stress_clear_sky,hybrid_pso,4,3,18,0.981983272662546,0,0,0,327.239043265119,544.866666666667,1,0,0
stress,100,stress_clear_sky,hybrid_pso,4,3,25,0.989446397970792,0,0,0,215.347437766963,612.975,1,0,0
stress,100,stress_clear_sky,hybrid_pso,4,3,30,0.986837316719689,0,0,0,298.550702422732,681.083333333333,1,0,0
stress,100,stress_clear_sky,hybrid_pso,4,3,31,0.989303019425994,0,0,0,242.860470721221,681.083333333333,1,0,0
stress,100,stress_clear_sky,hybrid_pso,4,3,32,0.989999982410505,0,0,0,249.806600553252,749.191666666667,1,0,0
stress,100,stress_clear_sky,hybrid_pso,4,3,33,0.99070661714015,0,0,0,253.332000929818,817.3,1,0,0
stress,100,stress_clear_sky,hybrid_pso,5,4,18,0.981984869803462,0,0,0,327.210034608196,544.866666666667,1,0,0
stress,100,stress_clear_sky,hybrid_pso,5,4,25,0.98944732573851,0,0,0,215.328502869901,612.975,1,0,0
stress,100,stress_clear_sky,hybrid_pso,5,4,30,0.986838485550129,0,0,0,298.524197607312,681.083333333333,1,0,0
stress,100,stress_clear_sky,hybrid_pso,5,4,31,0.98930396566348,0,0,0,242.838987189361,681.083333333333,1,0,0
stress,100,stress_clear_sky,hybrid_pso,5,4,32,0.990000865688305,0,0,0,249.784533805579,749.191666666667,1,0,0
stress,100,stress_clear_sky,hybrid_pso,5,4,33,0.990707437207496,0,0,0,253.309643580767,817.3,1,0,0
stress,100,stress_clear_sky,hybrid_pso,6,5,18,0.981990922688824,0,0,0,327.100096860545,544.866666666667,1,0,0
stress,100,stress_clear_sky,hybrid_pso,6,5,25,0.98945084182947,0,0,0,215.256742645018,612.975,1,0,0
stress,100,stress_clear_sky,hybrid_pso,6,5,30,0.986842915210373,0,0,0,298.423749053652,681.083333333333,1,0,0
stress,100,stress_clear_sky,hybrid_pso,6,5,31,0.989307551741823,0,0,0,242.757568275948,681.083333333333,1,0,0
stress,100,stress_clear_sky,hybrid_pso,6,5,32,0.990004213162328,0,0,0,249.700904550661,749.191666666667,1,0,0
stress,100,stress_clear_sky,hybrid_pso,6,5,33,0.990710545125834,0,0,0,253.224912960499,817.3,1,0,0
stress,100,stress_clear_sky,hybrid_pso,7,6,18,0.982009958858925,0,0,0,326.75434544754,544.866666666667,1,0,0
stress,100,stress_clear_sky,hybrid_pso,7,6,25,0.989461899982106,0,0,0,215.031055791144,612.975,1,0,0
stress,100,stress_clear_sky,hybrid_pso,7,6,30,0.986856846346296,0,0,0,298.107841652479,681.083333333333,1,0,0
stress,100,stress_clear_sky,hybrid_pso,7,6,31,0.989318829901711,0,0,0,242.501507079368,681.083333333333,1,0,0
stress,100,stress_clear_sky,hybrid_pso,7,6,32,0.990014740937417,0,0,0,249.437891315614,749.191666666667,1,0,0
stress,100,stress_clear_sky,hybrid_pso,7,6,33,0.990720319513732,0,0,0,252.958435579576,817.3,1,0,0
stress,100,stress_clear_sky,hybrid_pso,8,7,18,0.987605709694437,111.993652399552,111.993652399552,0,220.315770737545,533.232694296451,1,0,0
stress,100,stress_clear_sky,hybrid_pso,8,7,25,0.99237819032114,125.992858949496,125.992858949496,0,152.103817142177,599.886781083508,1,0,0
stress,100,stress_clear_sky,hybrid_pso,8,7,30,0.99348264790417,139.99206549944,139.99206549944,0,144.55116449612,666.540867870564,1,0,0
stress,100,stress_clear_sky,hybrid_pso,8,7,31,0.995858393425069,139.99206549944,139.99206549944,0,92.0400474079667,666.540867870564,1,0,0
stress,100,stress_clear_sky,hybrid_pso,8,7,32,0.996424265167563,153.991272049384,153.991272049384,0,87.463448614211,733.194954657621,1,0,0
stress,100,stress_clear_sky,hybrid_pso,8,7,33,0.996918136833321,167.990478599328,167.990478599328,0,82.2857804146813,799.849041444677,1,0,0
stress,100,stress_clear_sky,hybrid_pso,9,8,18,0.994148636343673,231.081170903949,231.081170903949,0,96.2429674301203,493.438118610737,1,0,0
stress,100,stress_clear_sky,hybrid_pso,9,8,25,0.99563281517073,259.966317266943,259.966317266943,0,80.4786258182596,555.11788343708,1,0,0
stress,100,stress_clear_sky,hybrid_pso,9,8,30,1.00491310241964,288.851463629936,288.851463629936,0,0,616.797648263422,0,0,0
stress,100,stress_clear_sky,hybrid_pso,9,8,31,1.00864594525263,288.851463629936,288.851463629936,0,0,616.797648263422,0,0,0
stress,100,stress_clear_sky,hybrid_pso,9,8,32,1.00948110347648,317.73660999293,317.73660999293,0,0,678.477413089764,0,0,0
stress,100,stress_clear_sky,hybrid_pso,9,8,33,1.01007383988318,346.621756355924,345.800073807474,0.821682548449816,0,740.541422848679,0,1,0
stress,100,stress_clear_sky,hybrid_pso,10,9,18,0.999336958540459,338.322636922839,338.322636922839,0,9.44758414659997,427.103591403797,1,0,0
stress,100,stress_clear_sky,hybrid_pso,10,9,25,0.998134160463944,380.612966538193,380.612966538193,0,29.8363960700513,480.491540329272,1,0,0
stress,100,stress_clear_sky,hybrid_pso,10,9,30,1.01062501481996,422.903296153548,414.08546991311,8.81782624043807,-0.353253092157598,540.74738145578,0,1,0
stress,100,stress_clear_sky,hybrid_pso,10,9,31,1.01416664412117,422.903296153548,364.320473437161,58.5828227163871,-55.5315168811943,575.452082782717,1,1,1
stress,100,stress_clear_sky,hybrid_pso,10,9,32,1.01484162364902,465.193625768903,390.295267223312,74.898358545591,-86.287864700427,639.498051432419,1,1,1
stress,100,stress_clear_sky,hybrid_pso,10,9,33,1.01522733118633,507.483955384258,419.251926995089,88.2320283891691,-110.078104976108,701.574737081449,1,1,1
stress,100,stress_clear_sky,hybrid_pso,11,10,18,1.01092404371836,495.333333333333,480.405457295254,14.9278760380797,-0.359782138201552,257.080300772702,0,1,0
stress,100,stress_clear_sky,hybrid_pso,11,10,25,1.00189884995609,557.25,557.25,0,0,255.364030601414,0,0,0
stress,100,stress_clear_sky,hybrid_pso,11,10,30,1.01494386110336,619.166666666666,517.168076053776,101.998590612891,-62.6106353800369,443.183582790789,1,1,1
stress,100,stress_clear_sky,hybrid_pso,11,10,31,1.01812660851731,619.166666666666,451.574469199161,167.592197467505,-164.416995329135,509.857828920906,1,1,1
stress,100,stress_clear_sky,hybrid_pso,11,10,32,1.01865894417716,681.083333333333,484.646647133641,196.436686199693,-201.601231225596,571.319333494761,1,1,1
stress,100,stress_clear_sky,hybrid_pso,11,10,33,1.01887450007322,743,523.361143299767,219.638856700233,-229.251408779649,627.751864739533,1,1,1
stress,100,stress_clear_sky,hybrid_pso,12,11,18,1.0111408304338,495.333333333333,476.844240314315,18.4890930190188,-0.379510474608564,263.627113407382,0,1,0
stress,100,stress_clear_sky,hybrid_pso,12,11,25,1.00205851398271,557.25,557.25,0,0,255.364030601414,0,0,0
stress,100,stress_clear_sky,hybrid_pso,12,11,30,1.01503847274242,619.166666666666,515.219134343821,103.947532322846,-65.3426966917441,445.447809008472,1,1,1
stress,100,stress_clear_sky,hybrid_pso,12,11,31,1.01818851131545,619.166666666666,450.300762439005,168.865904227661,-166.59030806521,510.983101766873,1,1,1
stress,100,stress_clear_sky,hybrid_pso,12,11,32,1.01871298554901,681.083333333333,483.424434942875,197.658898390458,-203.736665958844,572.353884500612,1,1,1
stress,100,stress_clear_sky,hybrid_pso,12,11,33,1.01892134820316,743,522.206503673071,220.793496326929,-231.288236279476,628.712698711857,1,1,1
stress,100,stress_clear_sky,hybrid_pso,13,12,18,1.01128077159881,495.333333333333,474.54539882701,20.7879345063235,-0.392298332493072,267.7430650765,0,1,0
stress,100,stress_clear_sky,hybrid_pso,13,12,25,1.0021615861452,557.25,557.25,0,0,255.364030601414,0,0,0
stress,100,stress_clear_sky,hybrid_pso,13,12,30,1.01509948191248,619.166666666666,513.962305752423,105.204360914244,-67.1155233483977,446.897365409663,1,1,1
stress,100,stress_clear_sky,hybrid_pso,13,12,31,1.0182284209743,619.166666666666,449.479778776697,169.686887889969,-167.994672185627,511.705418590908,1,1,1
stress,100,stress_clear_sky,hybrid_pso,13,12,32,1.01874782475986,681.083333333333,482.63668563087,198.446647702463,-205.115873056429,573.01830955566,1,1,1
stress,100,stress_clear_sky,hybrid_pso,13,12,33,1.01895154676164,743,521.462409996825,221.537590003175,-232.603240793985,629.329996869928,1,1,1
stress,100,stress_clear_sky,hybrid_pso,14,13,18,1.01128077159881,495.333333333333,474.54539882701,20.7879345063235,-0.392298332493072,267.7430650765,0,1,0
stress,100,stress_clear_sky,hybrid_pso,14,13,25,1.0021615861452,557.25,557.25,0,0,255.364030601414,0,0,0
stress,100,stress_clear_sky,hybrid_pso,14,13,30,1.01509948191248,619.166666666666,513.962305752423,105.204360914244,-67.1155233483977,446.897365409663,1,1,1
stress,100,stress_clear_sky,hybrid_pso,14,13,31,1.0182284209743,619.166666666666,449.479778776697,169.686887889969,-167.994672185627,511.705418590908,1,1,1
stress,100,stress_clear_sky,hybrid_pso,14,13,32,1.01874782475986,681.083333333333,482.63668563087,198.446647702463,-205.115873056429,573.01830955566,1,1,1
stress,100,stress_clear_sky,hybrid_pso,14,13,33,1.01895154676164,743,521.462409996825,221.537590003175,-232.603240793985,629.329996869928,1,1,1
stress,100,stress_clear_sky,hybrid_pso,15,14,18,1.0111408304338,495.333333333333,476.844240314315,18.4890930190188,-0.379510474608564,263.627113407382,0,1,0
stress,100,stress_clear_sky,hybrid_pso,15,14,25,1.00205851398271,557.25,557.25,0,0,255.364030601414,0,0,0
stress,100,stress_clear_sky,hybrid_pso,15,14,30,1.01503847274242,619.166666666666,515.219134343821,103.947532322846,-65.3426966917441,445.447809008472,1,1,1
stress,100,stress_clear_sky,hybrid_pso,15,14,31,1.01818851131545,619.166666666666,450.300762439005,168.865904227661,-166.59030806521,510.983101766873,1,1,1
stress,100,stress_clear_sky,hybrid_pso,15,14,32,1.01871298554901,681.083333333333,483.424434942875,197.658898390458,-203.736665958844,572.353884500612,1,1,1
stress,100,stress_clear_sky,hybrid_pso,15,14,33,1.01892134820316,743,522.206503673071,220.793496326929,-231.288236279476,628.712698711857,1,1,1
stress,100,stress_clear_sky,hybrid_pso,16,15,18,0.999586858540315,338.322636922839,338.322636922839,0,5.89019581358051,427.103591403797,1,0,0
stress,100,stress_clear_sky,hybrid_pso,16,15,25,0.998271396032517,380.612966538193,380.612966538193,0,27.6410071769516,480.491540329272,1,0,0
stress,100,stress_clear_sky,hybrid_pso,16,15,30,1.01075187737292,422.903296153548,412.307050005032,10.5962461485158,-0.371733743855567,542.104605644143,0,1,0
stress,100,stress_clear_sky,hybrid_pso,16,15,31,1.01425027945056,422.903296153548,363.140521500022,59.7627746535261,-58.3519273103553,576.197421539819,1,1,1
stress,100,stress_clear_sky,hybrid_pso,16,15,32,1.01491474487036,465.193625768903,389.157795358481,76.0358304104224,-89.0445305392767,640.190880686772,1,1,1
stress,100,stress_clear_sky,hybrid_pso,16,15,33,1.01529128897161,507.483955384258,418.164162282886,89.3197931013724,-112.738124230043,702.22362775846,1,1,1
stress,100,stress_clear_sky,hybrid_pso,17,16,18,0.994355127993909,231.081170903949,231.081170903949,0,92.8420661942023,493.438118610737,1,0,0
stress,100,stress_clear_sky,hybrid_pso,17,16,25,0.995743506340846,259.966317266943,259.966317266943,0,78.4330664560363,555.11788343708,1,0,0
stress,100,stress_clear_sky,hybrid_pso,17,16,30,1.0051683650424,288.851463629936,288.851463629936,0,0,616.797648263422,0,0,0
stress,100,stress_clear_sky,hybrid_pso,17,16,31,1.00890269773251,288.851463629936,288.851463629936,0,0,616.797648263422,0,0,0
stress,100,stress_clear_sky,hybrid_pso,17,16,32,1.00973646036938,317.73660999293,317.73660999293,0,0,678.477413089764,0,0,0
stress,100,stress_clear_sky,hybrid_pso,17,16,33,1.0103243311965,346.621756355924,342.920248667069,3.7015076888552,0,741.879365567014,0,1,0
stress,100,stress_clear_sky,hybrid_pso,18,17,18,0.987709171895027,111.993652399552,111.993652399552,0,218.476712785474,533.232694296451,1,0,0
stress,100,stress_clear_sky,hybrid_pso,18,17,25,0.992438303155577,125.992858949496,125.992858949496,0,150.903991871231,599.886781083508,1,0,0
stress,100,stress_clear_sky,hybrid_pso,18,17,30,0.993556997319359,139.99206549944,139.99206549944,0,142.901083799629,666.540867870564,1,0,0
stress,100,stress_clear_sky,hybrid_pso,18,17,31,0.995919091000284,139.99206549944,139.99206549944,0,90.6913842700389,666.540867870564,1,0,0
stress,100,stress_clear_sky,hybrid_pso,18,17,32,0.996481118378955,153.991272049384,153.991272049384,0,86.0734502940565,733.194954657621,1,0,0
stress,100,stress_clear_sky,hybrid_pso,18,17,33,0.996971063062355,167.990478599328,167.990478599328,0,80.873710355039,799.849041444677,1,0,0
stress,100,stress_clear_sky,hybrid_pso,19,18,18,0.982059399342468,1.55492516261972e-15,1.55492516261972e-15,0,325.85636455135,544.866666666667,1,0,0
stress,100,stress_clear_sky,hybrid_pso,19,18,25,0.98949062103207,1.74929080794718e-15,1.74929080794718e-15,0,214.44488526845,612.975,1,0,0
stress,100,stress_clear_sky,hybrid_pso,19,18,30,0.986893027873188,1.94365645327465e-15,1.94365645327465e-15,0,297.287376456883,681.083333333333,1,0,0
stress,100,stress_clear_sky,hybrid_pso,19,18,31,0.989348121633783,1.94365645327465e-15,1.94365645327465e-15,0,241.836462801628,681.083333333333,1,0,0
stress,100,stress_clear_sky,hybrid_pso,19,18,32,0.990042083919872,2.13802209860211e-15,2.13802209860211e-15,0,248.754787251715,749.191666666667,1,0,0
stress,100,stress_clear_sky,hybrid_pso,19,18,33,0.990745705875296,2.33238774392958e-15,2.33238774392958e-15,0,252.266331789769,817.3,1,0,0
stress,100,stress_clear_sky,hybrid_pso,20,19,18,0.982009958858925,0,0,0,326.75434544754,544.866666666667,1,0,0
stress,100,stress_clear_sky,hybrid_pso,20,19,25,0.989461899982106,0,0,0,215.031055791144,612.975,1,0,0
stress,100,stress_clear_sky,hybrid_pso,20,19,30,0.986856846346296,0,0,0,298.107841652479,681.083333333333,1,0,0
stress,100,stress_clear_sky,hybrid_pso,20,19,31,0.989318829901711,0,0,0,242.501507079368,681.083333333333,1,0,0
stress,100,stress_clear_sky,hybrid_pso,20,19,32,0.990014740937417,0,0,0,249.437891315614,749.191666666667,1,0,0
stress,100,stress_clear_sky,hybrid_pso,20,19,33,0.990720319513732,0,0,0,252.958435579576,817.3,1,0,0
stress,100,stress_clear_sky,hybrid_pso,21,20,18,0.981990922688824,0,0,0,327.100096860545,544.866666666667,1,0,0
stress,100,stress_clear_sky,hybrid_pso,21,20,25,0.98945084182947,0,0,0,215.256742645018,612.975,1,0,0
stress,100,stress_clear_sky,hybrid_pso,21,20,30,0.986842915210373,0,0,0,298.423749053652,681.083333333333,1,0,0
stress,100,stress_clear_sky,hybrid_pso,21,20,31,0.989307551741823,0,0,0,242.757568275948,681.083333333333,1,0,0
stress,100,stress_clear_sky,hybrid_pso,21,20,32,0.990004213162328,0,0,0,249.700904550661,749.191666666667,1,0,0
stress,100,stress_clear_sky,hybrid_pso,21,20,33,0.990710545125834,0,0,0,253.224912960499,817.3,1,0,0
stress,100,stress_clear_sky,hybrid_pso,22,21,18,0.981984869803462,0,0,0,327.210034608196,544.866666666667,1,0,0
stress,100,stress_clear_sky,hybrid_pso,22,21,25,0.98944732573851,0,0,0,215.328502869901,612.975,1,0,0
stress,100,stress_clear_sky,hybrid_pso,22,21,30,0.986838485550129,0,0,0,298.524197607312,681.083333333333,1,0,0
stress,100,stress_clear_sky,hybrid_pso,22,21,31,0.98930396566348,0,0,0,242.838987189361,681.083333333333,1,0,0
stress,100,stress_clear_sky,hybrid_pso,22,21,32,0.990000865688305,0,0,0,249.784533805579,749.191666666667,1,0,0
stress,100,stress_clear_sky,hybrid_pso,22,21,33,0.990707437207496,0,0,0,253.309643580767,817.3,1,0,0
stress,100,stress_clear_sky,hybrid_pso,23,22,18,0.981983272662546,0,0,0,327.239043265119,544.866666666667,1,0,0
stress,100,stress_clear_sky,hybrid_pso,23,22,25,0.989446397970792,0,0,0,215.347437766963,612.975,1,0,0
stress,100,stress_clear_sky,hybrid_pso,23,22,30,0.986837316719689,0,0,0,298.550702422732,681.083333333333,1,0,0
stress,100,stress_clear_sky,hybrid_pso,23,22,31,0.989303019425994,0,0,0,242.860470721221,681.083333333333,1,0,0
stress,100,stress_clear_sky,hybrid_pso,23,22,32,0.989999982410505,0,0,0,249.806600553252,749.191666666667,1,0,0
stress,100,stress_clear_sky,hybrid_pso,23,22,33,0.99070661714015,0,0,0,253.332000929818,817.3,1,0,0
stress,100,stress_clear_sky,hybrid_pso,24,23,18,0.981982921788622,0,0,0,327.245416141298,544.866666666667,1,0,0
stress,100,stress_clear_sky,hybrid_pso,24,23,25,0.989446194150837,0,0,0,215.351597547248,612.975,1,0,0
stress,100,stress_clear_sky,hybrid_pso,24,23,30,0.98683705994072,0,0,0,298.556525234108,681.083333333333,1,0,0
stress,100,stress_clear_sky,hybrid_pso,24,23,31,0.989302811548293,0,0,0,242.865190410796,681.083333333333,1,0,0
stress,100,stress_clear_sky,hybrid_pso,24,23,32,0.989999788364369,0,0,0,249.811448367975,749.191666666667,1,0,0
stress,100,stress_clear_sky,hybrid_pso,24,23,33,0.990706436980655,0,0,0,253.336912585858,817.3,1,0,0
stress,120,stress_clear_sky,hybrid,1,0,18,0.968391736236044,0,0,0,189.714501303509,653.84,1,0,0
stress,120,stress_clear_sky,hybrid,1,0,25,0.985511927695426,0,0,0,0,735.57,0,0,0
stress,120,stress_clear_sky,hybrid,1,0,30,0.973740646882357,0,0,0,127.51667296369,817.3,1,0,0
stress,120,stress_clear_sky,hybrid,1,0,31,0.974043648356837,0,0,0,121.673111230383,817.3,1,0,0
stress,120,stress_clear_sky,hybrid,1,0,32,0.974201138448605,0,0,0,130.413037036508,899.03,1,0,0
stress,120,stress_clear_sky,hybrid,1,0,33,0.974516924047856,0,0,0,134.698494070784,980.76,1,0,0
stress,120,stress_clear_sky,hybrid,2,1,18,0.968391746717727,0,0,0,189.714329984595,653.84,1,0,0
stress,120,stress_clear_sky,hybrid,2,1,25,0.985511934914989,0,0,0,0,735.57,0,0,0
stress,120,stress_clear_sky,hybrid,2,1,30,0.973740654494256,0,0,0,127.516518161345,817.3,1,0,0
stress,120,stress_clear_sky,hybrid,2,1,31,0.974043654637555,0,0,0,121.672982896156,817.3,1,0,0
stress,120,stress_clear_sky,hybrid,2,1,32,0.974201144350076,0,0,0,130.412904206409,899.03,1,0,0
stress,120,stress_clear_sky,hybrid,2,1,33,0.974516929562627,0,0,0,134.69835847102,980.76,1,0,0
stress,120,stress_clear_sky,hybrid,3,2,18,0.968391815111691,0,0,0,189.713212112572,653.84,1,0,0
stress,120,stress_clear_sky,hybrid,3,2,25,0.985511982023326,0,0,0,0,735.57,0,0,0
stress,120,stress_clear_sky,hybrid,3,2,30,0.973740704162615,0,0,0,127.515508061481,817.3,1,0,0
stress,120,stress_clear_sky,hybrid,3,2,31,0.974043695619835,0,0,0,121.672145503235,817.3,1,0,0
stress,120,stress_clear_sky,hybrid,3,2,32,0.974201182857731,0,0,0,130.4120374775,899.03,1,0,0
stress,120,stress_clear_sky,hybrid,3,2,33,0.974516965547027,0,0,0,134.697473669779,980.76,1,0,0
stress,120,stress_clear_sky,hybrid,4,3,18,0.968392188168329,0,0,0,189.707114650844,653.84,1,0,0
stress,120,stress_clear_sky,hybrid,4,3,25,0.985512238976997,0,0,0,0,735.57,0,0,0
stress,120,stress_clear_sky,hybrid,4,3,30,0.97374097507995,0,0,0,127.509998445928,817.3,1,0,0
stress,120,stress_clear_sky,hybrid,4,3,31,0.974043919158751,0,0,0,121.667577921739,817.3,1,0,0
stress,120,stress_clear_sky,hybrid,4,3,32,0.974201392898746,0,0,0,130.40730988194,899.03,1,0,0
stress,120,stress_clear_sky,hybrid,4,3,33,0.97451716182489,0,0,0,134.6926474981,980.76,1,0,0
stress,120,stress_clear_sky,hybrid,5,4,18,0.968393886282786,0,0,0,189.679359648339,653.84,1,0,0
stress,120,stress_clear_sky,hybrid,5,4,25,0.985513408603737,0,0,0,0,735.57,0,0,0
stress,120,stress_clear_sky,hybrid,5,4,30,0.973742208266919,0,0,0,127.484919260363,817.3,1,0,0
stress,120,stress_clear_sky,hybrid,5,4,31,0.974044936684595,0,0,0,121.64678676698,817.3,1,0,0
stress,120,stress_clear_sky,hybrid,5,4,32,0.974202348983698,0,0,0,130.385790356591,899.03,1,0,0
stress,120,stress_clear_sky,hybrid,5,4,33,0.974518055261491,0,0,0,134.670679262217,980.76,1,0,0
stress,120,stress_clear_sky,hybrid,6,5,18,0.96840032184295,0,0,0,189.574172987688,653.84,1,0,0
stress,120,stress_clear_sky,hybrid,6,5,25,0.985517841297884,0,0,0,0,735.57,0,0,0
stress,120,stress_clear_sky,hybrid,6,5,30,0.97374688182995,0,0,0,127.38987353047,817.3,1,0,0
stress,120,stress_clear_sky,hybrid,6,5,31,0.974048792935776,0,0,0,121.567991800966,817.3,1,0,0
stress,120,stress_clear_sky,hybrid,6,5,32,0.974205972386447,0,0,0,130.304234940613,899.03,1,0,0
stress,120,stress_clear_sky,hybrid,6,5,33,0.974521441238791,0,0,0,134.587423274532,980.76,1,0,0
stress,120,stress_clear_sky,hybrid,7,6,18,0.968420561543413,0,0,0,189.243363163479,653.84,1,0,0
stress,120,stress_clear_sky,hybrid,7,6,25,0.985531782141002,0,0,0,0,735.57,0,0,0
stress,120,stress_clear_sky,hybrid,7,6,30,0.973761580062538,0,0,0,127.09095720607,817.3,1,0,0
stress,120,stress_clear_sky,hybrid,7,6,31,0.974060920807195,0,0,0,121.320182429346,817.3,1,0,0
stress,120,stress_clear_sky,hybrid,7,6,32,0.974217367974335,0,0,0,130.047743482503,899.03,1,0,0
stress,120,stress_clear_sky,hybrid,7,6,33,0.974532090138652,0,0,0,134.32558317925,980.76,1,0,0
stress,120,stress_clear_sky,hybrid,8,7,18,0.976510547487142,134.392382879462,134.392382879462,0,55.6148759059607,639.879233155742,1,0,0
stress,120,stress_clear_sky,hybrid,8,7,25,0.99029585456887,151.191430739395,151.191430739395,0,0,719.864137300209,0,0,0
stress,120,stress_clear_sky,hybrid,8,7,30,0.986690041763525,167.990478599328,167.990478599328,0,0,799.849041444677,0,0,0
stress,120,stress_clear_sky,hybrid,8,7,31,0.988056651342826,167.990478599328,167.990478599328,0,0,799.849041444677,0,0,0
stress,120,stress_clear_sky,hybrid,8,7,32,0.988365243541674,184.789526459261,184.789526459261,0,0,879.833945589145,0,0,0
stress,120,stress_clear_sky,hybrid,8,7,33,0.988660076991634,201.588574319193,201.588574319193,0,0,959.818849733612,0,0,0
stress,120,stress_clear_sky,hybrid,9,8,18,0.994596185472136,277.297405084739,277.297405084739,0,0,592.125742332885,0,0,0
stress,120,stress_clear_sky,hybrid,9,8,25,0.996355372668778,311.959580720331,311.959580720331,0,0,666.141460124496,0,0,0
stress,120,stress_clear_sky,hybrid,9,8,30,1.01200309245626,346.621756355924,346.621756355924,0,0,740.157177916106,0,0,0
stress,120,stress_clear_sky,hybrid,9,8,31,1.0168394243857,346.621756355924,346.621756355924,0,0,740.157177916106,0,0,0
stress,120,stress_clear_sky,hybrid,9,8,32,1.01792117313962,381.283931991516,381.283931991516,0,0,814.172895707717,0,0,0
stress,120,stress_clear_sky,hybrid,9,8,33,1.01865517045681,415.946107627109,415.946107627109,0,0,888.188613499327,0,0,0
stress,120,stress_clear_sky,hybrid,10,9,18,1.00854104455053,405.987164307406,405.987164307406,0,0,512.524309684557,0,0,0
stress,120,stress_clear_sky,hybrid,10,9,25,1.00068002765144,456.735559845832,456.735559845832,0,0,576.589848395126,0,0,0
stress,120,stress_clear_sky,hybrid,10,9,30,1.02257174439708,507.483955384258,507.416742475473,0.0672129087853426,-41.2413567102476,640.708622897788,1,0,0
stress,120,stress_clear_sky,hybrid,10,9,31,1.02776018634343,507.483955384258,507.28535340344,0.19860198081775,-123.996016473336,640.812656103441,1,0,0
stress,120,stress_clear_sky,hybrid,10,9,32,1.02879231370561,558.232350922684,557.953500415357,0.278850507326976,-154.542088798526,704.941722608508,1,0,0
stress,120,stress_clear_sky,hybrid,10,9,33,1.02934082956243,608.980746461109,608.630092234404,0.350654226705365,-179.151363763637,769.064099036446,1,0,0
stress,120,stress_clear_sky,hybrid,11,10,18,1.02408801657823,594.4,594.286623111281,0.113376888718868,-27.7291749441056,272.635572130619,1,0,0
stress,120,stress_clear_sky,hybrid,11,10,25,1.00602263173669,668.7,668.7,0,0,306.436836721697,0,0,0
stress,120,stress_clear_sky,hybrid,11,10,30,1.03225317345278,743,712.638748709388,30.3612512906122,-122.46771345556,400.156599143283,1,1,1
stress,120,stress_clear_sky,hybrid,11,10,31,1.03770277761126,743,639.809572136476,103.190427863524,-224.685541779891,508.549900602232,1,1,1
stress,120,stress_clear_sky,hybrid,11,10,32,1.03870109578064,817.3,689.077467653247,128.222532346753,-269.508498646454,577.431540940213,1,1,1
stress,120,stress_clear_sky,hybrid,11,10,33,1.03912429127284,891.6,744.877489842839,146.722510157161,-304.55123430732,638.002901815839,1,1,1
stress,120,stress_clear_sky,hybrid,12,11,18,1.02441628432045,594.4,594.279071098795,0.120928901204721,-29.9574677868097,272.652033284099,1,0,0
stress,120,stress_clear_sky,hybrid,12,11,25,1.00618911909676,668.7,668.7,0,0,306.436836721697,0,0,0
stress,120,stress_clear_sky,hybrid,12,11,30,1.03238311009546,743,710.89968145167,32.1003185483299,-124.715173899552,403.238059850399,1,1,1
stress,120,stress_clear_sky,hybrid,12,11,31,1.03780033567161,743,638.500428276307,104.499571723693,-226.651198789226,510.192603916377,1,1,1
stress,120,stress_clear_sky,hybrid,12,11,32,1.03879061820868,817.3,687.754586248427,129.545413751573,-271.535048133381,579.006537091124,1,1,1
stress,120,stress_clear_sky,hybrid,12,11,33,1.03920638104169,891.6,743.561522293078,148.038477706921,-306.596463549911,639.536113261166,1,1,1
stress,120,stress_clear_sky,hybrid,13,12,18,1.02462816033407,594.4,594.274198197937,0.125801802063324,-31.3957032150062,272.662654128136,1,0,0
stress,120,stress_clear_sky,hybrid,13,12,25,1.00629659125377,668.7,668.7,0,0,306.436836721697,0,0,0
stress,120,stress_clear_sky,hybrid,13,12,30,1.03246693652415,743,709.777744094014,33.2222559059857,-126.170580640305,405.209629684207,1,1,1
stress,120,stress_clear_sky,hybrid,13,12,31,1.03786326482557,743,637.655967024012,105.344032975988,-227.921326931361,511.247648130211,1,1,1
stress,120,stress_clear_sky,hybrid,13,12,32,1.03884836146399,817.3,686.901302483425,130.398697516575,-272.844103919177,580.018570001491,1,1,1
stress,120,stress_clear_sky,hybrid,13,12,33,1.03925932689293,891.6,742.71275746177,148.88724253823,-307.9173159871,640.521613611542,1,1,1
stress,120,stress_clear_sky,hybrid,14,13,18,1.02462816033407,594.4,594.274198197937,0.125801802063324,-31.3957032150062,272.662654128136,1,0,0
stress,120,stress_clear_sky,hybrid,14,13,25,1.00629659125377,668.7,668.7,0,0,306.436836721697,0,0,0
stress,120,stress_clear_sky,hybrid,14,13,30,1.03246693652415,743,709.777744094014,33.2222559059857,-126.170580640305,405.209629684207,1,1,1
stress,120,stress_clear_sky,hybrid,14,13,31,1.03786326482557,743,637.655967024012,105.344032975988,-227.921326931361,511.247648130211,1,1,1
stress,120,stress_clear_sky,hybrid,14,13,32,1.03884836146399,817.3,686.901302483425,130.398697516575,-272.844103919177,580.018570001491,1,1,1
stress,120,stress_clear_sky,hybrid,14,13,33,1.03925932689293,891.6,742.71275746177,148.88724253823,-307.9173159871,640.521613611542,1,1,1
stress,120,stress_clear_sky,hybrid,15,14,18,1.02441628432045,594.4,594.279071098795,0.120928901204721,-29.9574677868097,272.652033284099,1,0,0
stress,120,stress_clear_sky,hybrid,15,14,25,1.00618911909676,668.7,668.7,0,0,306.436836721697,0,0,0
stress,120,stress_clear_sky,hybrid,15,14,30,1.03238311009546,743,710.89968145167,32.1003185483299,-124.715173899552,403.238059850399,1,1,1
stress,120,stress_clear_sky,hybrid,15,14,31,1.03780033567161,743,638.500428276307,104.499571723693,-226.651198789226,510.192603916377,1,1,1
stress,120,stress_clear_sky,hybrid,15,14,32,1.03879061820868,817.3,687.754586248427,129.545413751573,-271.535048133381,579.006537091124,1,1,1
stress,120,stress_clear_sky,hybrid,15,14,33,1.03920638104169,891.6,743.561522293078,148.038477706921,-306.596463549911,639.536113261166,1,1,1
stress,120,stress_clear_sky,hybrid,16,15,18,1.0090368846243,405.987164307406,405.987164307406,0,0,512.524309684557,0,0,0
stress,120,stress_clear_sky,hybrid,16,15,25,1.00085825196583,456.735559845832,456.735559845832,0,0,576.589848395126,0,0,0
stress,120,stress_clear_sky,hybrid,16,15,30,1.02277938317599,507.483955384258,507.408563594015,0.0753917902428583,-44.5481052727005,640.715100174374,1,0,0
stress,120,stress_clear_sky,hybrid,16,15,31,1.02793950165469,507.483955384258,507.273744963225,0.210210421032996,-126.854474241354,640.821845500748,1,0,0
stress,120,stress_clear_sky,hybrid,16,15,32,1.02896367206677,558.232350922684,557.940853439668,0.291497483015206,-157.547761936756,704.951732364007,1,0,0
stress,120,stress_clear_sky,hybrid,16,15,33,1.02950381025366,608.980746461109,608.612909234497,0.367837226612853,-182.271782753443,769.077697188731,1,0,0
stress,120,stress_clear_sky,hybrid,17,16,18,0.995058097259509,277.297405084739,277.297405084739,0,0,592.125742332885,0,0,0
stress,120,stress_clear_sky,hybrid,17,16,25,0.996507996207108,311.959580720331,311.959580720331,0,0,666.141460124496,0,0,0
stress,120,stress_clear_sky,hybrid,17,16,30,1.01237267898348,346.621756355924,346.621756355924,0,0,740.157177916106,0,0,0
stress,120,stress_clear_sky,hybrid,17,16,31,1.0172265837988,346.621756355924,346.621756355924,0,0,740.157177916106,0,0,0
stress,120,stress_clear_sky,hybrid,17,16,32,1.01831219342329,381.283931991516,381.283931991516,0,0,814.172895707717,0,0,0
stress,120,stress_clear_sky,hybrid,17,16,33,1.01904723299562,415.946107627109,415.946107627109,0,0,888.188613499327,0,0,0
stress,120,stress_clear_sky,hybrid,18,17,18,0.976646357181206,134.392382879463,134.392382879463,0,53.4503803479197,639.879233155742,1,0,0
stress,120,stress_clear_sky,hybrid,18,17,25,0.99038189776889,151.191430739395,151.191430739395,0,0,719.864137300209,0,0,0
stress,120,stress_clear_sky,hybrid,18,17,30,0.986894496897733,167.990478599328,167.990478599328,0,0,799.849041444677,0,0,0
stress,120,stress_clear_sky,hybrid,18,17,31,0.988272421556288,167.990478599328,167.990478599328,0,0,799.849041444677,0,0,0
stress,120,stress_clear_sky,hybrid,18,17,32,0.988583502215365,184.789526459261,184.789526459261,0,0,879.833945589145,0,0,0
stress,120,stress_clear_sky,hybrid,18,17,33,0.988879062386469,201.588574319194,201.588574319194,0,0,959.818849733612,0,0,0
stress,120,stress_clear_sky,hybrid,19,18,18,0.968473128017211,1.86591019514366e-15,1.86591019514366e-15,0,188.384185109377,653.84,1,0,0
stress,120,stress_clear_sky,hybrid,19,18,25,0.985567990053184,2.09914896953662e-15,2.09914896953662e-15,0,0,735.57,0,0,0
stress,120,stress_clear_sky,hybrid,19,18,30,0.973799754085302,2.33238774392958e-15,2.33238774392958e-15,0,126.31461628402,817.3,1,0,0
stress,120,stress_clear_sky,hybrid,19,18,31,0.974092419574615,2.33238774392958e-15,2.33238774392958e-15,0,120.676566684229,817.3,1,0,0
stress,120,stress_clear_sky,hybrid,19,18,32,0.974246964998485,2.56562651832253e-15,2.56562651832253e-15,0,129.381574899783,899.03,1,0,0
stress,120,stress_clear_sky,hybrid,19,18,33,0.974559747938232,2.79886529271549e-15,2.79886529271549e-15,0,133.645520476972,980.76,1,0,0
stress,120,stress_clear_sky,hybrid,20,19,18,0.968420561543413,0,0,0,189.243363163479,653.84,1,0,0
stress,120,stress_clear_sky,hybrid,20,19,25,0.985531782141002,0,0,0,0,735.57,0,0,0
stress,120,stress_clear_sky,hybrid,20,19,30,0.973761580062538,0,0,0,127.09095720607,817.3,1,0,0
stress,120,stress_clear_sky,hybrid,20,19,31,0.974060920807195,0,0,0,121.320182429346,817.3,1,0,0
stress,120,stress_clear_sky,hybrid,20,19,32,0.974217367974335,0,0,0,130.047743482503,899.03,1,0,0
stress,120,stress_clear_sky,hybrid,20,19,33,0.974532090138652,0,0,0,134.32558317925,980.76,1,0,0
stress,120,stress_clear_sky,hybrid,21,20,18,0.96840032184295,0,0,0,189.574172987688,653.84,1,0,0
stress,120,stress_clear_sky,hybrid,21,20,25,0.985517841297884,0,0,0,0,735.57,0,0,0
stress,120,stress_clear_sky,hybrid,21,20,30,0.97374688182995,0,0,0,127.38987353047,817.3,1,0,0
stress,120,stress_clear_sky,hybrid,21,20,31,0.974048792935776,0,0,0,121.567991800966,817.3,1,0,0
stress,120,stress_clear_sky,hybrid,21,20,32,0.974205972386447,0,0,0,130.304234940613,899.03,1,0,0
stress,120,stress_clear_sky,hybrid,21,20,33,0.974521441238791,0,0,0,134.587423274532,980.76,1,0,0
stress,120,stress_clear_sky,hybrid,22,21,18,0.968393886282786,0,0,0,189.679359648339,653.84,1,0,0
stress,120,stress_clear_sky,hybrid,22,21,25,0.985513408603737,0,0,0,0,735.57,0,0,0
stress,120,stress_clear_sky,hybrid,22,21,30,0.973742208266919,0,0,0,127.484919260363,817.3,1,0,0
stress,120,stress_clear_sky,hybrid,22,21,31,0.974044936684595,0,0,0,121.64678676698,817.3,1,0,0
stress,120,stress_clear_sky,hybrid,22,21,32,0.974202348983698,0,0,0,130.385790356591,899.03,1,0,0
stress,120,stress_clear_sky,hybrid,22,21,33,0.974518055261491,0,0,0,134.670679262217,980.76,1,0,0
stress,120,stress_clear_sky,hybrid,23,22,18,0.968392188168329,0,0,0,189.707114650844,653.84,1,0,0
stress,120,stress_clear_sky,hybrid,23,22,25,0.985512238976997,0,0,0,0,735.57,0,0,0
stress,120,stress_clear_sky,hybrid,23,22,30,0.97374097507995,0,0,0,127.509998445928,817.3,1,0,0
stress,120,stress_clear_sky,hybrid,23,22,31,0.974043919158751,0,0,0,121.667577921739,817.3,1,0,0
stress,120,stress_clear_sky,hybrid,23,22,32,0.974201392898746,0,0,0,130.40730988194,899.03,1,0,0
stress,120,stress_clear_sky,hybrid,23,22,33,0.97451716182489,0,0,0,134.6926474981,980.76,1,0,0
stress,120,stress_clear_sky,hybrid,24,23,18,0.968391815111691,0,0,0,189.713212112572,653.84,1,0,0
stress,120,stress_clear_sky,hybrid,24,23,25,0.985511982023326,0,0,0,0,735.57,0,0,0
stress,120,stress_clear_sky,hybrid,24,23,30,0.973740704162615,0,0,0,127.515508061481,817.3,1,0,0
stress,120,stress_clear_sky,hybrid,24,23,31,0.974043695619835,0,0,0,121.672145503235,817.3,1,0,0
stress,120,stress_clear_sky,hybrid,24,23,32,0.974201182857731,0,0,0,130.4120374775,899.03,1,0,0
stress,120,stress_clear_sky,hybrid,24,23,33,0.974516965547027,0,0,0,134.697473669779,980.76,1,0,0
stress,120,stress_clear_sky,hybrid_pso,1,0,18,0.983895713199229,0,0,0,351.010300011947,653.84,1,0,0
stress,120,stress_clear_sky,hybrid_pso,1,0,25,0.989953872529869,0,0,0,245.980527501444,735.57,1,0,0
stress,120,stress_clear_sky,hybrid_pso,1,0,30,0.988095123662357,0,0,0,323.950258889881,817.3,1,0,0
stress,120,stress_clear_sky,hybrid_pso,1,0,31,0.990691946380247,0,0,0,253.599313960676,817.3,1,0,0
stress,120,stress_clear_sky,hybrid_pso,1,0,32,0.991414334359363,0,0,0,257.393817731372,899.03,1,0,0
stress,120,stress_clear_sky,hybrid_pso,1,0,33,0.992133406201106,0,0,0,257.369240455241,980.76,1,0,0
stress,120,stress_clear_sky,hybrid_pso,2,1,18,0.983895722022748,0,0,0,351.010107693947,653.84,1,0,0
stress,120,stress_clear_sky,hybrid_pso,2,1,25,0.9899538779838,0,0,0,245.980393932238,735.57,1,0,0
stress,120,stress_clear_sky,hybrid_pso,2,1,30,0.988095130199238,0,0,0,323.950081062777,817.3,1,0,0
stress,120,stress_clear_sky,hybrid_pso,2,1,31,0.990691951470004,0,0,0,253.599175284919,817.3,1,0,0
stress,120,stress_clear_sky,hybrid_pso,2,1,32,0.99141433904628,0,0,0,257.393677204041,899.03,1,0,0
stress,120,stress_clear_sky,hybrid_pso,2,1,33,0.992133410491005,0,0,0,257.36910008145,980.76,1,0,0
stress,120,stress_clear_sky,hybrid_pso,3,2,18,0.983895779597046,0,0,0,351.00885280094,653.84,1,0,0
stress,120,stress_clear_sky,hybrid_pso,3,2,25,0.989953913571216,0,0,0,245.979522380577,735.57,1,0,0
stress,120,stress_clear_sky,hybrid_pso,3,2,30,0.988095172853005,0,0,0,323.948920724209,817.3,1,0,0
stress,120,stress_clear_sky,hybrid_pso,3,2,31,0.990691984681149,0,0,0,253.598270412552,817.3,1,0,0
stress,120,stress_clear_sky,hybrid_pso,3,2,32,0.99141436962885,0,0,0,257.392760249965,899.03,1,0,0
stress,120,stress_clear_sky,hybrid_pso,3,2,33,0.992133438483005,0,0,0,257.368184129238,980.76,1,0,0
stress,120,stress_clear_sky,hybrid_pso,4,3,18,0.983896093637515,0,0,0,351.002007955113,653.84,1,0,0
stress,120,stress_clear_sky,hybrid_pso,4,3,25,0.989954107683724,0,0,0,245.974768478815,735.57,1,0,0
stress,120,stress_clear_sky,hybrid_pso,4,3,30,0.988095405509049,0,0,0,323.942591628301,817.3,1,0,0
stress,120,stress_clear_sky,hybrid_pso,4,3,31,0.990692165832191,0,0,0,253.593334762984,817.3,1,0,0
stress,120,stress_clear_sky,hybrid_pso,4,3,32,0.991414536442274,0,0,0,257.387758700219,899.03,1,0,0
stress,120,stress_clear_sky,hybrid_pso,4,3,33,0.992133591166094,0,0,0,257.363188044059,980.76,1,0,0
stress,120,stress_clear_sky,hybrid_pso,5,4,18,0.983897523116223,0,0,0,350.970850947225,653.84,1,0,0
stress,120,stress_clear_sky,hybrid_pso,5,4,25,0.989954991264082,0,0,0,245.953129202514,735.57,1,0,0
stress,120,stress_clear_sky,hybrid_pso,5,4,30,0.988096464534292,0,0,0,323.913782265673,817.3,1,0,0
stress,120,stress_clear_sky,hybrid_pso,5,4,31,0.990692990412591,0,0,0,253.570868207715,817.3,1,0,0
stress,120,stress_clear_sky,hybrid_pso,5,4,32,0.991415295759494,0,0,0,257.364992170133,899.03,1,0,0
stress,120,stress_clear_sky,hybrid_pso,5,4,33,0.992134286163588,0,0,0,257.340446385533,980.76,1,0,0
stress,120,stress_clear_sky,hybrid_pso,6,5,18,0.983902940587779,0,0,0,350.852771396287,653.84,1,0,0
stress,120,stress_clear_sky,hybrid_pso,6,5,25,0.989958339891213,0,0,0,245.871119833709,735.57,1,0,0
stress,120,stress_clear_sky,hybrid_pso,6,5,30,0.988100478049064,0,0,0,323.804599974499,817.3,1,0,0
stress,120,stress_clear_sky,hybrid_pso,6,5,31,0.990696115429285,0,0,0,253.485723860594,817.3,1,0,0
stress,120,stress_clear_sky,hybrid_pso,6,5,32,0.991418173442119,0,0,0,257.278710908554,899.03,1,0,0
stress,120,stress_clear_sky,hybrid_pso,6,5,33,0.992136920086602,0,0,0,257.25425934454,980.76,1,0,0
stress,120,stress_clear_sky,hybrid_pso,7,6,18,0.983919978363638,0,0,0,350.481414961869,653.84,1,0,0
stress,120,stress_clear_sky,hybrid_pso,7,6,25,0.989968871359493,0,0,0,245.613199492429,735.57,1,0,0
stress,120,stress_clear_sky,hybrid_pso,7,6,30,0.988113100387809,0,0,0,323.461226163542,817.3,1,0,0
stress,120,stress_clear_sky,hybrid_pso,7,6,31,0.990705943536028,0,0,0,253.217946821442,817.3,1,0,0
stress,120,stress_clear_sky,hybrid_pso,7,6,32,0.991427223710157,0,0,0,257.007357660364,899.03,1,0,0
stress,120,stress_clear_sky,hybrid_pso,7,6,33,0.992145203746412,0,0,0,256.983202022846,980.76,1,0,0
stress,120,stress_clear_sky,hybrid_pso,8,7,18,0.989848828852211,134.392382879462,134.392382879462,0,216.537348533825,639.879233155742,1,0,0
stress,120,stress_clear_sky,hybrid_pso,8,7,25,0.993256948641617,151.191430739395,151.191430739395,0,161.461306157322,719.864137300209,1,0,0
stress,120,stress_clear_sky,hybrid_pso,8,7,30,0.995175231962874,167.990478599328,167.990478599328,0,128.320031395853,799.849041444677,1,0,0
stress,120,stress_clear_sky,hybrid_pso,8,7,31,0.997547237748266,167.990478599328,167.990478599328,0,65.4305074154332,799.849041444677,1,0,0
stress,120,stress_clear_sky,hybrid_pso,8,7,32,0.99808651435575,184.789526459261,184.789526459261,0,56.2105123414566,879.833945589145,1,0,0
stress,120,stress_clear_sky,hybrid_pso,8,7,33,0.998534296670094,201.588574319193,201.588574319193,0,47.029592726691,959.818849733612,1,0,0
stress,120,stress_clear_sky,hybrid_pso,9,8,18,0.996842055652776,277.297405084739,277.297405084739,0,62.3264876963328,592.125742332885,1,0,0
stress,120,stress_clear_sky,hybrid_pso,9,8,25,0.996875083979971,311.959580720331,311.959580720332,0,69.2303900139605,666.141460124496,1,0,0
stress,120,stress_clear_sky,hybrid_pso,9,8,30,1.00820175058309,346.621756355924,346.579063492732,0.0426928631916575,0,740.177169837398,0,0,0
stress,120,stress_clear_sky,hybrid_pso,9,8,31,1.01205719578351,346.621756355924,322.993108558284,23.6286477976399,-0.354398296260365,750.769433197607,0,1,0
stress,120,stress_clear_sky,hybrid_pso,9,8,32,1.01284849279177,381.283931991516,345.295353470262,35.9885785212542,-17.656533593331,830.075936147921,1,1,1
stress,120,stress_clear_sky,hybrid_pso,9,8,33,1.01334332962917,415.946107627109,369.852918291797,46.0931893353118,-44.8138281253869,908.349600336259,1,1,1
stress,120,stress_clear_sky,hybrid_pso,10,9,18,1.00430528051944,405.987164307406,405.965668478453,0.021495828953725,-0.0120854909151736,512.541336495744,0,0,0
stress,120,stress_clear_sky,hybrid_pso,10,9,25,0.999612457953536,456.735559845832,456.735559845832,0,7.45211222798561,576.589848395126,1,0,0
stress,120,stress_clear_sky,hybrid_pso,10,9,30,1.01245700776967,507.483955384258,466.019057582627,41.4648978016311,-0.392151108026557,671.42052989896,0,1,0
stress,120,stress_clear_sky,hybrid_pso,10,9,31,1.01559454421209,507.483955384258,412.907403552191,94.5765518320667,-125.32165376371,705.327417652106,1,1,1
stress,120,stress_clear_sky,hybrid_pso,10,9,32,1.01613460338409,558.232350922684,444.138047910448,114.094303012236,-163.008129836647,781.662545666796,1,1,1
stress,120,stress_clear_sky,hybrid_pso,10,9,33,1.01638322054293,608.980746461109,479.455061462197,129.525684998913,-190.594939358513,855.577595334451,1,1,1
stress,120,stress_clear_sky,hybrid_pso,11,10,18,1.01206543328149,594.4,525.758514249223,68.6414857507765,-27.798166063389,388.696192796443,0,1,0
stress,120,stress_clear_sky,hybrid_pso,11,10,25,1.0038880827552,668.7,668.7,0,0,306.436836721697,0,0,0
stress,120,stress_clear_sky,hybrid_pso,11,10,30,1.01398544354053,743,584.436992206461,158.563007793538,-133.650333938141,571.32538202032,1,1,1
stress,120,stress_clear_sky,hybrid_pso,11,10,31,1.01651932565115,743,510.866241580861,232.133758419139,-256.490371877047,637.96157659615,1,1,1
stress,120,stress_clear_sky,hybrid_pso,11,10,32,1.01684768032814,817.3,550.001267738594,267.298732261406,-303.772737717776,711.163515927202,1,1,1
stress,120,stress_clear_sky,hybrid_pso,11,10,33,1.01686646254389,891.6,597.092727495076,294.507272504924,-336.955379146099,778.055558666918,1,1,1
stress,120,stress_clear_sky,hybrid_pso,12,11,18,1.01198885890955,594.4,523.481842441,70.9181575590001,-31.8138605970173,391.756947908491,0,1,0
stress,120,stress_clear_sky,hybrid_pso,12,11,25,1.00401198529356,668.7,668.7,0,0,306.436836721697,0,0,0
stress,120,stress_clear_sky,hybrid_pso,12,11,30,1.01375317411987,743,582.086996232631,160.913003767368,-138.906411693456,573.719460029789,1,1,1
stress,120,stress_clear_sky,hybrid_pso,12,11,31,1.01620037624331,743,509.205109696649,233.794890303351,-261.030060609335,639.2882341001,1,1,1
stress,120,stress_clear_sky,hybrid_pso,12,11,32,1.01650709433265,817.3,548.358814474116,268.941185525884,-308.52522359206,712.430734519885,1,1,1
stress,120,stress_clear_sky,hybrid_pso,12,11,33,1.01650839455569,891.6,595.504404077163,296.095595922837,-341.870108711624,779.271892425681,1,1,1
stress,120,stress_clear_sky,hybrid_pso,13,12,18,1.0119449088746,594.4,522.016305958882,72.3836940411179,-34.3861578881801,393.707660470358,0,1,0
stress,120,stress_clear_sky,hybrid_pso,13,12,25,1.00409302589458,668.7,668.7,0,0,306.436836721697,0,0,0
stress,120,stress_clear_sky,hybrid_pso,13,12,30,1.01361284985589,743,580.610090561563,162.389909438436,-142.285652161905,575.214058188856,1,1,1
stress,120,stress_clear_sky,hybrid_pso,13,12,31,1.01600585889732,743,508.180734299193,234.819265700807,-263.921043092818,640.10282868234,1,1,1
stress,120,stress_clear_sky,hybrid_pso,13,12,32,1.01629904686737,817.3,547.353787671483,269.946212328517,-311.545608178044,713.203177237512,1,1,1
stress,120,stress_clear_sky,hybrid_pso,13,12,33,1.01628935877833,891.6,594.54184986734,297.05815013266,-344.989964816823,780.006516867853,1,1,1
stress,120,stress_clear_sky,hybrid_pso,14,13,18,1.0119449088746,594.4,522.016305958882,72.3836940411179,-34.3861578881801,393.707660470358,0,1,0
stress,120,stress_clear_sky,hybrid_pso,14,13,25,1.00409302589458,668.7,668.7,0,0,306.436836721697,0,0,0
stress,120,stress_clear_sky,hybrid_pso,14,13,30,1.01361284985589,743,580.610090561563,162.389909438436,-142.285652161905,575.214058188856,1,1,1
stress,120,stress_clear_sky,hybrid_pso,14,13,31,1.01600585889732,743,508.180734299193,234.819265700807,-263.921043092818,640.10282868234,1,1,1
stress,120,stress_clear_sky,hybrid_pso,14,13,32,1.01629904686737,817.3,547.353787671483,269.946212328517,-311.545608178044,713.203177237512,1,1,1
stress,120,stress_clear_sky,hybrid_pso,14,13,33,1.01628935877833,891.6,594.54184986734,297.05815013266,-344.989964816823,780.006516867853,1,1,1
stress,120,stress_clear_sky,hybrid_pso,15,14,18,1.01198885890955,594.4,523.481842441,70.9181575590001,-31.8138605970173,391.756947908491,0,1,0
stress,120,stress_clear_sky,hybrid_pso,15,14,25,1.00401198529356,668.7,668.7,0,0,306.436836721697,0,0,0
stress,120,stress_clear_sky,hybrid_pso,15,14,30,1.01375317411987,743,582.086996232631,160.913003767368,-138.906411693456,573.719460029789,1,1,1
stress,120,stress_clear_sky,hybrid_pso,15,14,31,1.01620037624331,743,509.205109696649,233.794890303351,-261.030060609335,639.2882341001,1,1,1
stress,120,stress_clear_sky,hybrid_pso,15,14,32,1.01650709433265,817.3,548.358814474116,268.941185525884,-308.52522359206,712.430734519885,1,1,1
stress,120,stress_clear_sky,hybrid_pso,15,14,33,1.01650839455569,891.6,595.504404077163,296.095595922837,-341.870108711624,779.271892425681,1,1,1
stress,120,stress_clear_sky,hybrid_pso,16,15,18,1.00475442034108,405.987164307406,405.947341775719,0.039822531687321,-0.0335401601752439,512.55585188858,0,0,0
stress,120,stress_clear_sky,hybrid_pso,16,15,25,0.999746578374345,456.735559845832,456.735559845832,0,4.8781423866955,576.589848395126,1,0,0
stress,120,stress_clear_sky,hybrid_pso,16,15,30,1.0125611675667,507.483955384258,464.24261408911,43.241341295148,-3.40812059345305,672.65004665406,1,1,1
stress,120,stress_clear_sky,hybrid_pso,16,15,31,1.01565971644335,507.483955384258,411.820059508925,95.6638958753333,-128.091096794974,705.962837963916,1,1,1
stress,120,stress_clear_sky,hybrid_pso,16,15,32,1.01619045930135,558.232350922684,443.119464113264,115.11288680942,-165.647063868297,782.240424309543,1,1,1
stress,120,stress_clear_sky,hybrid_pso,16,15,33,1.01643083881247,608.980746461109,478.51022467267,130.47052178844,-193.069117050556,856.106385026832,1,1,1
stress,120,stress_clear_sky,hybrid_pso,17,16,18,0.997003311887769,277.297405084739,277.297405084739,0,59.1439658971252,592.125742332885,1,0,0
stress,120,stress_clear_sky,hybrid_pso,17,16,25,0.99697200680602,311.959580720331,311.959580720332,0,67.0820982252383,666.141460124496,1,0,0
stress,120,stress_clear_sky,hybrid_pso,17,16,30,1.00831868427651,346.621756355924,346.571186319117,0.0505700368064362,0,740.180858178161,0,0,0
stress,120,stress_clear_sky,hybrid_pso,17,16,31,1.01213956195192,346.621756355924,322.051013937461,24.5707424184633,-0.38664745535582,751.174037372068,0,1,0
stress,120,stress_clear_sky,hybrid_pso,17,16,32,1.01291772693327,381.283931991516,344.421942630001,36.861989361515,-20.9346967775131,830.43871919304,1,1,1
stress,120,stress_clear_sky,hybrid_pso,17,16,33,1.01340214990981,415.946107627109,369.04233568257,46.9037719445389,-47.8803988113929,908.679223969577,1,1,1
stress,120,stress_clear_sky,hybrid_pso,18,17,18,0.989940838120666,134.392382879463,134.392382879463,0,214.57468163085,639.879233155742,1,0,0
stress,120,stress_clear_sky,hybrid_pso,18,17,25,0.993313926367222,151.191430739395,151.191430739395,0,160.096830199889,719.864137300209,1,0,0
stress,120,stress_clear_sky,hybrid_pso,18,17,30,0.995241791323421,167.990478599328,167.990478599328,0,126.548158467347,799.849041444677,1,0,0
stress,120,stress_clear_sky,hybrid_pso,18,17,31,0.997599595742738,167.990478599328,167.990478599328,0,64.0344182988047,799.849041444677,1,0,0
stress,120,stress_clear_sky,hybrid_pso,18,17,32,0.99813494001779,184.789526459261,184.789526459261,0,54.7895445511751,879.833945589145,1,0,0
stress,120,stress_clear_sky,hybrid_pso,18,17,33,0.998578767235209,201.588574319194,201.588574319194,0,45.6054353587002,959.818849733612,1,0,0
stress,120,stress_clear_sky,hybrid_pso,19,18,18,0.983964228403549,1.86591019514366e-15,1.86591019514366e-15,0,349.516938310552,653.84,1,0,0
stress,120,stress_clear_sky,hybrid_pso,19,18,25,0.989996224406483,2.09914896953662e-15,2.09914896953662e-15,0,244.943311237273,735.57,1,0,0
stress,120,stress_clear_sky,hybrid_pso,19,18,30,0.988145882509768,2.33238774392958e-15,2.33238774392958e-15,0,322.569432468274,817.3,1,0,0
stress,120,stress_clear_sky,hybrid_pso,19,18,31,0.990731469025308,2.33238774392958e-15,2.33238774392958e-15,0,252.522478223766,817.3,1,0,0
stress,120,stress_clear_sky,hybrid_pso,19,18,32,0.991450729153505,2.56562651832253e-15,2.56562651832253e-15,0,256.30259643002,899.03,1,0,0
stress,120,stress_clear_sky,hybrid_pso,19,18,33,0.992166718232799,2.79886529271549e-15,2.79886529271549e-15,0,256.279206570027,980.76,1,0,0
stress,120,stress_clear_sky,hybrid_pso,20,19,18,0.983919978363638,0,0,0,350.481414961869,653.84,1,0,0
stress,120,stress_clear_sky,hybrid_pso,20,19,25,0.989968871359493,0,0,0,245.613199492429,735.57,1,0,0
stress,120,stress_clear_sky,hybrid_pso,20,19,30,0.988113100387809,0,0,0,323.461226163542,817.3,1,0,0
stress,120,stress_clear_sky,hybrid_pso,20,19,31,0.990705943536028,0,0,0,253.217946821442,817.3,1,0,0
stress,120,stress_clear_sky,hybrid_pso,20,19,32,0.991427223710157,0,0,0,257.007357660364,899.03,1,0,0
stress,120,stress_clear_sky,hybrid_pso,20,19,33,0.992145203746412,0,0,0,256.983202022846,980.76,1,0,0
stress,120,stress_clear_sky,hybrid_pso,21,20,18,0.983902940587779,0,0,0,350.852771396287,653.84,1,0,0
stress,120,stress_clear_sky,hybrid_pso,21,20,25,0.989958339891213,0,0,0,245.871119833709,735.57,1,0,0
stress,120,stress_clear_sky,hybrid_pso,21,20,30,0.988100478049064,0,0,0,323.804599974499,817.3,1,0,0
stress,120,stress_clear_sky,hybrid_pso,21,20,31,0.990696115429285,0,0,0,253.485723860594,817.3,1,0,0
stress,120,stress_clear_sky,hybrid_pso,21,20,32,0.991418173442119,0,0,0,257.278710908554,899.03,1,0,0
stress,120,stress_clear_sky,hybrid_pso,21,20,33,0.992136920086602,0,0,0,257.25425934454,980.76,1,0,0
stress,120,stress_clear_sky,hybrid_pso,22,21,18,0.983897523116223,0,0,0,350.970850947225,653.84,1,0,0
stress,120,stress_clear_sky,hybrid_pso,22,21,25,0.989954991264082,0,0,0,245.953129202514,735.57,1,0,0
stress,120,stress_clear_sky,hybrid_pso,22,21,30,0.988096464534292,0,0,0,323.913782265673,817.3,1,0,0
stress,120,stress_clear_sky,hybrid_pso,22,21,31,0.990692990412591,0,0,0,253.570868207715,817.3,1,0,0
stress,120,stress_clear_sky,hybrid_pso,22,21,32,0.991415295759494,0,0,0,257.364992170133,899.03,1,0,0
stress,120,stress_clear_sky,hybrid_pso,22,21,33,0.992134286163588,0,0,0,257.340446385533,980.76,1,0,0
stress,120,stress_clear_sky,hybrid_pso,23,22,18,0.983896093637515,0,0,0,351.002007955113,653.84,1,0,0
stress,120,stress_clear_sky,hybrid_pso,23,22,25,0.989954107683724,0,0,0,245.974768478815,735.57,1,0,0
stress,120,stress_clear_sky,hybrid_pso,23,22,30,0.988095405509049,0,0,0,323.942591628301,817.3,1,0,0
stress,120,stress_clear_sky,hybrid_pso,23,22,31,0.990692165832191,0,0,0,253.593334762984,817.3,1,0,0
stress,120,stress_clear_sky,hybrid_pso,23,22,32,0.991414536442274,0,0,0,257.387758700219,899.03,1,0,0
stress,120,stress_clear_sky,hybrid_pso,23,22,33,0.992133591166094,0,0,0,257.363188044059,980.76,1,0,0
stress,120,stress_clear_sky,hybrid_pso,24,23,18,0.983895779597046,0,0,0,351.00885280094,653.84,1,0,0
stress,120,stress_clear_sky,hybrid_pso,24,23,25,0.989953913571216,0,0,0,245.979522380577,735.57,1,0,0
stress,120,stress_clear_sky,hybrid_pso,24,23,30,0.988095172853005,0,0,0,323.948920724209,817.3,1,0,0
stress,120,stress_clear_sky,hybrid_pso,24,23,31,0.990691984681149,0,0,0,253.598270412552,817.3,1,0,0
stress,120,stress_clear_sky,hybrid_pso,24,23,32,0.99141436962885,0,0,0,257.392760249965,899.03,1,0,0
stress,120,stress_clear_sky,hybrid_pso,24,23,33,0.992133438483005,0,0,0,257.368184129238,980.76,1,0,0
stress,150,stress_clear_sky,hybrid,1,0,18,0.969820958596007,0,0,0,207.987970872753,817.3,1,0,0
stress,150,stress_clear_sky,hybrid,1,0,25,0.985600086164115,0,0,0,0,919.4625,0,0,0
stress,150,stress_clear_sky,hybrid,1,0,30,0.974548160624839,0,0,0,138.918828405216,1021.625,1,0,0
stress,150,stress_clear_sky,hybrid,1,0,31,0.97495869303021,0,0,0,128.732330811125,1021.625,1,0,0
stress,150,stress_clear_sky,hybrid,1,0,32,0.975140352045659,0,0,0,136.591834514174,1123.7875,1,0,0
stress,150,stress_clear_sky,hybrid,1,0,33,0.975470530303843,0,0,0,139.034591111467,1225.95,1,0,0
stress,150,stress_clear_sky,hybrid,2,1,18,0.969820967770213,0,0,0,207.987783404019,817.3,1,0,0
stress,150,stress_clear_sky,hybrid,2,1,25,0.985600093296119,0,0,0,0,919.4625,0,0,0
stress,150,stress_clear_sky,hybrid,2,1,30,0.974548167372477,0,0,0,138.918656693393,1021.625,1,0,0
stress,150,stress_clear_sky,hybrid,2,1,31,0.97495869834806,0,0,0,128.732194978273,1021.625,1,0,0
stress,150,stress_clear_sky,hybrid,2,1,32,0.975140356964321,0,0,0,136.591696165062,1123.7875,1,0,0
stress,150,stress_clear_sky,hybrid,2,1,33,0.975470534825294,0,0,0,139.034452224249,1225.95,1,0,0
stress,150,stress_clear_sky,hybrid,3,2,18,0.969821027632769,0,0,0,207.986560152912,817.3,1,0,0
stress,150,stress_clear_sky,hybrid,3,2,25,0.985600139833113,0,0,0,0,919.4625,0,0,0
stress,150,stress_clear_sky,hybrid,3,2,30,0.974548211401449,0,0,0,138.91753625762,1021.625,1,0,0
stress,150,stress_clear_sky,hybrid,3,2,31,0.974958733047535,0,0,0,128.731308656136,1021.625,1,0,0
stress,150,stress_clear_sky,hybrid,3,2,32,0.975140389059046,0,0,0,136.590793424085,1123.7875,1,0,0
stress,150,stress_clear_sky,hybrid,3,2,33,0.975470564328186,0,0,0,139.033545972082,1225.95,1,0,0
stress,150,stress_clear_sky,hybrid,4,3,18,0.969821354154608,0,0,0,207.979887898507,817.3,1,0,0
stress,150,stress_clear_sky,hybrid,4,3,25,0.985600393670377,0,0,0,0,919.4625,0,0,0
stress,150,stress_clear_sky,hybrid,4,3,30,0.974548451558589,0,0,0,138.911424812327,1021.625,1,0,0
stress,150,stress_clear_sky,hybrid,4,3,31,0.974958922316716,0,0,0,128.726474189159,1021.625,1,0,0
stress,150,stress_clear_sky,hybrid,4,3,32,0.97514056412056,0,0,0,136.585869399935,1123.7875,1,0,0
stress,150,stress_clear_sky,hybrid,4,3,33,0.97547072525248,0,0,0,139.02860279593,1225.95,1,0,0
stress,150,stress_clear_sky,hybrid,5,4,18,0.96982284044732,0,0,0,207.949516505527,817.3,1,0,0
stress,150,stress_clear_sky,hybrid,5,4,25,0.985601549111449,0,0,0,0,919.4625,0,0,0
stress,150,stress_clear_sky,hybrid,5,4,30,0.974549544728156,0,0,0,138.883606168212,1021.625,1,0,0
stress,150,stress_clear_sky,hybrid,5,4,31,0.974959783850127,0,0,0,128.704468203815,1021.625,1,0,0
stress,150,stress_clear_sky,hybrid,5,4,32,0.975141360982309,0,0,0,136.563455755826,1123.7875,1,0,0
stress,150,stress_clear_sky,hybrid,5,4,33,0.975471457763159,0,0,0,139.006101971388,1225.95,1,0,0
stress,150,stress_clear_sky,hybrid,6,5,18,0.969828473235958,0,0,0,207.834414254156,817.3,1,0,0
stress,150,stress_clear_sky,hybrid,6,5,25,0.985605928042653,0,0,0,0,919.4625,0,0,0
stress,150,stress_clear_sky,hybrid,6,5,30,0.97455368764588,0,0,0,138.778178467345,1021.625,1,0,0
stress,150,stress_clear_sky,hybrid,6,5,31,0.974963048913813,0,0,0,128.621069299086,1021.625,1,0,0
stress,150,stress_clear_sky,hybrid,6,5,32,0.97514438095359,0,0,0,136.478511835924,1123.7875,1,0,0
stress,150,stress_clear_sky,hybrid,6,5,33,0.975474233855984,0,0,0,138.920827614847,1225.95,1,0,0
stress,150,stress_clear_sky,hybrid,7,6,18,0.969846188198357,0,0,0,207.472420898801,817.3,1,0,0
stress,150,stress_clear_sky,hybrid,7,6,25,0.985619699784824,0,0,0,0,919.4625,0,0,0
stress,150,stress_clear_sky,hybrid,7,6,30,0.974566716973437,0,0,0,138.446612128721,1021.625,1,0,0
stress,150,stress_clear_sky,hybrid,7,6,31,0.974973317480559,0,0,0,128.358781247615,1021.625,1,0,0
stress,150,stress_clear_sky,hybrid,7,6,32,0.975153878730698,0,0,0,136.211364136533,1123.7875,1,0,0
stress,150,stress_clear_sky,hybrid,7,6,33,0.975482964650539,0,0,0,138.652640308624,1225.95,1,0,0
stress,150,stress_clear_sky,hybrid,8,7,18,0.979143395650492,167.990478599328,167.990478599328,0,16.9807655185779,799.849041444677,1,0,0
stress,150,stress_clear_sky,hybrid,8,7,25,0.991673468918147,188.989288424244,188.989288424244,0,0,899.830171625262,0,0,0
stress,150,stress_clear_sky,hybrid,8,7,30,0.992520054305058,209.98809824916,209.98809824916,0,0,999.811301805846,0,0,0
stress,150,stress_clear_sky,hybrid,8,7,31,0.994719913713163,209.98809824916,209.98809824916,0,0,999.811301805846,0,0,0
stress,150,stress_clear_sky,hybrid,8,7,32,0.995214012958786,230.986908074076,230.986908074076,0,0,1099.79243198643,0,0,0
stress,150,stress_clear_sky,hybrid,8,7,33,0.995614369499104,251.985717898992,251.985717898992,0,0,1199.77356216702,0,0,0
stress,150,stress_clear_sky,hybrid,9,8,18,1.00201767196431,346.621756355924,346.621756355924,0,0,740.157177916106,0,0,0
stress,150,stress_clear_sky,hybrid,9,8,25,0.998642055265596,389.949475900414,389.949475900414,0,0,832.67682515562,0,0,0
stress,150,stress_clear_sky,hybrid,9,8,30,1.01770783870964,433.277195444905,433.277195444905,0,-0.39675110412125,925.196472395133,0,0,0
stress,150,stress_clear_sky,hybrid,9,8,31,1.02260853145069,433.277195444905,433.26842859042,0.00876685448429268,-60.4032015791306,925.200577935286,1,0,0
stress,150,stress_clear_sky,hybrid,9,8,32,1.02360191294955,476.604914989395,476.539638532035,0.065276457360177,-91.4310538033334,1017.74668658955,1,0,0
stress,150,stress_clear_sky,hybrid,9,8,33,1.02417380604689,519.932634533886,519.82189421753,0.110740316355742,-115.500060171637,1110.28762075063,1,0,0
stress,150,stress_clear_sky,hybrid,10,9,18,1.01702092481417,507.483955384258,507.483955384258,0,-0.1328325604262,640.655387105696,0,0,0
stress,150,stress_clear_sky,hybrid,10,9,25,1.00342027379361,570.91944980729,570.91944980729,0,0,720.737310493908,0,0,0
stress,150,stress_clear_sky,hybrid,10,9,30,1.02633540774833,634.354944230322,634.082474668887,0.272469561434906,-126.653161514176,801.034990460954,1,0,0
stress,150,stress_clear_sky,hybrid,10,9,31,1.03133776158223,634.354944230322,618.812205009094,15.5427392212284,-230.025242238539,812.889350131236,1,1,1
stress,150,stress_clear_sky,hybrid,10,9,32,1.0322359069773,697.790438653354,669.416504563998,28.3739340893567,-275.655372766285,902.651587587132,1,1,1
stress,150,stress_clear_sky,hybrid,10,9,33,1.03259941029492,761.225933076387,725.248748237709,35.9771848386772,-310.866890041748,988.416741905779,1,1,1
stress,150,stress_clear_sky,hybrid,11,10,18,1.03050089725768,743,736.131032174456,6.86896782554364,-92.9480536398702,355.092091533689,1,1,1
stress,150,stress_clear_sky,hybrid,11,10,25,1.00945557445196,835.875,835.875,0,0,383.046045902122,0,0,0
stress,150,stress_clear_sky,hybrid,11,10,30,1.03504360773385,928.75,844.107220553357,84.642779446643,-216.161185221986,575.500339560879,1,1,1
stress,150,stress_clear_sky,hybrid,11,10,31,1.04026197198288,928.75,757.015145143319,171.734854856681,-347.102831282435,686.036231294412,1,1,1
stress,150,stress_clear_sky,hybrid,11,10,32,1.04113080527841,1021.625,816.728879511882,204.896120488117,-407.348327848136,771.914686042127,1,1,1
stress,150,stress_clear_sky,hybrid,11,10,33,1.04137023457708,1114.5,886.121115266549,228.37888473345,-452.209977229785,847.197008716843,1,1,1
stress,150,stress_clear_sky,hybrid,12,11,18,1.03065921925229,743,734.028139110595,8.97186088940462,-95.5298534949115,359.418949130171,1,1,1
stress,150,stress_clear_sky,hybrid,12,11,25,1.00961356197213,835.875,835.875,0,0,383.046045902122,0,0,0
stress,150,stress_clear_sky,hybrid,12,11,30,1.03514767878024,928.75,842.36844734553,86.3815526544699,-218.622082696706,578.042420192222,1,1,1
stress,150,stress_clear_sky,hybrid,12,11,31,1.04033616348754,928.75,755.775719807941,172.974280192059,-349.071142374144,687.401412548584,1,1,1
stress,150,stress_clear_sky,hybrid,12,11,32,1.04119769727895,1021.625,815.499783878936,206.125216121064,-409.329220943356,773.21306743333,1,1,1
stress,150,stress_clear_sky,hybrid,12,11,33,1.04143027054282,1114.5,884.917870462765,229.582129537234,-454.15701054963,848.453749497074,1,1,1
stress,150,stress_clear_sky,hybrid,13,12,18,1.03076123869004,743,732.672088562137,10.3279114378635,-97.2015010185943,362.175234716562,1,1,1
stress,150,stress_clear_sky,hybrid,13,12,25,1.0097155490274,835.875,835.875,0,0,383.046045902122,0,0,0
stress,150,stress_clear_sky,hybrid,13,12,30,1.03521483059857,928.75,841.246564830122,87.5034351698778,-220.213631650568,579.673923673059,1,1,1
stress,150,stress_clear_sky,hybrid,13,12,31,1.04038403240953,928.75,754.976039444356,173.773960555644,-350.342464805805,688.279609235894,1,1,1
stress,150,stress_clear_sky,hybrid,13,12,32,1.04124085559071,1021.625,814.706773701773,206.918226298227,-410.608439473341,774.048588940448,1,1,1
stress,150,stress_clear_sky,hybrid,13,12,33,1.04146900374974,1114.5,884.141564571954,230.358435428045,-455.41418743186,849.262678030923,1,1,1
stress,150,stress_clear_sky,hybrid,14,13,18,1.03076123869004,743,732.672088562137,10.3279114378635,-97.2015010185943,362.175234716562,1,1,1
stress,150,stress_clear_sky,hybrid,14,13,25,1.0097155490274,835.875,835.875,0,0,383.046045902122,0,0,0
stress,150,stress_clear_sky,hybrid,14,13,30,1.03521483059857,928.75,841.246564830122,87.5034351698778,-220.213631650568,579.673923673059,1,1,1
stress,150,stress_clear_sky,hybrid,14,13,31,1.04038403240953,928.75,754.976039444356,173.773960555644,-350.342464805805,688.279609235894,1,1,1
stress,150,stress_clear_sky,hybrid,14,13,32,1.04124085559071,1021.625,814.706773701773,206.918226298227,-410.608439473341,774.048588940448,1,1,1
stress,150,stress_clear_sky,hybrid,14,13,33,1.04146900374974,1114.5,884.141564571954,230.358435428045,-455.41418743186,849.262678030923,1,1,1
stress,150,stress_clear_sky,hybrid,15,14,18,1.03065921925229,743,734.028139110595,8.97186088940462,-95.5298534949115,359.418949130171,1,1,1
stress,150,stress_clear_sky,hybrid,15,14,25,1.00961356197213,835.875,835.875,0,0,383.046045902122,0,0,0
stress,150,stress_clear_sky,hybrid,15,14,30,1.03514767878024,928.75,842.36844734553,86.3815526544699,-218.622082696706,578.042420192222,1,1,1
stress,150,stress_clear_sky,hybrid,15,14,31,1.04033616348754,928.75,755.775719807941,172.974280192059,-349.071142374144,687.401412548584,1,1,1
stress,150,stress_clear_sky,hybrid,15,14,32,1.04119769727895,1021.625,815.499783878936,206.125216121064,-409.329220943356,773.21306743333,1,1,1
stress,150,stress_clear_sky,hybrid,15,14,33,1.04143027054282,1114.5,884.917870462765,229.582129537234,-454.15701054963,848.453749497074,1,1,1
stress,150,stress_clear_sky,hybrid,16,15,18,1.01748594916665,507.483955384258,507.483955384258,0,-0.115289424503835,640.655387105696,0,0,0
stress,150,stress_clear_sky,hybrid,16,15,25,1.00358967898624,570.91944980729,570.91944980729,0,0,720.737310493908,0,0,0
stress,150,stress_clear_sky,hybrid,16,15,30,1.02648299017064,634.354944230322,634.131865978241,0.223078252081701,-129.635765528152,800.995890860842,1,0,0
stress,150,stress_clear_sky,hybrid,16,15,31,1.0314453495201,634.354944230322,617.639344548427,16.7155996818951,-232.536421140081,813.780855446225,1,1,1
stress,150,stress_clear_sky,hybrid,16,15,32,1.03233357720877,697.790438653354,668.244041689554,29.5463969638005,-278.215812397834,903.519920036442,1,1,1
stress,150,stress_clear_sky,hybrid,16,15,33,1.0326882614874,761.225933076387,724.096981151419,37.1289519249679,-313.423543765181,989.26081716977,1,1,1
stress,150,stress_clear_sky,hybrid,17,16,18,1.00238917380648,346.621756355924,346.621756355924,0,0,740.157177916106,0,0,0
stress,150,stress_clear_sky,hybrid,17,16,25,0.998774586090303,389.949475900414,389.949475900414,0,0,832.67682515562,0,0,0
stress,150,stress_clear_sky,hybrid,17,16,30,1.01786878512567,433.277195444905,433.277195444905,0,-0.347594819013969,925.196472395133,0,0,0
stress,150,stress_clear_sky,hybrid,17,16,31,1.02273496882388,433.277195444905,433.259529530193,0.0176659147119868,-63.2828770353615,925.204745284132,1,0,0
stress,150,stress_clear_sky,hybrid,17,16,32,1.02371907829713,476.604914989395,476.540862249224,0.0640527401717453,-94.4329101735986,1017.74611360742,1,0,0
stress,150,stress_clear_sky,hybrid,17,16,33,1.02428232022355,519.932634533886,519.831102790268,0.101531743617374,-118.570181334404,1110.28330937282,1,0,0
stress,150,stress_clear_sky,hybrid,18,17,18,0.979260143785529,167.990478599328,167.990478599328,0,14.5575843952752,799.849041444677,1,0,0
stress,150,stress_clear_sky,hybrid,18,17,25,0.991758501662896,188.989288424244,188.989288424244,0,0,899.830171625262,0,0,0
stress,150,stress_clear_sky,hybrid,18,17,30,0.992719680593087,209.98809824916,209.98809824916,0,0,999.811301805846,0,0,0
stress,150,stress_clear_sky,hybrid,18,17,31,0.99493060419678,209.98809824916,209.98809824916,0,0,999.811301805846,0,0,0
stress,150,stress_clear_sky,hybrid,18,17,32,0.995427136411674,230.986908074076,230.986908074076,0,0,1099.79243198643,0,0,0
stress,150,stress_clear_sky,hybrid,18,17,33,0.995828193463747,251.985717898992,251.985717898992,0,0,1199.77356216702,0,0,0
stress,150,stress_clear_sky,hybrid,19,18,18,0.969892197158389,2.33238774392958e-15,2.33238774392958e-15,0,206.532258705631,817.3,1,0,0
stress,150,stress_clear_sky,hybrid,19,18,25,0.985655468383692,2.62393621192077e-15,2.62393621192077e-15,0,0,919.4625,0,0,0
stress,150,stress_clear_sky,hybrid,19,18,30,0.974600556261732,2.91548467991197e-15,2.91548467991197e-15,0,137.585480258185,1021.625,1,0,0
stress,150,stress_clear_sky,hybrid,19,18,31,0.974999987038435,2.91548467991197e-15,2.91548467991197e-15,0,127.677565852263,1021.625,1,0,0
stress,150,stress_clear_sky,hybrid,19,18,32,0.975178546543961,3.20703314790317e-15,3.20703314790317e-15,0,135.517522972996,1123.7875,1,0,0
stress,150,stress_clear_sky,hybrid,19,18,33,0.975505640530678,3.49858161589436e-15,3.49858161589436e-15,0,137.956096313421,1225.95,1,0,0
stress,150,stress_clear_sky,hybrid,20,19,18,0.969846188198357,0,0,0,207.472420898801,817.3,1,0,0
stress,150,stress_clear_sky,hybrid,20,19,25,0.985619699784824,0,0,0,0,919.4625,0,0,0
stress,150,stress_clear_sky,hybrid,20,19,30,0.974566716973437,0,0,0,138.446612128721,1021.625,1,0,0
stress,150,stress_clear_sky,hybrid,20,19,31,0.974973317480559,0,0,0,128.358781247615,1021.625,1,0,0
stress,150,stress_clear_sky,hybrid,20,19,32,0.975153878730698,0,0,0,136.211364136533,1123.7875,1,0,0
stress,150,stress_clear_sky,hybrid,20,19,33,0.975482964650539,0,0,0,138.652640308624,1225.95,1,0,0
stress,150,stress_clear_sky,hybrid,21,20,18,0.969828473235958,0,0,0,207.834414254156,817.3,1,0,0
stress,150,stress_clear_sky,hybrid,21,20,25,0.985605928042653,0,0,0,0,919.4625,0,0,0
stress,150,stress_clear_sky,hybrid,21,20,30,0.97455368764588,0,0,0,138.778178467345,1021.625,1,0,0
stress,150,stress_clear_sky,hybrid,21,20,31,0.974963048913813,0,0,0,128.621069299086,1021.625,1,0,0
stress,150,stress_clear_sky,hybrid,21,20,32,0.97514438095359,0,0,0,136.478511835924,1123.7875,1,0,0
stress,150,stress_clear_sky,hybrid,21,20,33,0.975474233855984,0,0,0,138.920827614847,1225.95,1,0,0
stress,150,stress_clear_sky,hybrid,22,21,18,0.96982284044732,0,0,0,207.949516505527,817.3,1,0,0
stress,150,stress_clear_sky,hybrid,22,21,25,0.985601549111449,0,0,0,0,919.4625,0,0,0
stress,150,stress_clear_sky,hybrid,22,21,30,0.974549544728156,0,0,0,138.883606168212,1021.625,1,0,0
stress,150,stress_clear_sky,hybrid,22,21,31,0.974959783850127,0,0,0,128.704468203815,1021.625,1,0,0
stress,150,stress_clear_sky,hybrid,22,21,32,0.975141360982309,0,0,0,136.563455755826,1123.7875,1,0,0
stress,150,stress_clear_sky,hybrid,22,21,33,0.975471457763159,0,0,0,139.006101971388,1225.95,1,0,0
stress,150,stress_clear_sky,hybrid,23,22,18,0.969821354154608,0,0,0,207.979887898507,817.3,1,0,0
stress,150,stress_clear_sky,hybrid,23,22,25,0.985600393670377,0,0,0,0,919.4625,0,0,0
stress,150,stress_clear_sky,hybrid,23,22,30,0.974548451558589,0,0,0,138.911424812327,1021.625,1,0,0
stress,150,stress_clear_sky,hybrid,23,22,31,0.974958922316716,0,0,0,128.726474189159,1021.625,1,0,0
stress,150,stress_clear_sky,hybrid,23,22,32,0.97514056412056,0,0,0,136.585869399935,1123.7875,1,0,0
stress,150,stress_clear_sky,hybrid,23,22,33,0.97547072525248,0,0,0,139.02860279593,1225.95,1,0,0
stress,150,stress_clear_sky,hybrid,24,23,18,0.969821027632769,0,0,0,207.986560152912,817.3,1,0,0
stress,150,stress_clear_sky,hybrid,24,23,25,0.985600139833113,0,0,0,0,919.4625,0,0,0
stress,150,stress_clear_sky,hybrid,24,23,30,0.974548211401449,0,0,0,138.91753625762,1021.625,1,0,0
stress,150,stress_clear_sky,hybrid,24,23,31,0.974958733047535,0,0,0,128.731308656136,1021.625,1,0,0
stress,150,stress_clear_sky,hybrid,24,23,32,0.975140389059046,0,0,0,136.590793424085,1123.7875,1,0,0
stress,150,stress_clear_sky,hybrid,24,23,33,0.975470564328186,0,0,0,139.033545972082,1225.95,1,0,0
stress,150,stress_clear_sky,hybrid_pso,1,0,18,0.986099214954418,0,0,0,378.72043806509,817.3,1,0,0
stress,150,stress_clear_sky,hybrid_pso,1,0,25,0.990612292004029,0,0,0,287.530914127322,919.4625,1,0,0
stress,150,stress_clear_sky,hybrid_pso,1,0,30,0.989503744563606,0,0,0,357.144286829579,1021.625,1,0,0
stress,150,stress_clear_sky,hybrid_pso,1,0,31,0.992213756766571,0,0,0,265.177313554467,1021.625,1,0,0
stress,150,stress_clear_sky,hybrid_pso,1,0,32,0.992952973639199,0,0,0,264.057458275115,1123.7875,1,0,0
stress,150,stress_clear_sky,hybrid_pso,1,0,33,0.993675051794333,0,0,0,258.607702637625,1225.95,1,0,0
stress,150,stress_clear_sky,hybrid_pso,2,1,18,0.986099222584783,0,0,0,378.720230177037,817.3,1,0,0
stress,150,stress_clear_sky,hybrid_pso,2,1,25,0.990612297104084,0,0,0,287.530757907001,919.4625,1,0,0
stress,150,stress_clear_sky,hybrid_pso,2,1,30,0.989503750339871,0,0,0,357.144090349506,1021.625,1,0,0
stress,150,stress_clear_sky,hybrid_pso,2,1,31,0.992213761031843,0,0,0,265.177168284932,1021.625,1,0,0
stress,150,stress_clear_sky,hybrid_pso,2,1,32,0.99295297749204,0,0,0,264.057313887128,1123.7875,1,0,0
stress,150,stress_clear_sky,hybrid_pso,2,1,33,0.993675055248444,0,0,0,258.607561384888,1225.95,1,0,0
stress,150,stress_clear_sky,hybrid_pso,3,2,18,0.986099272373632,0,0,0,378.718873687953,817.3,1,0,0
stress,150,stress_clear_sky,hybrid_pso,3,2,25,0.990612330382429,0,0,0,287.529738554671,919.4625,1,0,0
stress,150,stress_clear_sky,hybrid_pso,3,2,30,0.98950378803054,0,0,0,357.142808298574,1021.625,1,0,0
stress,150,stress_clear_sky,hybrid_pso,3,2,31,0.992213788863141,0,0,0,265.17622038755,1021.625,1,0,0
stress,150,stress_clear_sky,hybrid_pso,3,2,32,0.992953002632195,0,0,0,264.056371741922,1123.7875,1,0,0
stress,150,stress_clear_sky,hybrid_pso,3,2,33,0.993675077786838,0,0,0,258.606639697482,1225.95,1,0,0
stress,150,stress_clear_sky,hybrid_pso,4,3,18,0.986099543948163,0,0,0,378.711474684092,817.3,1,0,0
stress,150,stress_clear_sky,hybrid_pso,4,3,25,0.990612511900042,0,0,0,287.524178470324,919.4625,1,0,0
stress,150,stress_clear_sky,hybrid_pso,4,3,30,0.989503993615231,0,0,0,357.135815319894,1021.625,1,0,0
stress,150,stress_clear_sky,hybrid_pso,4,3,31,0.992213940669665,0,0,0,265.171050057162,1021.625,1,0,0
stress,150,stress_clear_sky,hybrid_pso,4,3,32,0.992953139759814,0,0,0,264.051232786685,1123.7875,1,0,0
stress,150,stress_clear_sky,hybrid_pso,4,3,33,0.993675200723095,0,0,0,258.601612329715,1225.95,1,0,0
stress,150,stress_clear_sky,hybrid_pso,5,4,18,0.986100780126189,0,0,0,378.677795215179,817.3,1,0,0
stress,150,stress_clear_sky,hybrid_pso,5,4,25,0.990613338149653,0,0,0,287.49886953511,919.4625,1,0,0
stress,150,stress_clear_sky,hybrid_pso,5,4,30,0.989504929414357,0,0,0,357.103984042508,1021.625,1,0,0
stress,150,stress_clear_sky,hybrid_pso,5,4,31,0.992214631676781,0,0,0,265.147515264455,1021.625,1,0,0
stress,150,stress_clear_sky,hybrid_pso,5,4,32,0.992953763950249,0,0,0,264.027840805335,1123.7875,1,0,0
stress,150,stress_clear_sky,hybrid_pso,5,4,33,0.993675760316016,0,0,0,258.578728279908,1225.95,1,0,0
stress,150,stress_clear_sky,hybrid_pso,6,5,18,0.986105465018384,0,0,0,378.550156090631,817.3,1,0,0
stress,150,stress_clear_sky,hybrid_pso,6,5,25,0.990616469501498,0,0,0,287.402952780954,919.4625,1,0,0
stress,150,stress_clear_sky,hybrid_pso,6,5,30,0.989508475920828,0,0,0,356.983349359355,1021.625,1,0,0
stress,150,stress_clear_sky,hybrid_pso,6,5,31,0.992217250471772,0,0,0,265.058322554897,1021.625,1,0,0
stress,150,stress_clear_sky,hybrid_pso,6,5,32,0.992956129523794,0,0,0,263.939189251521,1123.7875,1,0,0
stress,150,stress_clear_sky,hybrid_pso,6,5,33,0.993677881077208,0,0,0,258.492001656315,1225.95,1,0,0
stress,150,stress_clear_sky,hybrid_pso,7,6,18,0.986120198814707,0,0,0,378.148736211445,817.3,1,0,0
stress,150,stress_clear_sky,hybrid_pso,7,6,25,0.990626317626381,0,0,0,287.101293877354,919.4625,1,0,0
stress,150,stress_clear_sky,hybrid_pso,7,6,30,0.989519629501281,0,0,0,356.603959487095,1021.625,1,0,0
stress,150,stress_clear_sky,hybrid_pso,7,6,31,0.992225486500855,0,0,0,264.777814251898,1021.625,1,0,0
stress,150,stress_clear_sky,hybrid_pso,7,6,32,0.992963569199676,0,0,0,263.660382102306,1123.7875,1,0,0
stress,150,stress_clear_sky,hybrid_pso,7,6,33,0.993684550834307,0,0,0,258.219247933706,1225.95,1,0,0
stress,150,stress_clear_sky,hybrid_pso,8,7,18,0.992417557534968,167.990478599328,167.990478599328,0,202.175710865143,799.849041444677,1,0,0
stress,150,stress_clear_sky,hybrid_pso,8,7,25,0.994404097639897,188.989288424244,188.989288424244,0,167.665969770057,899.830171625262,1,0,0
stress,150,stress_clear_sky,hybrid_pso,8,7,30,0.997131729697186,209.98809824916,209.98809824916,0,95.2660820556088,999.811301805846,1,0,0
stress,150,stress_clear_sky,hybrid_pso,8,7,31,0.999446574488714,209.98809824916,209.98809824916,0,18.2848273354793,999.811301805846,1,0,0
stress,150,stress_clear_sky,hybrid_pso,8,7,32,0.999943953515922,230.986908074076,230.986908074076,0,2.14623130077245,1099.79243198643,1,0,0
stress,150,stress_clear_sky,hybrid_pso,8,7,33,1.00034352881871,251.985717898992,251.985717898992,0,0.335074030236799,1199.77356216702,0,0,0
stress,150,stress_clear_sky,hybrid_pso,9,8,18,0.99959946604782,346.621756355924,346.621756355924,0,9.87762753037913,740.157177916106,1,0,0
stress,150,stress_clear_sky,hybrid_pso,9,8,25,0.998401099925116,389.949475900414,389.949475900414,0,44.3590460057484,832.67682515562,1,0,0
stress,150,stress_clear_sky,hybrid_pso,9,8,30,1.01043210055909,433.277195444905,427.033608071723,6.24358737318139,-0.343246319028475,928.094789448926,0,1,0
stress,150,stress_clear_sky,hybrid_pso,9,8,31,1.01378672765788,433.277195444905,378.705997495081,54.571197949824,-70.898327864953,948.841086845556,1,1,1
stress,150,stress_clear_sky,hybrid_pso,9,8,32,1.01438647366553,476.604914989395,407.041515170287,69.5633998191086,-114.06433511589,1047.48057265237,1,1,1
stress,150,stress_clear_sky,hybrid_pso,9,8,33,1.0146976582546,519.932634533886,438.638578724376,81.29405580951,-144.992844424254,1144.79238281649,1,1,1
stress,150,stress_clear_sky,hybrid_pso,10,9,18,1.00875298349187,507.483955384258,486.313587475863,21.1703679083953,-3.81256759818087e-10,656.8701429022,0,0,0
stress,150,stress_clear_sky,hybrid_pso,10,9,25,1.00154967071508,570.91944980729,570.91944980729,0,0,720.737310493908,0,0,0
stress,150,stress_clear_sky,hybrid_pso,10,9,30,1.00972487129825,634.354944230322,547.250936934548,87.1040072957744,-141.301132310339,862.690009591661,0,0,0
stress,150,stress_clear_sky,hybrid_pso,10,9,31,1.01183620441143,634.354944230322,487.734355300572,146.62058892975,-254.149528983583,897.681925452738,0,1,0
stress,150,stress_clear_sky,hybrid_pso,10,9,32,1.01206857108646,697.790438653354,526.184385986483,171.606052666871,-301.386103113458,992.989595665674,0,1,0
stress,150,stress_clear_sky,hybrid_pso,10,9,33,1.0120278045386,761.225933076387,571.146859277881,190.079073798506,-338.012291159022,1084.77862609705,0,1,0
stress,150,stress_clear_sky,hybrid_pso,11,10,18,1.00668758875222,743,608.777318350068,134.222681649932,-134.777762676179,545.315932888908,0,0,0
stress,150,stress_clear_sky,hybrid_pso,11,10,25,1.00581075916221,835.875,835.874999999921,7.92768628521401e-11,-4.74326636096324e-11,383.046045902295,0,0,0
stress,150,stress_clear_sky,hybrid_pso,11,10,30,1.00362268907598,928.75,682.725350194625,246.024649805374,-325.190801551554,760.002458434594,0,0,0
stress,150,stress_clear_sky,hybrid_pso,11,10,31,1.00393032492621,928.75,602.918882158592,325.831117841408,-462.352286415628,824.746301696245,0,0,0
stress,150,stress_clear_sky,hybrid_pso,11,10,32,1.00363988346685,1021.625,651.706609267623,369.918390732377,-524.97421376501,915.519983721354,0,0,0
stress,150,stress_clear_sky,hybrid_pso,11,10,33,1.00311852736279,1114.5,711.816415866587,402.683584133413,-573.764252947892,998.133654678994,0,0,0
stress,150,stress_clear_sky,hybrid_pso,12,11,18,1.00671719214607,743,606.435101478037,136.564898521963,-138.580737665132,547.919481032864,0,0,0
stress,150,stress_clear_sky,hybrid_pso,12,11,25,1.0059577490868,835.875,835.874999999917,8.2572837456496e-11,-5.20050867314475e-11,383.046045902302,0,0,0
stress,150,stress_clear_sky,hybrid_pso,12,11,30,1.00363337961169,928.75,680.778763279642,247.971236720357,-329.511464651172,761.74662197639,0,0,0
stress,150,stress_clear_sky,hybrid_pso,12,11,31,1.00390453639052,928.75,601.745182933965,327.004817066035,-466.046451048406,825.603037446429,0,0,0
stress,150,stress_clear_sky,hybrid_pso,12,11,32,1.00360810615969,1021.625,650.577913855561,371.047086144439,-526.678608497905,916.322390406126,0,0,0
stress,150,stress_clear_sky,hybrid_pso,12,11,33,1.00308058224,1114.5,710.773301429213,403.726698570787,-575.52396946596,998.876727367004,0,0,0
stress,150,stress_clear_sky,hybrid_pso,13,12,18,1.0067360338146,743,604.927360920076,138.072639079924,-141.044636380348,549.583640595563,0,0,0
stress,150,stress_clear_sky,hybrid_pso,13,12,25,1.00605263543735,835.875,835.874999999915,8.48279779752659e-11,-5.49971413664046e-11,383.046045902307,0,0,0
stress,150,stress_clear_sky,hybrid_pso,13,12,30,1.00364024108216,928.75,679.523355038576,249.226644961424,-332.306073172318,762.866731862203,0,0,0
stress,150,stress_clear_sky,hybrid_pso,13,12,31,1.00388786622229,928.75,600.988462418827,327.761537581173,-468.433673375973,826.154046570283,0,0,0
stress,150,stress_clear_sky,hybrid_pso,13,12,32,1.00358757899858,1021.625,649.850203280175,371.774796719825,-527.777773153647,916.838621815729,0,0,0
stress,150,stress_clear_sky,hybrid_pso,13,12,33,1.00305607864595,1114.5,710.10085091212,404.39914908788,-576.659003079717,999.354883929569,0,0,0
stress,150,stress_clear_sky,hybrid_pso,14,13,18,1.0067360338146,743,604.927360920076,138.072639079924,-141.044636380348,549.583640595563,0,0,0
stress,150,stress_clear_sky,hybrid_pso,14,13,25,1.00605263543735,835.875,835.874999999915,8.48279779752659e-11,-5.49971413664046e-11,383.046045902307,0,0,0
stress,150,stress_clear_sky,hybrid_pso,14,13,30,1.00364024108216,928.75,679.523355038576,249.226644961424,-332.306073172318,762.866731862203,0,0,0
stress,150,stress_clear_sky,hybrid_pso,14,13,31,1.00388786622229,928.75,600.988462418827,327.761537581173,-468.433673375973,826.154046570283,0,0,0
stress,150,stress_clear_sky,hybrid_pso,14,13,32,1.00358757899858,1021.625,649.850203280175,371.774796719825,-527.777773153647,916.838621815729,0,0,0
stress,150,stress_clear_sky,hybrid_pso,14,13,33,1.00305607864595,1114.5,710.10085091212,404.39914908788,-576.659003079717,999.354883929569,0,0,0
stress,150,stress_clear_sky,hybrid_pso,15,14,18,1.00671719214607,743,606.435101478037,136.564898521963,-138.580737665132,547.919481032864,0,0,0
stress,150,stress_clear_sky,hybrid_pso,15,14,25,1.0059577490868,835.875,835.874999999917,8.2572837456496e-11,-5.20050867314475e-11,383.046045902302,0,0,0
stress,150,stress_clear_sky,hybrid_pso,15,14,30,1.00363337961169,928.75,680.778763279642,247.971236720357,-329.511464651172,761.74662197639,0,0,0
stress,150,stress_clear_sky,hybrid_pso,15,14,31,1.00390453639052,928.75,601.745182933965,327.004817066035,-466.046451048406,825.603037446429,0,0,0
stress,150,stress_clear_sky,hybrid_pso,15,14,32,1.00360810615969,1021.625,650.577913855561,371.047086144439,-526.678608497905,916.322390406126,0,0,0
stress,150,stress_clear_sky,hybrid_pso,15,14,33,1.00308058224,1114.5,710.773301429213,403.726698570787,-575.52396946596,998.876727367004,0,0,0
stress,150,stress_clear_sky,hybrid_pso,16,15,18,1.00893258331736,507.483955384258,483.728395164124,23.7555602201342,-0.995259415594012,658.776236450543,0,0,0
stress,150,stress_clear_sky,hybrid_pso,16,15,25,1.00169952339879,570.91944980729,570.91944980729,0,0,720.737310493908,0,0,0
stress,150,stress_clear_sky,hybrid_pso,16,15,30,1.00973746849599,634.354944230322,545.710165583493,88.6447786468288,-145.292201148516,863.665476792859,0,0,0
stress,150,stress_clear_sky,hybrid_pso,16,15,31,1.01180123452029,634.354944230322,486.862085529089,147.492858701233,-257.447126946435,898.155304109075,0,1,0
stress,150,stress_clear_sky,hybrid_pso,16,15,32,1.01202168240685,697.790438653354,525.443492225448,172.346946427906,-304.777178571323,993.381840801499,0,1,0
stress,150,stress_clear_sky,hybrid_pso,16,15,33,1.01197031478264,761.225933076387,570.563192500652,190.662740575735,-341.430399698828,1085.08573203386,0,1,0
stress,150,stress_clear_sky,hybrid_pso,17,16,18,0.99973410064734,346.621756355924,346.621756355924,0,6.55551105830437,740.157177916106,1,0,0
stress,150,stress_clear_sky,hybrid_pso,17,16,25,0.998489681214774,389.949475900414,389.949475900414,0,41.9008196165771,832.67682515562,1,0,0
stress,150,stress_clear_sky,hybrid_pso,17,16,30,1.01051371408681,433.277195444905,425.862756046475,7.41443939842939,-0.359170127729923,928.632625766239,0,1,0
stress,150,stress_clear_sky,hybrid_pso,17,16,31,1.0138340222759,433.277195444905,378.01980560906,55.2573898358449,-73.4760948595836,949.114675469876,1,1,1
stress,150,stress_clear_sky,hybrid_pso,17,16,32,1.01442569064542,476.604914989395,406.414228417981,70.1906865714139,-116.433726077807,1047.72411449564,1,1,1
stress,150,stress_clear_sky,hybrid_pso,17,16,33,1.01473000807522,519.932634533886,438.073599127318,81.8590354065674,-147.139380968719,1145.00870051176,1,1,1
stress,150,stress_clear_sky,hybrid_pso,18,17,18,0.992497437625487,167.990478599328,167.990478599328,0,200.046364153062,799.849041444677,1,0,0
stress,150,stress_clear_sky,hybrid_pso,18,17,25,0.994457400969463,188.989288424244,188.989288424244,0,166.066856377841,899.830171625262,1,0,0
stress,150,stress_clear_sky,hybrid_pso,18,17,30,0.997196548145889,209.98809824916,209.98809824916,0,93.0499506148841,999.811301805846,1,0,0
stress,150,stress_clear_sky,hybrid_pso,18,17,31,0.999500552181786,209.98809824916,209.98809824916,0,16.3991887293135,999.811301805846,1,0,0
stress,150,stress_clear_sky,hybrid_pso,18,17,32,0.999996382571609,230.986908074076,230.986908074076,0,0.371687362507709,1099.79243198643,1,0,0
stress,150,stress_clear_sky,hybrid_pso,18,17,33,1.0003966618029,251.985717898992,251.985717898992,0,0.31765204380739,1199.77356216702,0,0,0
stress,150,stress_clear_sky,hybrid_pso,19,18,18,0.9861584647341,2.33238774392958e-15,2.33238774392958e-15,0,377.106187482386,817.3,1,0,0
stress,150,stress_clear_sky,hybrid_pso,19,18,25,0.990651895774434,2.62393621192077e-15,2.62393621192077e-15,0,286.317807072195,919.4625,1,0,0
stress,150,stress_clear_sky,hybrid_pso,19,18,30,0.989548596777879,2.91548467991197e-15,2.91548467991197e-15,0,355.618635423585,1021.625,1,0,0
stress,150,stress_clear_sky,hybrid_pso,19,18,31,0.992246876902315,2.91548467991197e-15,2.91548467991197e-15,0,264.049285380879,1021.625,1,0,0
stress,150,stress_clear_sky,hybrid_pso,19,18,32,0.992982891477801,3.20703314790317e-15,3.20703314790317e-15,0,262.936266006891,1123.7875,1,0,0
stress,150,stress_clear_sky,hybrid_pso,19,18,33,0.993701873559426,3.49858161589436e-15,3.49858161589436e-15,0,257.510850669096,1225.95,1,0,0
stress,150,stress_clear_sky,hybrid_pso,20,19,18,0.986120198814707,0,0,0,378.148736211445,817.3,1,0,0
stress,150,stress_clear_sky,hybrid_pso,20,19,25,0.990626317626381,0,0,0,287.101293877354,919.4625,1,0,0
stress,150,stress_clear_sky,hybrid_pso,20,19,30,0.989519629501281,0,0,0,356.603959487095,1021.625,1,0,0
stress,150,stress_clear_sky,hybrid_pso,20,19,31,0.992225486500855,0,0,0,264.777814251898,1021.625,1,0,0
stress,150,stress_clear_sky,hybrid_pso,20,19,32,0.992963569199676,0,0,0,263.660382102306,1123.7875,1,0,0
stress,150,stress_clear_sky,hybrid_pso,20,19,33,0.993684550834307,0,0,0,258.219247933706,1225.95,1,0,0
stress,150,stress_clear_sky,hybrid_pso,21,20,18,0.986105465018384,0,0,0,378.550156090631,817.3,1,0,0
stress,150,stress_clear_sky,hybrid_pso,21,20,25,0.990616469501498,0,0,0,287.402952780954,919.4625,1,0,0
stress,150,stress_clear_sky,hybrid_pso,21,20,30,0.989508475920828,0,0,0,356.983349359355,1021.625,1,0,0
stress,150,stress_clear_sky,hybrid_pso,21,20,31,0.992217250471772,0,0,0,265.058322554897,1021.625,1,0,0
stress,150,stress_clear_sky,hybrid_pso,21,20,32,0.992956129523794,0,0,0,263.939189251521,1123.7875,1,0,0
stress,150,stress_clear_sky,hybrid_pso,21,20,33,0.993677881077208,0,0,0,258.492001656315,1225.95,1,0,0
stress,150,stress_clear_sky,hybrid_pso,22,21,18,0.986100780126189,0,0,0,378.677795215179,817.3,1,0,0
stress,150,stress_clear_sky,hybrid_pso,22,21,25,0.990613338149653,0,0,0,287.49886953511,919.4625,1,0,0
stress,150,stress_clear_sky,hybrid_pso,22,21,30,0.989504929414357,0,0,0,357.103984042508,1021.625,1,0,0
stress,150,stress_clear_sky,hybrid_pso,22,21,31,0.992214631676781,0,0,0,265.147515264455,1021.625,1,0,0
stress,150,stress_clear_sky,hybrid_pso,22,21,32,0.992953763950249,0,0,0,264.027840805335,1123.7875,1,0,0
stress,150,stress_clear_sky,hybrid_pso,22,21,33,0.993675760316016,0,0,0,258.578728279908,1225.95,1,0,0
stress,150,stress_clear_sky,hybrid_pso,23,22,18,0.986099543948163,0,0,0,378.711474684092,817.3,1,0,0
stress,150,stress_clear_sky,hybrid_pso,23,22,25,0.990612511900042,0,0,0,287.524178470324,919.4625,1,0,0
stress,150,stress_clear_sky,hybrid_pso,23,22,30,0.989503993615231,0,0,0,357.135815319894,1021.625,1,0,0
stress,150,stress_clear_sky,hybrid_pso,23,22,31,0.992213940669665,0,0,0,265.171050057162,1021.625,1,0,0
stress,150,stress_clear_sky,hybrid_pso,23,22,32,0.992953139759814,0,0,0,264.051232786685,1123.7875,1,0,0
stress,150,stress_clear_sky,hybrid_pso,23,22,33,0.993675200723095,0,0,0,258.601612329715,1225.95,1,0,0
stress,150,stress_clear_sky,hybrid_pso,24,23,18,0.986099272373632,0,0,0,378.718873687953,817.3,1,0,0
stress,150,stress_clear_sky,hybrid_pso,24,23,25,0.990612330382429,0,0,0,287.529738554671,919.4625,1,0,0
stress,150,stress_clear_sky,hybrid_pso,24,23,30,0.98950378803054,0,0,0,357.142808298574,1021.625,1,0,0
stress,150,stress_clear_sky,hybrid_pso,24,23,31,0.992213788863141,0,0,0,265.17622038755,1021.625,1,0,0
stress,150,stress_clear_sky,hybrid_pso,24,23,32,0.992953002632195,0,0,0,264.056371741922,1123.7875,1,0,0
stress,150,stress_clear_sky,hybrid_pso,24,23,33,0.993675077786838,0,0,0,258.606639697482,1225.95,1,0,0
stress,180,stress_clear_sky,hybrid,1,0,18,0.970929659981384,0,0,0,222.407511205429,980.76,1,0,0
stress,180,stress_clear_sky,hybrid,1,0,25,0.985666132321876,0,0,0,0,1103.355,0,0,0
stress,180,stress_clear_sky,hybrid,1,0,30,0.975146570448981,0,0,0,148.409306658654,1225.95,1,0,0
stress,180,stress_clear_sky,hybrid,1,0,31,0.975628747312317,0,0,0,133.949291834923,1225.95,1,0,0
stress,180,stress_clear_sky,hybrid,1,0,32,0.975825337975366,0,0,0,140.805800498311,1348.545,1,0,0
stress,180,stress_clear_sky,hybrid,1,0,33,0.976163077874485,0,0,0,141.335584830317,1471.14,1,0,0
stress,180,stress_clear_sky,hybrid,2,1,18,0.970929668145429,0,0,0,222.407311007289,980.76,1,0,0
stress,180,stress_clear_sky,hybrid,2,1,25,0.985666139388215,0,0,0,0,1103.355,0,0,0
stress,180,stress_clear_sky,hybrid,2,1,30,0.975146576550237,0,0,0,148.40912032721,1225.95,1,0,0
stress,180,stress_clear_sky,hybrid,2,1,31,0.975628751922839,0,0,0,133.949150505009,1225.95,1,0,0
stress,180,stress_clear_sky,hybrid,2,1,32,0.975825342176324,0,0,0,140.805658697556,1348.545,1,0,0
stress,180,stress_clear_sky,hybrid,2,1,33,0.976163081674687,0,0,0,141.335444749509,1471.14,1,0,0
stress,180,stress_clear_sky,hybrid,3,2,18,0.970929721416594,0,0,0,222.40600469562,980.76,1,0,0
stress,180,stress_clear_sky,hybrid,3,2,25,0.985666185496743,0,0,0,0,1103.355,0,0,0
stress,180,stress_clear_sky,hybrid,3,2,30,0.975146616361504,0,0,0,148.407904497026,1225.95,1,0,0
stress,180,stress_clear_sky,hybrid,3,2,31,0.975628782006929,0,0,0,133.948228314021,1225.95,1,0,0
stress,180,stress_clear_sky,hybrid,3,2,32,0.975825369587971,0,0,0,140.804733434292,1348.545,1,0,0
stress,180,stress_clear_sky,hybrid,3,2,33,0.976163106471361,0,0,0,141.334530709051,1471.14,1,0,0
stress,180,stress_clear_sky,hybrid,4,3,18,0.97093001198551,0,0,0,222.398879385503,980.76,1,0,0
stress,180,stress_clear_sky,hybrid,4,3,25,0.985666436996921,0,0,0,0,1103.355,0,0,0
stress,180,stress_clear_sky,hybrid,4,3,30,0.975146833513061,0,0,0,148.401272720791,1225.95,1,0,0
stress,180,stress_clear_sky,hybrid,4,3,31,0.975628946101372,0,0,0,133.943198199642,1225.95,1,0,0
stress,180,stress_clear_sky,hybrid,4,3,32,0.975825519105509,0,0,0,140.799686561882,1348.545,1,0,0
stress,180,stress_clear_sky,hybrid,4,3,33,0.976163241725468,0,0,0,141.329545051596,1471.14,1,0,0
stress,180,stress_clear_sky,hybrid,5,4,18,0.970931334624124,0,0,0,222.366445736335,980.76,1,0,0
stress,180,stress_clear_sky,hybrid,5,4,25,0.985667581799732,0,0,0,0,1103.355,0,0,0
stress,180,stress_clear_sky,hybrid,5,4,30,0.975147821963485,0,0,0,148.371085591969,1225.95,1,0,0
stress,180,stress_clear_sky,hybrid,5,4,31,0.975629693041904,0,0,0,133.920301651613,1225.95,1,0,0
stress,180,stress_clear_sky,hybrid,5,4,32,0.975826199693645,0,0,0,140.776713728518,1348.545,1,0,0
stress,180,stress_clear_sky,hybrid,5,4,33,0.976163857388038,0,0,0,141.306850859549,1471.14,1,0,0
stress,180,stress_clear_sky,hybrid,6,5,18,0.970936347189249,0,0,0,222.243527974133,980.76,1,0,0
stress,180,stress_clear_sky,hybrid,6,5,25,0.985671920412396,0,0,0,0,1103.355,0,0,0
stress,180,stress_clear_sky,hybrid,6,5,30,0.97515156801142,0,0,0,148.256681845558,1225.95,1,0,0
stress,180,stress_clear_sky,hybrid,6,5,31,0.975632523816448,0,0,0,133.833527722609,1225.95,1,0,0
stress,180,stress_clear_sky,hybrid,6,5,32,0.975828779006183,0,0,0,140.689650623623,1348.545,1,0,0
stress,180,stress_clear_sky,hybrid,6,5,33,0.97616619064489,0,0,0,141.220843716745,1471.14,1,0,0
stress,180,stress_clear_sky,hybrid,7,6,18,0.9709521115332,0,0,0,221.856955864239,980.76,1,0,0
stress,180,stress_clear_sky,hybrid,7,6,25,0.985685565339489,0,0,0,0,1103.355,0,0,0
stress,180,stress_clear_sky,hybrid,7,6,30,0.975163349167747,0,0,0,147.89688708527,1225.95,1,0,0
stress,180,stress_clear_sky,hybrid,7,6,31,0.975641426533036,0,0,0,133.560625851419,1225.95,1,0,0
stress,180,stress_clear_sky,hybrid,7,6,32,0.975836890901709,0,0,0,140.415838602564,1348.545,1,0,0
stress,180,stress_clear_sky,hybrid,7,6,33,0.976173528710649,0,0,0,140.95035225825,1471.14,1,0,0
stress,180,stress_clear_sky,hybrid,8,7,18,0.983122659938059,201.588574319194,201.588574319194,0,0,959.818849733613,0,0,0
stress,180,stress_clear_sky,hybrid,8,7,25,0.993078585825202,226.787146109093,226.787146109093,0,0,1079.79620595031,0,0,0
stress,180,stress_clear_sky,hybrid,8,7,30,0.998445124159796,251.985717898992,251.985717898992,0,0,1199.77356216702,0,0,0
stress,180,stress_clear_sky,hybrid,8,7,31,1.00146569004819,251.985717898992,251.985717898992,0,0,1199.77356216702,0,0,0
stress,180,stress_clear_sky,hybrid,8,7,32,1.00214261202356,277.184289688891,277.184289688891,0,0,1319.75091838372,0,0,0
stress,180,stress_clear_sky,hybrid,8,7,33,1.00264696394747,302.38286147879,302.38286147879,0,0,1439.72827460042,0,0,0
stress,180,stress_clear_sky,hybrid,9,8,18,1.00828894224838,415.946107627109,415.946107627109,0,0,888.188613499328,0,0,0
stress,180,stress_clear_sky,hybrid,9,8,25,1.00065710696994,467.939371080497,467.939371080497,0,0,999.212190186743,0,0,0
stress,180,stress_clear_sky,hybrid,9,8,30,1.02103847635859,519.932634533886,519.860049016747,0.0725855171381656,-28.921433151997,1110.26975638189,1,0,0
stress,180,stress_clear_sky,hybrid,9,8,31,1.02567921283632,519.932634533886,519.749516884855,0.183117649030229,-157.351482446466,1110.3215039789,1,0,0
stress,180,stress_clear_sky,hybrid,9,8,32,1.02654818131907,571.925897987274,571.697288722202,0.228609265072021,-199.602637679689,1221.36637709275,1,0,0
stress,180,stress_clear_sky,hybrid,9,8,33,1.02695882984595,623.919161440663,623.650931038136,0.268230402526888,-231.484121221245,1332.40850185492,1,0,0
stress,180,stress_clear_sky,hybrid,10,9,18,1.0221735489933,608.98074646111,608.912750173778,0.0679962873314024,-41.7041108642947,768.840321702632,1,0,0
stress,180,stress_clear_sky,hybrid,10,9,25,1.00587937708586,685.103339768748,685.103339768748,0,0,864.884772592689,0,0,0
stress,180,stress_clear_sky,hybrid,10,9,30,1.02870612967043,761.225933076387,760.929527680511,0.296405395875266,-208.993933078461,961.217798630421,1,0,0
stress,180,stress_clear_sky,hybrid,10,9,31,1.03344364594969,761.225933076387,713.81450997051,47.4114231058766,-334.597740031823,996.705697714004,1,1,1
stress,180,stress_clear_sky,hybrid,10,9,32,1.03421867818618,837.348526384025,773.487069174102,63.8614572099229,-392.258560461771,1104.66799122879,1,1,1
stress,180,stress_clear_sky,hybrid,10,9,33,1.03441994242715,913.471119691664,840.456695345524,73.0144243461395,-434.893868468337,1207.42927032969,1,1,1
stress,180,stress_clear_sky,hybrid,11,10,18,1.03320131424783,891.6,840.065050601374,51.5349493986258,-166.804099687974,506.143150065385,1,1,1
stress,180,stress_clear_sky,hybrid,11,10,25,1.01258168286811,1003.05,1003.05,0,-0.00148783240794051,459.655255082546,0,0,0
stress,180,stress_clear_sky,hybrid,11,10,30,1.03680032078956,1114.5,977.831818306944,136.668181693056,-310.39704324156,739.458137832383,1,1,1
stress,180,stress_clear_sky,hybrid,11,10,31,1.04186268433725,1114.5,876.339819843575,238.160180156425,-468.167574711091,857.310866988475,1,1,1
stress,180,stress_clear_sky,hybrid,11,10,32,1.04262877888418,1225.95,947.026676880668,278.923323119332,-542.664234366487,960.05942019302,1,1,1
stress,180,stress_clear_sky,hybrid,11,10,33,1.04270726942287,1337.4,1031.15464227642,306.245357723579,-595.204389001808,1049.27260676708,1,1,1
stress,180,stress_clear_sky,hybrid,12,11,18,1.03333408293668,891.6,837.931897346436,53.6681026535635,-169.65516408961,509.666864735585,1,1,1
stress,180,stress_clear_sky,hybrid,12,11,25,1.01273670312324,1003.05,1003.05,0,-0.00286356579861807,459.655255082546,0,0,0
stress,180,stress_clear_sky,hybrid,12,11,30,1.03689150082894,1114.5,976.004095260117,138.495904739883,-313.102832172896,741.868862087822,1,1,1
stress,180,stress_clear_sky,hybrid,12,11,31,1.04192435821714,1114.5,875.099049132391,239.400950867609,-470.176930392118,858.577344627486,1,1,1
stress,180,stress_clear_sky,hybrid,12,11,32,1.0426833892429,1225.95,945.817070372064,280.132929627936,-544.643767334387,961.251104768055,1,1,1
stress,180,stress_clear_sky,hybrid,12,11,33,1.04275527408062,1337.4,1029.99335028033,307.406649719669,-597.10522619519,1050.41258464391,1,1,1
stress,180,stress_clear_sky,hybrid,13,12,18,1.03341967947118,891.6,836.556667324599,55.043332675401,-171.499889612941,511.921009487558,1,1,1
stress,180,stress_clear_sky,hybrid,13,12,25,1.01283677764331,1003.05,1003.05,0,-0.00375155576051245,459.655255082546,0,0,0
stress,180,stress_clear_sky,hybrid,13,12,30,1.03695034796137,1114.5,974.823045588836,139.676954411164,-314.848893696474,743.420091394432,1,1,1
stress,180,stress_clear_sky,hybrid,13,12,31,1.04196415561012,1114.5,874.297827842668,240.202172157331,-471.475130017255,859.393222413111,1,1,1
stress,180,stress_clear_sky,hybrid,13,12,32,1.04271862791677,1225.95,945.036252665914,280.913747334086,-545.922041690182,962.01876186079,1,1,1
stress,180,stress_clear_sky,hybrid,13,12,33,1.04278624965741,1337.4,1029.24388255622,308.15611744378,-598.332265797766,1051.14695919296,1,1,1
stress,180,stress_clear_sky,hybrid,14,13,18,1.03341967947118,891.6,836.556667324599,55.043332675401,-171.499889612941,511.921009487558,1,1,1
stress,180,stress_clear_sky,hybrid,14,13,25,1.01283677764331,1003.05,1003.05,0,-0.00375155576051245,459.655255082546,0,0,0
stress,180,stress_clear_sky,hybrid,14,13,30,1.03695034796137,1114.5,974.823045588836,139.676954411164,-314.848893696474,743.420091394432,1,1,1
stress,180,stress_clear_sky,hybrid,14,13,31,1.04196415561012,1114.5,874.297827842668,240.202172157331,-471.475130017255,859.393222413111,1,1,1
stress,180,stress_clear_sky,hybrid,14,13,32,1.04271862791677,1225.95,945.036252665914,280.913747334086,-545.922041690182,962.01876186079,1,1,1
stress,180,stress_clear_sky,hybrid,14,13,33,1.04278624965741,1337.4,1029.24388255622,308.15611744378,-598.332265797766,1051.14695919296,1,1,1
stress,180,stress_clear_sky,hybrid,15,14,18,1.03333408293668,891.6,837.931897346436,53.6681026535635,-169.65516408961,509.666864735585,1,1,1
stress,180,stress_clear_sky,hybrid,15,14,25,1.01273670312324,1003.05,1003.05,0,-0.00286356579861807,459.655255082546,0,0,0
stress,180,stress_clear_sky,hybrid,15,14,30,1.03689150082894,1114.5,976.004095260117,138.495904739883,-313.102832172896,741.868862087822,1,1,1
stress,180,stress_clear_sky,hybrid,15,14,31,1.04192435821714,1114.5,875.099049132391,239.400950867609,-470.176930392118,858.577344627486,1,1,1
stress,180,stress_clear_sky,hybrid,15,14,32,1.0426833892429,1225.95,945.817070372064,280.132929627936,-544.643767334387,961.251104768055,1,1,1
stress,180,stress_clear_sky,hybrid,15,14,33,1.04275527408062,1337.4,1029.99335028033,307.406649719669,-597.10522619519,1050.41258464391,1,1,1
stress,180,stress_clear_sky,hybrid,16,15,18,1.02238201767721,608.98074646111,608.908877958567,0.0718685025425519,-45.7067792123649,768.843388436969,1,0,0
stress,180,stress_clear_sky,hybrid,16,15,25,1.0060396360343,685.103339768748,685.103339768748,0,0,864.884772592689,0,0,0
stress,180,stress_clear_sky,hybrid,16,15,30,1.02882659970808,761.225933076387,760.925699751168,0.300233325218908,-211.884031933379,961.220828924444,1,0,0
stress,180,stress_clear_sky,hybrid,16,15,31,1.03352800388432,761.225933076387,712.655626477466,48.5703065989203,-336.977263565235,997.534641278191,1,1,1
stress,180,stress_clear_sky,hybrid,16,15,32,1.03429423032189,837.348526384025,772.348690513281,64.9998358707438,-394.628625347338,1105.46420895813,1,1,1
stress,180,stress_clear_sky,hybrid,16,15,33,1.03448754642481,913.471119691664,839.345061434308,74.1260582573556,-437.214409220421,1208.20228746921,1,1,1
stress,180,stress_clear_sky,hybrid,17,16,18,1.00863659655976,415.946107627109,415.946107627109,0,0,888.188613499328,0,0,0
stress,180,stress_clear_sky,hybrid,17,16,25,1.00078412867959,467.939371080497,467.939371080497,0,0,999.212190186743,0,0,0
stress,180,stress_clear_sky,hybrid,17,16,30,1.02115271119002,519.932634533886,519.85513730879,0.0774972250957087,-32.0806752601678,1110.27205617077,1,0,0
stress,180,stress_clear_sky,hybrid,17,16,31,1.02576784626486,519.932634533886,519.744383406771,0.188251127114167,-159.806266810418,1110.3239069826,1,0,0
stress,180,stress_clear_sky,hybrid,17,16,32,1.02662995182044,571.925897987274,571.691588370875,0.234309616399704,-202.094359988669,1221.36904529752,1,0,0
stress,180,stress_clear_sky,hybrid,17,16,33,1.02703382577423,623.919161440663,623.644697860715,0.274463579947454,-233.978087666801,1332.41141935598,1,0,0
stress,180,stress_clear_sky,hybrid,18,17,18,0.983396149583835,201.588574319194,201.588574319194,0,0,959.818849733613,0,0,0
stress,180,stress_clear_sky,hybrid,18,17,25,0.993168143240899,226.787146109093,226.787146109093,0,0,1079.79620595031,0,0,0
stress,180,stress_clear_sky,hybrid,18,17,30,0.9986647438544,251.985717898992,251.985717898992,0,0,1199.77356216702,0,0,0
stress,180,stress_clear_sky,hybrid,18,17,31,1.0016960629974,251.985717898992,251.985717898992,0,0,1199.77356216702,0,0,0
stress,180,stress_clear_sky,hybrid,18,17,32,1.00237534881925,277.184289688891,277.184289688891,0,0,1319.75091838372,0,0,0
stress,180,stress_clear_sky,hybrid,18,17,33,1.00288036433313,302.382861478791,302.382861478791,0,0,1439.72827460042,0,0,0
stress,180,stress_clear_sky,hybrid,19,18,18,0.970993054151415,2.79886529271549e-15,2.79886529271549e-15,0,220.852963927704,980.76,1,0,0
stress,180,stress_clear_sky,hybrid,19,18,25,0.985721004474633,3.14872345430493e-15,3.14872345430493e-15,0,0,1103.355,0,0,0
stress,180,stress_clear_sky,hybrid,19,18,30,0.975193946539321,3.49858161589436e-15,3.49858161589436e-15,0,146.962447916397,1225.95,1,0,0
stress,180,stress_clear_sky,hybrid,19,18,31,0.975664548568269,3.49858161589436e-15,3.49858161589436e-15,0,132.851848253263,1225.95,1,0,0
stress,180,stress_clear_sky,hybrid,19,18,32,0.975857959172743,3.8484397774838e-15,3.8484397774838e-15,0,139.70469222049,1348.545,1,0,0
stress,180,stress_clear_sky,hybrid,19,18,33,0.976192587265913,4.19829793907324e-15,4.19829793907324e-15,0,140.247827081115,1471.14,1,0,0
stress,180,stress_clear_sky,hybrid,20,19,18,0.9709521115332,0,0,0,221.856955864239,980.76,1,0,0
stress,180,stress_clear_sky,hybrid,20,19,25,0.985685565339489,0,0,0,0,1103.355,0,0,0
stress,180,stress_clear_sky,hybrid,20,19,30,0.975163349167747,0,0,0,147.89688708527,1225.95,1,0,0
stress,180,stress_clear_sky,hybrid,20,19,31,0.975641426533036,0,0,0,133.560625851419,1225.95,1,0,0
stress,180,stress_clear_sky,hybrid,20,19,32,0.975836890901709,0,0,0,140.415838602564,1348.545,1,0,0
stress,180,stress_clear_sky,hybrid,20,19,33,0.976173528710649,0,0,0,140.95035225825,1471.14,1,0,0
stress,180,stress_clear_sky,hybrid,21,20,18,0.970936347189249,0,0,0,222.243527974133,980.76,1,0,0
stress,180,stress_clear_sky,hybrid,21,20,25,0.985671920412396,0,0,0,0,1103.355,0,0,0
stress,180,stress_clear_sky,hybrid,21,20,30,0.97515156801142,0,0,0,148.256681845558,1225.95,1,0,0
stress,180,stress_clear_sky,hybrid,21,20,31,0.975632523816448,0,0,0,133.833527722609,1225.95,1,0,0
stress,180,stress_clear_sky,hybrid,21,20,32,0.975828779006183,0,0,0,140.689650623623,1348.545,1,0,0
stress,180,stress_clear_sky,hybrid,21,20,33,0.97616619064489,0,0,0,141.220843716745,1471.14,1,0,0
stress,180,stress_clear_sky,hybrid,22,21,18,0.970931334624124,0,0,0,222.366445736335,980.76,1,0,0
stress,180,stress_clear_sky,hybrid,22,21,25,0.985667581799732,0,0,0,0,1103.355,0,0,0
stress,180,stress_clear_sky,hybrid,22,21,30,0.975147821963485,0,0,0,148.371085591969,1225.95,1,0,0
stress,180,stress_clear_sky,hybrid,22,21,31,0.975629693041904,0,0,0,133.920301651613,1225.95,1,0,0
stress,180,stress_clear_sky,hybrid,22,21,32,0.975826199693645,0,0,0,140.776713728518,1348.545,1,0,0
stress,180,stress_clear_sky,hybrid,22,21,33,0.976163857388038,0,0,0,141.306850859549,1471.14,1,0,0
stress,180,stress_clear_sky,hybrid,23,22,18,0.97093001198551,0,0,0,222.398879385503,980.76,1,0,0
stress,180,stress_clear_sky,hybrid,23,22,25,0.985666436996921,0,0,0,0,1103.355,0,0,0
stress,180,stress_clear_sky,hybrid,23,22,30,0.975146833513061,0,0,0,148.401272720791,1225.95,1,0,0
stress,180,stress_clear_sky,hybrid,23,22,31,0.975628946101372,0,0,0,133.943198199642,1225.95,1,0,0
stress,180,stress_clear_sky,hybrid,23,22,32,0.975825519105509,0,0,0,140.799686561882,1348.545,1,0,0
stress,180,stress_clear_sky,hybrid,23,22,33,0.976163241725468,0,0,0,141.329545051596,1471.14,1,0,0
stress,180,stress_clear_sky,hybrid,24,23,18,0.970929721416594,0,0,0,222.40600469562,980.76,1,0,0
stress,180,stress_clear_sky,hybrid,24,23,25,0.985666185496743,0,0,0,0,1103.355,0,0,0
stress,180,stress_clear_sky,hybrid,24,23,30,0.975146616361504,0,0,0,148.407904497026,1225.95,1,0,0
stress,180,stress_clear_sky,hybrid,24,23,31,0.975628782006929,0,0,0,133.948228314021,1225.95,1,0,0
stress,180,stress_clear_sky,hybrid,24,23,32,0.975825369587971,0,0,0,140.804733434292,1348.545,1,0,0
stress,180,stress_clear_sky,hybrid,24,23,33,0.976163106471361,0,0,0,141.334530709051,1471.14,1,0,0
stress,180,stress_clear_sky,hybrid_pso,1,0,18,0.98776827039257,0,0,0,399.894468713682,980.76,1,0,0
stress,180,stress_clear_sky,hybrid_pso,1,0,25,0.991175371926796,0,0,0,324.420288446767,1103.355,1,0,0
stress,180,stress_clear_sky,hybrid_pso,1,0,30,0.990547352800401,0,0,0,385.994291438388,1225.95,1,0,0
stress,180,stress_clear_sky,hybrid_pso,1,0,31,0.993311891046604,0,0,0,273.342140121196,1225.95,1,0,0
stress,180,stress_clear_sky,hybrid_pso,1,0,32,0.994053459017942,0,0,0,267.381974111964,1348.545,1,0,0
stress,180,stress_clear_sky,hybrid_pso,1,0,33,0.994768315617047,0,0,0,256.673845347562,1471.14,1,0,0
stress,180,stress_clear_sky,hybrid_pso,2,1,18,0.987768277117787,0,0,0,399.894248842404,980.76,1,0,0
stress,180,stress_clear_sky,hybrid_pso,2,1,25,0.991175376723775,0,0,0,324.42011208398,1103.355,1,0,0
stress,180,stress_clear_sky,hybrid_pso,2,1,30,0.990547358011568,0,0,0,385.994078706552,1225.95,1,0,0
stress,180,stress_clear_sky,hybrid_pso,2,1,31,0.993311894715395,0,0,0,273.341990169516,1225.95,1,0,0
stress,180,stress_clear_sky,hybrid_pso,2,1,32,0.994053462272758,0,0,0,267.381827741602,1348.545,1,0,0
stress,180,stress_clear_sky,hybrid_pso,2,1,33,0.994768318477057,0,0,0,256.673705008581,1471.14,1,0,0
stress,180,stress_clear_sky,hybrid_pso,3,2,18,0.98776832100046,0,0,0,399.892814161674,980.76,1,0,0
stress,180,stress_clear_sky,hybrid_pso,3,2,25,0.991175408024518,0,0,0,324.418961300165,1103.355,1,0,0
stress,180,stress_clear_sky,hybrid_pso,3,2,30,0.990547392014922,0,0,0,385.992690611345,1225.95,1,0,0
stress,180,stress_clear_sky,hybrid_pso,3,2,31,0.993311918654601,0,0,0,273.341011720692,1225.95,1,0,0
stress,180,stress_clear_sky,hybrid_pso,3,2,32,0.994053483510735,0,0,0,267.380872661213,1348.545,1,0,0
stress,180,stress_clear_sky,hybrid_pso,3,2,33,0.994768337138889,0,0,0,256.672789283509,1471.14,1,0,0
stress,180,stress_clear_sky,hybrid_pso,4,3,18,0.987768560359595,0,0,0,399.884988659819,980.76,1,0,0
stress,180,stress_clear_sky,hybrid_pso,4,3,25,0.991175578755244,0,0,0,324.41268431939,1103.355,1,0,0
stress,180,stress_clear_sky,hybrid_pso,4,3,30,0.990547577487055,0,0,0,385.985119211858,1225.95,1,0,0
stress,180,stress_clear_sky,hybrid_pso,4,3,31,0.993312049231605,0,0,0,273.335674746864,1225.95,1,0,0
stress,180,stress_clear_sky,hybrid_pso,4,3,32,0.994053599353824,0,0,0,267.375663150834,1348.545,1,0,0
stress,180,stress_clear_sky,hybrid_pso,4,3,33,0.994768438930332,0,0,0,256.667794437571,1471.14,1,0,0
stress,180,stress_clear_sky,hybrid_pso,5,4,18,0.987769649896403,0,0,0,399.849367824683,980.76,1,0,0
stress,180,stress_clear_sky,hybrid_pso,5,4,25,0.991176355903992,0,0,0,324.384112146963,1103.355,1,0,0
stress,180,stress_clear_sky,hybrid_pso,5,4,30,0.990548421735836,0,0,0,385.950655032937,1225.95,1,0,0
stress,180,stress_clear_sky,hybrid_pso,5,4,31,0.99331264360411,0,0,0,273.31138141485,1225.95,1,0,0
stress,180,stress_clear_sky,hybrid_pso,5,4,32,0.99405412665926,0,0,0,267.351950012999,1348.545,1,0,0
stress,180,stress_clear_sky,hybrid_pso,5,4,33,0.994768902274227,0,0,0,256.645058426415,1471.14,1,0,0
stress,180,stress_clear_sky,hybrid_pso,6,5,18,0.987773779041716,0,0,0,399.71437137174,980.76,1,0,0
stress,180,stress_clear_sky,hybrid_pso,6,5,25,0.991179301170728,0,0,0,324.275828283552,1103.355,1,0,0
stress,180,stress_clear_sky,hybrid_pso,6,5,30,0.990551621280801,0,0,0,385.82004224158,1225.95,1,0,0
stress,180,stress_clear_sky,hybrid_pso,6,5,31,0.993314896169575,0,0,0,273.219314032877,1225.95,1,0,0
stress,180,stress_clear_sky,hybrid_pso,6,5,32,0.994056125054428,0,0,0,267.262081377741,1348.545,1,0,0
stress,180,stress_clear_sky,hybrid_pso,6,5,33,0.994770658267289,0,0,0,256.558892884482,1471.14,1,0,0
stress,180,stress_clear_sky,hybrid_pso,7,6,18,0.987786765005002,0,0,0,399.289814025172,980.76,1,0,0
stress,180,stress_clear_sky,hybrid_pso,7,6,25,0.991188564048152,0,0,0,323.935275036945,1103.355,1,0,0
stress,180,stress_clear_sky,hybrid_pso,7,6,30,0.990561683658907,0,0,0,385.409272805611,1225.95,1,0,0
stress,180,stress_clear_sky,hybrid_pso,7,6,31,0.993321980403606,0,0,0,272.929765568885,1225.95,1,0,0
stress,180,stress_clear_sky,hybrid_pso,7,6,32,0.994062409951982,0,0,0,266.979447008537,1348.545,1,0,0
stress,180,stress_clear_sky,hybrid_pso,7,6,33,0.994776180826409,0,0,0,256.287904172117,1471.14,1,0,0
stress,180,stress_clear_sky,hybrid_pso,8,7,18,0.994575028600611,201.588574319194,201.588574319194,0,173.545607618508,959.818849733613,1,0,0
stress,180,stress_clear_sky,hybrid_pso,8,7,25,0.995484401778565,226.787146109093,226.787146109093,0,162.272096525496,1079.79620595031,1,0,0
stress,180,stress_clear_sky,hybrid_pso,8,7,30,1.00030725450233,251.985717898992,251.985717898992,0,0.208197861848961,1199.77356216702,0,0,0
stress,180,stress_clear_sky,hybrid_pso,8,7,31,1.00332229286373,251.985717898992,251.985717898992,0,0,1199.77356216702,0,0,0
stress,180,stress_clear_sky,hybrid_pso,8,7,32,1.00399796937408,277.184289688891,277.184289688891,0,0,1319.75091838372,0,0,0
stress,180,stress_clear_sky,hybrid_pso,8,7,33,1.00450139182204,302.38286147879,302.38286147879,0,0,1439.72827460042,0,0,0
stress,180,stress_clear_sky,hybrid_pso,9,8,18,1.00333824662758,415.946107627109,415.946107627074,3.41740524767431e-11,1.75436114755692e-11,888.188613499344,0,0,0
stress,180,stress_clear_sky,hybrid_pso,9,8,25,0.999461376508272,467.939371080497,467.939371080497,0,8.61694530478581,999.212190186743,1,0,0
stress,180,stress_clear_sky,hybrid_pso,9,8,30,1.00917453168742,519.932634533886,481.93846274427,37.994171789616,-52.9499674433334,1127.24829590809,0,0,0
stress,180,stress_clear_sky,hybrid_pso,9,8,31,1.01163444850173,519.932634533886,435.920032238728,84.0126022951579,-181.887993197208,1145.8303225142,0,1,0
stress,180,stress_clear_sky,hybrid_pso,9,8,32,1.01198359694161,571.925897987274,470.044889873715,101.881008113559,-225.666918059556,1263.97445327372,0,1,0
stress,180,stress_clear_sky,hybrid_pso,9,8,33,1.0120689995013,623.919161440663,508.710808716693,115.20835272397,-259.109830832757,1380.38625489202,0,1,0
stress,180,stress_clear_sky,hybrid_pso,10,9,18,1.00674960942547,608.98074646111,549.293515670042,59.687230791068,-69.4573264253943,812.506499200373,0,0,0
stress,180,stress_clear_sky,hybrid_pso,10,9,25,1.0031544731999,685.103339768748,685.103339768748,0,0,864.884772592689,0,0,0
stress,180,stress_clear_sky,hybrid_pso,10,9,30,1.00486607658259,761.225933076387,622.004079481949,139.221853594438,-249.196650775101,1056.43945761592,0,0,0
stress,180,stress_clear_sky,hybrid_pso,10,9,31,1.00568563788639,761.225933076387,559.734794284808,201.491138791579,-389.461279227416,1090.71094363582,0,0,0
stress,180,stress_clear_sky,hybrid_pso,10,9,32,1.00554102217475,837.348526384025,606.485250024332,230.863276359693,-453.454985656502,1204.47053036922,0,0,0
stress,180,stress_clear_sky,hybrid_pso,10,9,33,1.00516349115665,913.471119691664,661.280293301459,252.190826390205,-497.664387926694,1314.1389855305,0,0,0
stress,180,stress_clear_sky,hybrid_pso,11,10,18,1.00279503412037,891.6,695.14427141438,196.45572858562,-246.802499042986,691.855923960886,0,0,0
stress,180,stress_clear_sky,hybrid_pso,11,10,25,1.00774226467918,1003.05,983.892007253191,19.1579927468089,-2.28857850048763e-10,499.348349439834,0,0,0
stress,180,stress_clear_sky,hybrid_pso,11,10,30,0.997989781646094,1114.5,776.668489036111,337.831510963889,-487.132760901731,948.545971810731,1,0,0
stress,180,stress_clear_sky,hybrid_pso,11,10,31,0.997326047113538,1114.5,692.45391424712,422.04608575288,-598.597762965336,1011.66248281917,1,0,0
stress,180,stress_clear_sky,hybrid_pso,11,10,32,0.996747260301692,1225.95,748.17281030661,477.77718969339,-667.698615320913,1121.96749638432,1,0,0
stress,180,stress_clear_sky,hybrid_pso,11,10,33,0.995939628246562,1337.4,815.660666405134,521.739333594866,-724.802631679756,1224.31637123724,1,0,0
stress,180,stress_clear_sky,hybrid_pso,12,11,18,1.00912338751057,891.6,708.656648975228,182.943351024772,-220.879823791797,678.008798957064,0,0,0
stress,180,stress_clear_sky,hybrid_pso,12,11,25,1.00881820245822,1003.05,984.107235975028,18.942764024972,-2.36027709610752e-10,498.92404645055,0,0,0
stress,180,stress_clear_sky,hybrid_pso,12,11,30,1.00599743915482,1114.5,797.666596797537,316.833403202462,-441.337785934942,930.957250819518,0,0,0
stress,180,stress_clear_sky,hybrid_pso,12,11,31,1.0064970744167,1114.5,717.486605450875,397.013394549125,-566.790319088679,994.065578067453,0,0,0
stress,180,stress_clear_sky,hybrid_pso,12,11,32,1.0062018997292,1225.95,776.766750007026,449.183249992974,-635.895651121995,1102.36429237731,0,0,0
stress,180,stress_clear_sky,hybrid_pso,12,11,33,1.00559406109396,1337.4,847.6964886853,489.7035113147,-687.612989112605,1202.35750202284,0,0,0
stress,180,stress_clear_sky,hybrid_pso,13,12,18,1.00902354675008,891.6,707.023111010509,184.576888989491,-223.82218043748,679.712069995099,0,0,0
stress,180,stress_clear_sky,hybrid_pso,13,12,25,1.00886769043012,1003.05,982.597600199207,20.452399800793,-2.40991008469792e-10,501.890637597235,0,0,0
stress,180,stress_clear_sky,hybrid_pso,13,12,30,1.00583430077146,1114.5,796.512321741494,317.987678258505,-444.208018626252,931.945021883788,0,0,0
stress,180,stress_clear_sky,hybrid_pso,13,12,31,1.00627689831759,1114.5,716.835980383267,397.664019616733,-570.090108323379,994.534855964315,0,0,0
stress,180,stress_clear_sky,hybrid_pso,13,12,32,1.00596736052498,1225.95,776.196270666762,449.753729333237,-639.403894795892,1102.76605244631,0,0,0
stress,180,stress_clear_sky,hybrid_pso,13,12,33,1.0053475849346,1337.4,847.230281450566,490.169718549434,-691.252420265473,1202.68605620635,0,0,0
stress,180,stress_clear_sky,hybrid_pso,14,13,18,1.00902354675008,891.6,707.023111010509,184.576888989491,-223.82218043748,679.712069995099,0,0,0
stress,180,stress_clear_sky,hybrid_pso,14,13,25,1.00886769043012,1003.05,982.597600199207,20.452399800793,-2.40991008469792e-10,501.890637597235,0,0,0
stress,180,stress_clear_sky,hybrid_pso,14,13,30,1.00583430077146,1114.5,796.512321741494,317.987678258505,-444.208018626252,931.945021883788,0,0,0
stress,180,stress_clear_sky,hybrid_pso,14,13,31,1.00627689831759,1114.5,716.835980383267,397.664019616733,-570.090108323379,994.534855964315,0,0,0
stress,180,stress_clear_sky,hybrid_pso,14,13,32,1.00596736052498,1225.95,776.196270666762,449.753729333237,-639.403894795892,1102.76605244631,0,0,0
stress,180,stress_clear_sky,hybrid_pso,14,13,33,1.0053475849346,1337.4,847.230281450566,490.169718549434,-691.252420265473,1202.68605620635,0,0,0
stress,180,stress_clear_sky,hybrid_pso,15,14,18,1.00912338751057,891.6,708.656648975228,182.943351024772,-220.879823791797,678.008798957064,0,0,0
stress,180,stress_clear_sky,hybrid_pso,15,14,25,1.00881820245822,1003.05,984.107235975028,18.942764024972,-2.36027709610752e-10,498.92404645055,0,0,0
stress,180,stress_clear_sky,hybrid_pso,15,14,30,1.00599743915482,1114.5,797.666596797537,316.833403202462,-441.337785934942,930.957250819518,0,0,0
stress,180,stress_clear_sky,hybrid_pso,15,14,31,1.0064970744167,1114.5,717.486605450875,397.013394549125,-566.790319088679,994.065578067453,0,0,0
stress,180,stress_clear_sky,hybrid_pso,15,14,32,1.0062018997292,1225.95,776.766750007026,449.183249992974,-635.895651121995,1102.36429237731,0,0,0
stress,180,stress_clear_sky,hybrid_pso,15,14,33,1.00559406109396,1337.4,847.6964886853,489.7035113147,-687.612989112605,1202.35750202284,0,0,0
stress,180,stress_clear_sky,hybrid_pso,16,15,18,1.00678085544521,608.98074646111,547.306778860568,61.673967600542,-73.4062273556797,813.846095655235,0,0,0
stress,180,stress_clear_sky,hybrid_pso,16,15,25,1.00329854661706,685.103339768748,685.103339768748,0,0,864.884772592689,0,0,0
stress,180,stress_clear_sky,hybrid_pso,16,15,30,1.00486194920964,761.225933076387,620.288110882922,140.937822193465,-252.905877937454,1057.44790037018,0,0,0
stress,180,stress_clear_sky,hybrid_pso,16,15,31,1.00563676651701,761.225933076387,558.691397500539,202.534535575847,-392.537162676694,1091.24576739564,0,0,0
stress,180,stress_clear_sky,hybrid_pso,16,15,32,1.00548141049631,837.348526384025,605.517048162057,231.831478221969,-456.435891342276,1204.95756000372,0,0,0
stress,180,stress_clear_sky,hybrid_pso,16,15,33,1.00509454994192,913.471119691664,660.408548805711,253.062570885953,-500.48248861159,1314.57728881353,0,0,0
stress,180,stress_clear_sky,hybrid_pso,17,16,18,1.00364463316076,415.946107627109,415.946107627071,3.78169717762944e-11,2.60130286860806e-12,888.188613499345,0,0,0
stress,180,stress_clear_sky,hybrid_pso,17,16,25,0.999553221313088,467.939371080497,467.939371080497,0,6.61372904115861,999.212190186743,1,0,0
stress,180,stress_clear_sky,hybrid_pso,17,16,30,1.0091914941148,519.932634533886,480.993994467805,38.9386400660806,-56.5287121850713,1127.65162163937,0,0,0
stress,180,stress_clear_sky,hybrid_pso,17,16,31,1.01161287488007,519.932634533886,435.381476668969,84.5511578649167,-184.652396466322,1146.03506590049,0,1,0
stress,180,stress_clear_sky,hybrid_pso,17,16,32,1.01195238154107,571.925897987274,469.601100805807,102.324797181467,-228.459446330976,1264.13940020354,0,1,0
stress,180,stress_clear_sky,hybrid_pso,17,16,33,1.01202933879019,623.919161440663,508.375500231309,115.543661209354,-261.883449848751,1380.50977916296,0,1,0
stress,180,stress_clear_sky,hybrid_pso,18,17,18,0.994663092628747,201.588574319194,201.588574319194,0,170.732881838065,959.818849733613,1,0,0
stress,180,stress_clear_sky,hybrid_pso,18,17,25,0.995541126478996,226.787146109093,226.787146109093,0,160.140243029727,1079.79620595031,1,0,0
stress,180,stress_clear_sky,hybrid_pso,18,17,30,1.00049730845345,251.985717898992,251.985717898992,0,0.199388696543793,1199.77356216702,0,0,0
stress,180,stress_clear_sky,hybrid_pso,18,17,31,1.00352316948789,251.985717898992,251.985717898992,0,0,1199.77356216702,0,0,0
stress,180,stress_clear_sky,hybrid_pso,18,17,32,1.00420122558903,277.184289688891,277.184289688891,0,0,1319.75091838372,0,0,0
stress,180,stress_clear_sky,hybrid_pso,18,17,33,1.00470532537674,302.382861478791,302.382861478791,0,0,1439.72827460042,0,0,0
stress,180,stress_clear_sky,hybrid_pso,19,18,18,0.987820527153003,2.79886529271549e-15,2.79886529271549e-15,0,398.191144767856,980.76,1,0,0
stress,180,stress_clear_sky,hybrid_pso,19,18,25,0.991212113385323,3.14872345430493e-15,3.14872345430493e-15,0,323.01214261359,1103.355,1,0,0
stress,180,stress_clear_sky,hybrid_pso,19,18,30,0.990587428042517,3.49858161589436e-15,3.49858161589436e-15,0,384.266886244188,1225.95,1,0,0
stress,180,stress_clear_sky,hybrid_pso,19,18,31,0.993340354257187,3.49858161589436e-15,3.49858161589436e-15,0,272.185596729744,1225.95,1,0,0
stress,180,stress_clear_sky,hybrid_pso,19,18,32,0.994078827745818,3.8484397774838e-15,3.8484397774838e-15,0,266.265349154541,1348.545,1,0,0
stress,180,stress_clear_sky,hybrid_pso,19,18,33,0.994790728155824,4.19829793907324e-15,4.19829793907324e-15,0,255.617049281115,1471.14,1,0,0
stress,180,stress_clear_sky,hybrid_pso,20,19,18,0.987786765005002,0,0,0,399.289814025172,980.76,1,0,0
stress,180,stress_clear_sky,hybrid_pso,20,19,25,0.991188564048152,0,0,0,323.935275036945,1103.355,1,0,0
stress,180,stress_clear_sky,hybrid_pso,20,19,30,0.990561683658907,0,0,0,385.409272805611,1225.95,1,0,0
stress,180,stress_clear_sky,hybrid_pso,20,19,31,0.993321980403606,0,0,0,272.929765568885,1225.95,1,0,0
stress,180,stress_clear_sky,hybrid_pso,20,19,32,0.994062409951982,0,0,0,266.979447008537,1348.545,1,0,0
stress,180,stress_clear_sky,hybrid_pso,20,19,33,0.994776180826409,0,0,0,256.287904172117,1471.14,1,0,0
stress,180,stress_clear_sky,hybrid_pso,21,20,18,0.987773779041716,0,0,0,399.71437137174,980.76,1,0,0
stress,180,stress_clear_sky,hybrid_pso,21,20,25,0.991179301170728,0,0,0,324.275828283552,1103.355,1,0,0
stress,180,stress_clear_sky,hybrid_pso,21,20,30,0.990551621280801,0,0,0,385.82004224158,1225.95,1,0,0
stress,180,stress_clear_sky,hybrid_pso,21,20,31,0.993314896169575,0,0,0,273.219314032877,1225.95,1,0,0
stress,180,stress_clear_sky,hybrid_pso,21,20,32,0.994056125054428,0,0,0,267.262081377741,1348.545,1,0,0
stress,180,stress_clear_sky,hybrid_pso,21,20,33,0.994770658267289,0,0,0,256.558892884482,1471.14,1,0,0
stress,180,stress_clear_sky,hybrid_pso,22,21,18,0.987769649896403,0,0,0,399.849367824683,980.76,1,0,0
stress,180,stress_clear_sky,hybrid_pso,22,21,25,0.991176355903992,0,0,0,324.384112146963,1103.355,1,0,0
stress,180,stress_clear_sky,hybrid_pso,22,21,30,0.990548421735836,0,0,0,385.950655032937,1225.95,1,0,0
stress,180,stress_clear_sky,hybrid_pso,22,21,31,0.99331264360411,0,0,0,273.31138141485,1225.95,1,0,0
stress,180,stress_clear_sky,hybrid_pso,22,21,32,0.99405412665926,0,0,0,267.351950012999,1348.545,1,0,0
stress,180,stress_clear_sky,hybrid_pso,22,21,33,0.994768902274227,0,0,0,256.645058426415,1471.14,1,0,0
stress,180,stress_clear_sky,hybrid_pso,23,22,18,0.987768560359595,0,0,0,399.884988659819,980.76,1,0,0
stress,180,stress_clear_sky,hybrid_pso,23,22,25,0.991175578755244,0,0,0,324.41268431939,1103.355,1,0,0
stress,180,stress_clear_sky,hybrid_pso,23,22,30,0.990547577487055,0,0,0,385.985119211858,1225.95,1,0,0
stress,180,stress_clear_sky,hybrid_pso,23,22,31,0.993312049231605,0,0,0,273.335674746864,1225.95,1,0,0
stress,180,stress_clear_sky,hybrid_pso,23,22,32,0.994053599353824,0,0,0,267.375663150834,1348.545,1,0,0
stress,180,stress_clear_sky,hybrid_pso,23,22,33,0.994768438930332,0,0,0,256.667794437571,1471.14,1,0,0
stress,180,stress_clear_sky,hybrid_pso,24,23,18,0.98776832100046,0,0,0,399.892814161674,980.76,1,0,0
stress,180,stress_clear_sky,hybrid_pso,24,23,25,0.991175408024518,0,0,0,324.418961300165,1103.355,1,0,0
stress,180,stress_clear_sky,hybrid_pso,24,23,30,0.990547392014922,0,0,0,385.992690611345,1225.95,1,0,0
stress,180,stress_clear_sky,hybrid_pso,24,23,31,0.993311918654601,0,0,0,273.341011720692,1225.95,1,0,0
stress,180,stress_clear_sky,hybrid_pso,24,23,32,0.994053483510735,0,0,0,267.380872661213,1348.545,1,0,0
stress,180,stress_clear_sky,hybrid_pso,24,23,33,0.994768337138889,0,0,0,256.672789283509,1471.14,1,0,0
stress,200,stress_clear_sky,hybrid,1,0,18,0.971541499055282,0,0,0,230.45114952979,1089.73333333333,1,0,0
stress,200,stress_clear_sky,hybrid,1,0,25,0.9857017730507,0,0,0,0,1225.95,0,0,0
stress,200,stress_clear_sky,hybrid,1,0,30,0.975467164476974,0,0,0,154.013479703614,1362.16666666667,1,0,0
stress,200,stress_clear_sky,hybrid,1,0,31,0.975983933166908,0,0,0,136.741915660128,1362.16666666667,1,0,0
stress,200,stress_clear_sky,hybrid,1,0,32,0.976187105584389,0,0,0,142.892427355435,1498.38333333333,1,0,0
stress,200,stress_clear_sky,hybrid,1,0,33,0.976527405567896,0,0,0,142.12868905311,1634.6,1,0,0
stress,200,stress_clear_sky,hybrid,2,1,18,0.971541506663238,0,0,0,230.450942238086,1089.73333333333,1,0,0
stress,200,stress_clear_sky,hybrid,2,1,25,0.985701780081524,0,0,0,0,1225.95,0,0,0
stress,200,stress_clear_sky,hybrid,2,1,30,0.975467170229056,0,0,0,154.013284500291,1362.16666666667,1,0,0
stress,200,stress_clear_sky,hybrid,2,1,31,0.975983937401537,0,0,0,136.741771421394,1362.16666666667,1,0,0
stress,200,stress_clear_sky,hybrid,2,1,32,0.976187109406041,0,0,0,142.892284021887,1498.38333333333,1,0,0
stress,200,stress_clear_sky,hybrid,2,1,33,0.976527408988952,0,0,0,142.128548938926,1634.6,1,0,0
stress,200,stress_clear_sky,hybrid,3,2,18,0.971541556305867,0,0,0,230.449589640233,1089.73333333333,1,0,0
stress,200,stress_clear_sky,hybrid,3,2,25,0.985701825958308,0,0,0,0,1225.95,0,0,0
stress,200,stress_clear_sky,hybrid,3,2,30,0.975467207761932,0,0,0,154.012010780285,1362.16666666667,1,0,0
stress,200,stress_clear_sky,hybrid,3,2,31,0.975983965032891,0,0,0,136.740830250094,1362.16666666667,1,0,0
stress,200,stress_clear_sky,hybrid,3,2,32,0.976187134342685,0,0,0,142.891348757007,1498.38333333333,1,0,0
stress,200,stress_clear_sky,hybrid,3,2,33,0.976527431311661,0,0,0,142.127634680697,1634.6,1,0,0
stress,200,stress_clear_sky,hybrid,4,3,18,0.971541827082837,0,0,0,230.442211861117,1089.73333333333,1,0,0
stress,200,stress_clear_sky,hybrid,4,3,25,0.985702076194435,0,0,0,0,1225.95,0,0,0
stress,200,stress_clear_sky,hybrid,4,3,30,0.97546741248594,0,0,0,154.005063242731,1362.16666666667,1,0,0
stress,200,stress_clear_sky,hybrid,4,3,31,0.975984115748813,0,0,0,136.735696607212,1362.16666666667,1,0,0
stress,200,stress_clear_sky,hybrid,4,3,32,0.976187270360252,0,0,0,142.886247330607,1498.38333333333,1,0,0
stress,200,stress_clear_sky,hybrid,4,3,33,0.97652755307146,0,0,0,142.122647835488,1634.6,1,0,0
stress,200,stress_clear_sky,hybrid,5,4,18,0.971543059630507,0,0,0,230.408629003473,1089.73333333333,1,0,0
stress,200,stress_clear_sky,hybrid,5,4,25,0.985703215243367,0,0,0,0,1225.95,0,0,0
stress,200,stress_clear_sky,hybrid,5,4,30,0.975468344367399,0,0,0,153.973438806115,1362.16666666667,1,0,0
stress,200,stress_clear_sky,hybrid,5,4,31,0.975984801791669,0,0,0,136.712328810543,1362.16666666667,1,0,0
stress,200,stress_clear_sky,hybrid,5,4,32,0.976187889497889,0,0,0,142.863026174991,1498.38333333333,1,0,0
stress,200,stress_clear_sky,hybrid,5,4,33,0.976528107309307,0,0,0,142.099948238519,1634.6,1,0,0
stress,200,stress_clear_sky,hybrid,6,5,18,0.971547730765123,0,0,0,230.281355996073,1089.73333333333,1,0,0
stress,200,stress_clear_sky,hybrid,6,5,25,0.985707532049061,0,0,0,0,1225.95,0,0,0
stress,200,stress_clear_sky,hybrid,6,5,30,0.975471876027638,0,0,0,153.853587977494,1362.16666666667,1,0,0
stress,200,stress_clear_sky,hybrid,6,5,31,0.975987401773696,0,0,0,136.623768963232,1362.16666666667,1,0,0
stress,200,stress_clear_sky,hybrid,6,5,32,0.976190235922846,0,0,0,142.77502199788,1498.38333333333,1,0,0
stress,200,stress_clear_sky,hybrid,6,5,33,0.976530207776271,0,0,0,142.013920636117,1634.6,1,0,0
stress,200,stress_clear_sky,hybrid,7,6,18,0.971562421302818,0,0,0,229.881087311883,1089.73333333333,1,0,0
stress,200,stress_clear_sky,hybrid,7,6,25,0.985721108385779,0,0,0,0,1225.95,0,0,0
stress,200,stress_clear_sky,hybrid,7,6,30,0.975482982927803,0,0,0,153.476662937532,1362.16666666667,1,0,0
stress,200,stress_clear_sky,hybrid,7,6,31,0.975995578643807,0,0,0,136.345250752423,1362.16666666667,1,0,0
stress,200,stress_clear_sky,hybrid,7,6,32,0.976197615383433,0,0,0,142.498250594502,1498.38333333333,1,0,0
stress,200,stress_clear_sky,hybrid,7,6,33,0.976536813714411,0,0,0,141.743365081216,1634.6,1,0,0
stress,200,stress_clear_sky,hybrid,8,7,18,0.986476523346858,223.987304799104,223.987304799104,0,0,1066.4653885929,0,0,0
stress,200,stress_clear_sky,hybrid,8,7,25,0.994029829280746,251.985717898992,251.985717898992,0,0,1199.77356216702,0,0,0
stress,200,stress_clear_sky,hybrid,8,7,30,1.00244373251493,279.98413099888,279.98413099888,0,0,1333.08173574113,0,0,0
stress,200,stress_clear_sky,hybrid,8,7,31,1.00600453215521,279.98413099888,279.98413099888,0,0,1333.08173574113,0,0,0
stress,200,stress_clear_sky,hybrid,8,7,32,1.00680185587616,307.982544098768,307.982544098768,0,0,1466.38990931524,0,0,0
stress,200,stress_clear_sky,hybrid,8,7,33,1.00737469603367,335.980957198656,335.980957198656,0,0,1599.69808288935,0,0,0
stress,200,stress_clear_sky,hybrid,9,8,18,1.01208142339305,462.162341807898,462.162341807898,0,-0.0119314459712591,986.876237221475,0,0,0
stress,200,stress_clear_sky,hybrid,9,8,25,1.00190339761554,519.932634533886,519.932634533886,0,0,1110.23576687416,0,0,0
stress,200,stress_clear_sky,hybrid,9,8,30,1.02255592374376,577.702927259873,577.578192165692,0.124735094180536,-78.780335676648,1233.65370331888,1,0,0
stress,200,stress_clear_sky,hybrid,9,8,31,1.02709314050045,577.702927259873,577.489576488426,0.213350771447428,-218.440504538269,1233.69518797189,1,0,0
stress,200,stress_clear_sky,hybrid,9,8,32,1.02789945108874,635.47321998586,635.216742192761,0.25647779309905,-267.657582662387,1357.07490730951,1,0,0
stress,200,stress_clear_sky,hybrid,9,8,33,1.02821907095868,693.243512711848,692.948791426033,0.294721285814918,-303.898262711695,1480.45234048962,1,0,0
stress,200,stress_clear_sky,hybrid,10,9,18,1.02414922970495,676.645273845677,676.534373026327,0.110900819349797,-88.4969357175292,854.295019236125,1,0,0
stress,200,stress_clear_sky,hybrid,10,9,25,1.00740759719766,761.225933076387,761.225933076387,0,0,960.983080658543,0,0,0
stress,200,stress_clear_sky,hybrid,10,9,30,1.02987150357388,845.806592307096,845.460963297014,0.345629010082595,-263.300785072613,1068.03267146594,1,0,0
stress,200,stress_clear_sky,hybrid,10,9,31,1.03445859956807,845.806592307096,777.719663285275,68.0869290218215,-403.870388680155,1118.32470826555,1,1,1
stress,200,stress_clear_sky,hybrid,10,9,32,1.03516160511028,930.387251537806,843.701555582952,86.6856959548541,-468.984069441084,1238.27311152186,1,1,1
stress,200,stress_clear_sky,hybrid,10,9,33,1.03526360369772,1014.96791076852,918.496949012667,96.4709617558488,-515.634764595243,1352.13923641555,1,1,1
stress,200,stress_clear_sky,hybrid,11,10,18,1.03455327328163,990.666666666667,909.468275282812,81.1983913838545,-218.299024246456,600.321742094924,1,1,1
stress,200,stress_clear_sky,hybrid,11,10,25,1.01456516738189,1114.5,1114.5,0,-0.00746032494286716,510.728061202829,0,0,0
stress,200,stress_clear_sky,hybrid,11,10,30,1.03764014746947,1238.33333333333,1068.05086596716,170.282467366173,-372.674701704491,845.437978496694,1,1,1
stress,200,stress_clear_sky,hybrid,11,10,31,1.04262956926818,1238.33333333333,956.857205006422,281.476128326911,-548.213775311354,969.495908709818,1,1,1
stress,200,stress_clear_sky,hybrid,11,10,32,1.04333902114201,1362.16666666667,1035.14509648932,327.021570177346,-631.806589283802,1083.34077871426,1,1,1
stress,200,stress_clear_sky,hybrid,11,10,33,1.04332056414446,1486,1129.72463208485,356.275367915147,-688.454334879124,1181.37183632451,1,1,1
stress,200,stress_clear_sky,hybrid,12,11,18,1.03467334036097,990.666666666667,907.328909649975,83.337757016692,-221.284520227436,603.550318938832,1,1,1
stress,200,stress_clear_sky,hybrid,12,11,25,1.01471852929082,1114.5,1114.5,0,-0.00785754951972881,510.728061202829,0,0,0
stress,200,stress_clear_sky,hybrid,12,11,30,1.03772477228042,1238.33333333333,1066.16668855699,172.166644776345,-375.511611724721,847.812844906943,1,1,1
stress,200,stress_clear_sky,hybrid,12,11,31,1.0426850808973,1238.33333333333,955.621753440845,282.711579892488,-550.245171610167,970.713702452181,1,1,1
stress,200,stress_clear_sky,hybrid,12,11,32,1.04338765492249,1362.16666666667,1033.95576136661,328.210905300054,-633.782776701455,1084.47595508056,1,1,1
stress,200,stress_clear_sky,hybrid,12,11,33,1.04336277191436,1486,1128.59906009953,357.400939900468,-690.323865699334,1182.44717494798,1,1,1
stress,200,stress_clear_sky,hybrid,13,12,18,1.03475076252466,990.666666666667,905.949351327079,84.7173153395877,-223.215147850786,605.619113476303,1,1,1
stress,200,stress_clear_sky,hybrid,13,12,25,1.01481753304507,1114.5,1114.5,0,-0.00811394719074715,510.728061202829,0,0,0
stress,200,stress_clear_sky,hybrid,13,12,30,1.03777938207179,1238.33333333333,1064.9506763037,173.382657029633,-377.345285922378,849.33979349732,1,1,1
stress,200,stress_clear_sky,hybrid,13,12,31,1.04272090083989,1238.33333333333,954.82485389976,283.508479433573,-551.557187106412,971.497568783926,1,1,1
stress,200,stress_clear_sky,hybrid,13,12,32,1.04341903556316,1362.16666666667,1033.18812301649,328.978543650177,-635.058900325092,1085.20731478772,1,1,1
stress,200,stress_clear_sky,hybrid,13,12,33,1.04339000463334,1486,1127.87263245208,358.127367547922,-691.530926972552,1183.14009524047,1,1,1
stress,200,stress_clear_sky,hybrid,14,13,18,1.03475076252466,990.666666666667,905.949351327079,84.7173153395877,-223.215147850786,605.619113476303,1,1,1
stress,200,stress_clear_sky,hybrid,14,13,25,1.01481753304507,1114.5,1114.5,0,-0.00811394719074715,510.728061202829,0,0,0
stress,200,stress_clear_sky,hybrid,14,13,30,1.03777938207179,1238.33333333333,1064.9506763037,173.382657029633,-377.345285922378,849.33979349732,1,1,1
stress,200,stress_clear_sky,hybrid,14,13,31,1.04272090083989,1238.33333333333,954.82485389976,283.508479433573,-551.557187106412,971.497568783926,1,1,1
stress,200,stress_clear_sky,hybrid,14,13,32,1.04341903556316,1362.16666666667,1033.18812301649,328.978543650177,-635.058900325092,1085.20731478772,1,1,1
stress,200,stress_clear_sky,hybrid,14,13,33,1.04339000463334,1486,1127.87263245208,358.127367547922,-691.530926972552,1183.14009524047,1,1,1
stress,200,stress_clear_sky,hybrid,15,14,18,1.03467334036097,990.666666666667,907.328909649975,83.337757016692,-221.284520227436,603.550318938832,1,1,1
stress,200,stress_clear_sky,hybrid,15,14,25,1.01471852929082,1114.5,1114.5,0,-0.00785754951972881,510.728061202829,0,0,0
stress,200,stress_clear_sky,hybrid,15,14,30,1.03772477228042,1238.33333333333,1066.16668855699,172.166644776345,-375.511611724721,847.812844906943,1,1,1
stress,200,stress_clear_sky,hybrid,15,14,31,1.0426850808973,1238.33333333333,955.621753440845,282.711579892488,-550.245171610167,970.713702452181,1,1,1
stress,200,stress_clear_sky,hybrid,15,14,32,1.04338765492249,1362.16666666667,1033.95576136661,328.210905300054,-633.782776701455,1084.47595508056,1,1,1
stress,200,stress_clear_sky,hybrid,15,14,33,1.04336277191436,1486,1128.59906009953,357.400939900468,-690.323865699334,1182.44717494798,1,1,1
stress,200,stress_clear_sky,hybrid,16,15,18,1.02434293742528,676.645273845677,676.530975164977,0.114298680700415,-92.6301244965358,854.297710063713,1,0,0
stress,200,stress_clear_sky,hybrid,16,15,25,1.0075658940265,761.225933076387,761.225933076387,0,0,960.983080658543,0,0,0
stress,200,stress_clear_sky,hybrid,16,15,30,1.02998380542272,845.806592307096,845.453896490209,0.352695816886912,-266.29350759722,1068.03826555386,1,0,0
stress,200,stress_clear_sky,hybrid,16,15,31,1.03453476858489,845.806592307096,776.560729880778,69.2458624263185,-406.291302661386,1119.12977825845,1,1,1
stress,200,stress_clear_sky,hybrid,16,15,32,1.03522906203738,930.387251537806,842.572133561266,87.8151179765398,-471.364773816421,1239.04189330189,1,1,1
stress,200,stress_clear_sky,hybrid,16,15,33,1.03532323828337,1014.96791076852,917.407483946838,97.5604268216777,-517.934223466396,1352.87865989465,1,1,1
stress,200,stress_clear_sky,hybrid,17,16,18,1.01242232400108,462.162341807898,462.162341807898,0,-0.0222419051997235,986.876237221475,0,0,0
stress,200,stress_clear_sky,hybrid,17,16,25,1.00202891244789,519.932634533886,519.932634533886,0,0,1110.23576687416,0,0,0
stress,200,stress_clear_sky,hybrid,17,16,30,1.02266221914732,577.702927259873,577.574740397395,0.128186862478463,-82.0498122878913,1233.65531937923,1,0,0
stress,200,stress_clear_sky,hybrid,17,16,31,1.02717370360155,577.702927259873,577.485971456714,0.216955803158513,-220.920338996069,1233.69687547163,1,0,0
stress,200,stress_clear_sky,hybrid,17,16,32,1.02797319158678,635.47321998586,635.212739686639,0.260480299220898,-270.155092426859,1357.07678078689,1,0,0
stress,200,stress_clear_sky,hybrid,17,16,33,1.02828610820325,693.243512711848,692.944415227883,0.299097483964957,-306.376067457512,1480.45438882949,1,0,0
stress,200,stress_clear_sky,hybrid,18,17,18,0.986748397501622,223.987304799104,223.987304799104,0,0,1066.4653885929,0,0,0
stress,200,stress_clear_sky,hybrid,18,17,25,0.994119093090241,251.985717898992,251.985717898992,0,0,1199.77356216702,0,0,0
stress,200,stress_clear_sky,hybrid,18,17,30,1.0026618067124,279.98413099888,279.98413099888,0,0,1333.08173574113,0,0,0
stress,200,stress_clear_sky,hybrid,18,17,31,1.00623319071396,279.98413099888,279.98413099888,0,0,1333.08173574113,0,0,0
stress,200,stress_clear_sky,hybrid,18,17,32,1.0070328408112,307.982544098768,307.982544098768,0,0,1466.38990931524,0,0,0
stress,200,stress_clear_sky,hybrid,18,17,33,1.00760632659912,335.980957198656,335.980957198656,0,0,1599.69808288935,0,0,0
stress,200,stress_clear_sky,hybrid,19,18,18,0.971600574932506,3.10985032523943e-15,3.10985032523943e-15,0,228.841526791959,1089.73333333333,1,0,0
stress,200,stress_clear_sky,hybrid,19,18,25,0.985756369322198,3.49858161589436e-15,3.49858161589436e-15,0,0,1225.95,0,0,0
stress,200,stress_clear_sky,hybrid,19,18,30,0.975511829043075,3.88731290654929e-15,3.88731290654929e-15,0,152.497737879675,1362.16666666667,1,0,0
stress,200,stress_clear_sky,hybrid,19,18,31,0.976016815450273,3.88731290654929e-15,3.88731290654929e-15,0,135.621888796874,1362.16666666667,1,0,0
stress,200,stress_clear_sky,hybrid,19,18,32,0.976216781317492,4.27604419720422e-15,4.27604419720422e-15,0,141.77942002844,1498.38333333333,1,0,0
stress,200,stress_clear_sky,hybrid,19,18,33,0.976553970731395,4.66477548785915e-15,4.66477548785915e-15,0,141.040675194949,1634.6,1,0,0
stress,200,stress_clear_sky,hybrid,20,19,18,0.971562421302818,0,0,0,229.881087311883,1089.73333333333,1,0,0
stress,200,stress_clear_sky,hybrid,20,19,25,0.985721108385779,0,0,0,0,1225.95,0,0,0
stress,200,stress_clear_sky,hybrid,20,19,30,0.975482982927803,0,0,0,153.476662937532,1362.16666666667,1,0,0
stress,200,stress_clear_sky,hybrid,20,19,31,0.975995578643807,0,0,0,136.345250752423,1362.16666666667,1,0,0
stress,200,stress_clear_sky,hybrid,20,19,32,0.976197615383433,0,0,0,142.498250594502,1498.38333333333,1,0,0
stress,200,stress_clear_sky,hybrid,20,19,33,0.976536813714411,0,0,0,141.743365081216,1634.6,1,0,0
stress,200,stress_clear_sky,hybrid,21,20,18,0.971547730765123,0,0,0,230.281355996073,1089.73333333333,1,0,0
stress,200,stress_clear_sky,hybrid,21,20,25,0.985707532049061,0,0,0,0,1225.95,0,0,0
stress,200,stress_clear_sky,hybrid,21,20,30,0.975471876027638,0,0,0,153.853587977494,1362.16666666667,1,0,0
stress,200,stress_clear_sky,hybrid,21,20,31,0.975987401773696,0,0,0,136.623768963232,1362.16666666667,1,0,0
stress,200,stress_clear_sky,hybrid,21,20,32,0.976190235922846,0,0,0,142.77502199788,1498.38333333333,1,0,0
stress,200,stress_clear_sky,hybrid,21,20,33,0.976530207776271,0,0,0,142.013920636117,1634.6,1,0,0
stress,200,stress_clear_sky,hybrid,22,21,18,0.971543059630507,0,0,0,230.408629003473,1089.73333333333,1,0,0
stress,200,stress_clear_sky,hybrid,22,21,25,0.985703215243367,0,0,0,0,1225.95,0,0,0
stress,200,stress_clear_sky,hybrid,22,21,30,0.975468344367399,0,0,0,153.973438806115,1362.16666666667,1,0,0
stress,200,stress_clear_sky,hybrid,22,21,31,0.975984801791669,0,0,0,136.712328810543,1362.16666666667,1,0,0
stress,200,stress_clear_sky,hybrid,22,21,32,0.976187889497889,0,0,0,142.863026174991,1498.38333333333,1,0,0
stress,200,stress_clear_sky,hybrid,22,21,33,0.976528107309307,0,0,0,142.099948238519,1634.6,1,0,0
stress,200,stress_clear_sky,hybrid,23,22,18,0.971541827082837,0,0,0,230.442211861117,1089.73333333333,1,0,0
stress,200,stress_clear_sky,hybrid,23,22,25,0.985702076194435,0,0,0,0,1225.95,0,0,0
stress,200,stress_clear_sky,hybrid,23,22,30,0.97546741248594,0,0,0,154.005063242731,1362.16666666667,1,0,0
stress,200,stress_clear_sky,hybrid,23,22,31,0.975984115748813,0,0,0,136.735696607212,1362.16666666667,1,0,0
stress,200,stress_clear_sky,hybrid,23,22,32,0.976187270360252,0,0,0,142.886247330607,1498.38333333333,1,0,0
stress,200,stress_clear_sky,hybrid,23,22,33,0.97652755307146,0,0,0,142.122647835488,1634.6,1,0,0
stress,200,stress_clear_sky,hybrid,24,23,18,0.971541556305867,0,0,0,230.449589640233,1089.73333333333,1,0,0
stress,200,stress_clear_sky,hybrid,24,23,25,0.985701825958308,0,0,0,0,1225.95,0,0,0
stress,200,stress_clear_sky,hybrid,24,23,30,0.975467207761932,0,0,0,154.012010780285,1362.16666666667,1,0,0
stress,200,stress_clear_sky,hybrid,24,23,31,0.975983965032891,0,0,0,136.740830250094,1362.16666666667,1,0,0
stress,200,stress_clear_sky,hybrid,24,23,32,0.976187134342685,0,0,0,142.891348757007,1498.38333333333,1,0,0
stress,200,stress_clear_sky,hybrid,24,23,33,0.976527431311661,0,0,0,142.127634680697,1634.6,1,0,0
stress,200,stress_clear_sky,hybrid_pso,1,0,18,0.988674033170363,0,0,0,411.427692328539,1089.73333333333,1,0,0
stress,200,stress_clear_sky,hybrid_pso,1,0,25,0.991509435445199,0,0,0,346.813485329928,1225.95,1,0,0
stress,200,stress_clear_sky,hybrid_pso,1,0,30,0.991107715823577,0,0,0,403.390102572978,1362.16666666667,1,0,0
stress,200,stress_clear_sky,hybrid_pso,1,0,31,0.993888661836494,0,0,0,277.535836146816,1362.16666666667,1,0,0
stress,200,stress_clear_sky,hybrid_pso,1,0,32,0.994627067225984,0,0,0,268.454267298676,1498.38333333333,1,0,0
stress,200,stress_clear_sky,hybrid_pso,1,0,33,0.995333928085533,0,0,0,254.389335827828,1634.6,1,0,0
stress,200,stress_clear_sky,hybrid_pso,2,1,18,0.988674039403645,0,0,0,411.427465894889,1089.73333333333,1,0,0
stress,200,stress_clear_sky,hybrid_pso,2,1,25,0.991509440062204,0,0,0,346.813296725973,1225.95,1,0,0
stress,200,stress_clear_sky,hybrid_pso,2,1,30,0.991107720730753,0,0,0,403.389880047758,1362.16666666667,1,0,0
stress,200,stress_clear_sky,hybrid_pso,2,1,31,0.993888665191402,0,0,0,277.53568377705,1362.16666666667,1,0,0
stress,200,stress_clear_sky,hybrid_pso,2,1,32,0.994627070168506,0,0,0,268.454120251391,1498.38333333333,1,0,0
stress,200,stress_clear_sky,hybrid_pso,2,1,33,0.995333930637611,0,0,0,254.389196662087,1634.6,1,0,0
stress,200,stress_clear_sky,hybrid_pso,3,2,18,0.988674080076392,0,0,0,411.425988394079,1089.73333333333,1,0,0
stress,200,stress_clear_sky,hybrid_pso,3,2,25,0.991509470188597,0,0,0,346.812066067399,1225.95,1,0,0
stress,200,stress_clear_sky,hybrid_pso,3,2,30,0.991107752750538,0,0,0,403.38842804983,1362.16666666667,1,0,0
stress,200,stress_clear_sky,hybrid_pso,3,2,31,0.993888687082498,0,0,0,277.53468955003,1362.16666666667,1,0,0
stress,200,stress_clear_sky,hybrid_pso,3,2,32,0.994627089368741,0,0,0,268.453160754047,1498.38333333333,1,0,0
stress,200,stress_clear_sky,hybrid_pso,3,2,33,0.995333947290163,0,0,0,254.388288592555,1634.6,1,0,0
stress,200,stress_clear_sky,hybrid_pso,4,3,18,0.9886743019269,0,0,0,411.41792932921,1089.73333333333,1,0,0
stress,200,stress_clear_sky,hybrid_pso,4,3,25,0.991509634513802,0,0,0,346.805353407682,1225.95,1,0,0
stress,200,stress_clear_sky,hybrid_pso,4,3,30,0.991107927403236,0,0,0,403.380508091557,1362.16666666667,1,0,0
stress,200,stress_clear_sky,hybrid_pso,4,3,31,0.993888806488029,0,0,0,277.529266513715,1362.16666666667,1,0,0
stress,200,stress_clear_sky,hybrid_pso,4,3,32,0.994627194096908,0,0,0,268.447927151335,1498.38333333333,1,0,0
stress,200,stress_clear_sky,hybrid_pso,4,3,33,0.995334038121927,0,0,0,254.383335504003,1634.6,1,0,0
stress,200,stress_clear_sky,hybrid_pso,5,4,18,0.988675311766221,0,0,0,411.381245344708,1089.73333333333,1,0,0
stress,200,stress_clear_sky,hybrid_pso,5,4,25,0.991510382505246,0,0,0,346.774798070718,1225.95,1,0,0
stress,200,stress_clear_sky,hybrid_pso,5,4,30,0.991108722403044,0,0,0,403.344457315429,1362.16666666667,1,0,0
stress,200,stress_clear_sky,hybrid_pso,5,4,31,0.993889350009144,0,0,0,277.504581436647,1362.16666666667,1,0,0
stress,200,stress_clear_sky,hybrid_pso,5,4,32,0.994627670808369,0,0,0,268.424104349373,1498.38333333333,1,0,0
stress,200,stress_clear_sky,hybrid_pso,5,4,33,0.9953344515785,0,0,0,254.360789569422,1634.6,1,0,0
stress,200,stress_clear_sky,hybrid_pso,6,5,18,0.988679138870947,0,0,0,411.242219811247,1089.73333333333,1,0,0
stress,200,stress_clear_sky,hybrid_pso,6,5,25,0.991513217270091,0,0,0,346.658998357126,1225.95,1,0,0
stress,200,stress_clear_sky,hybrid_pso,6,5,30,0.991111735302274,0,0,0,403.207831678477,1362.16666666667,1,0,0
stress,200,stress_clear_sky,hybrid_pso,6,5,31,0.993891409856239,0,0,0,277.411029442813,1362.16666666667,1,0,0
stress,200,stress_clear_sky,hybrid_pso,6,5,32,0.994629477460765,0,0,0,268.333820130166,1498.38333333333,1,0,0
stress,200,stress_clear_sky,hybrid_pso,6,5,33,0.995336018506886,0,0,0,254.275344404981,1634.6,1,0,0
stress,200,stress_clear_sky,hybrid_pso,7,6,18,0.988691174913747,0,0,0,410.804991831769,1089.73333333333,1,0,0
stress,200,stress_clear_sky,hybrid_pso,7,6,25,0.991522132613689,0,0,0,346.29480792594,1225.95,1,0,0
stress,200,stress_clear_sky,hybrid_pso,7,6,30,0.991121210676836,0,0,0,402.778152831381,1362.16666666667,1,0,0
stress,200,stress_clear_sky,hybrid_pso,7,6,31,0.993897887991016,0,0,0,277.116812258248,1362.16666666667,1,0,0
stress,200,stress_clear_sky,hybrid_pso,7,6,32,0.994635159327691,0,0,0,268.049879007195,1498.38333333333,1,0,0
stress,200,stress_clear_sky,hybrid_pso,7,6,33,0.995340946457968,0,0,0,254.006621472221,1634.6,1,0,0
stress,200,stress_clear_sky,hybrid_pso,8,7,18,0.99596723766532,223.987304799104,223.987304799104,0,143.373404923272,1066.4653885929,1,0,0
stress,200,stress_clear_sky,hybrid_pso,8,7,25,0.99622689901061,251.985717898992,251.985717898992,0,150.548438358986,1199.77356216702,1,0,0
stress,200,stress_clear_sky,hybrid_pso,8,7,30,1.00401041295479,279.98413099888,279.98413099888,0,0,1333.08173574113,0,0,0
stress,200,stress_clear_sky,hybrid_pso,8,7,31,1.00756576067988,279.98413099888,279.98413099888,0,0,1333.08173574113,0,0,0
stress,200,stress_clear_sky,hybrid_pso,8,7,32,1.00836185661028,307.982544098768,307.982544098768,0,0,1466.38990931524,0,0,0
stress,200,stress_clear_sky,hybrid_pso,8,7,33,1.00893381322096,335.980957198656,335.980957198656,0,0,1599.69808288935,0,0,0
stress,200,stress_clear_sky,hybrid_pso,9,8,18,1.00608984996786,462.162341807898,462.162341807803,9.5062846483529e-11,-1.51880916063202e-10,986.87623722152,0,0,0
stress,200,stress_clear_sky,hybrid_pso,9,8,25,1.00034000974734,519.932634533886,519.932634533886,0,1.89689594602597e-11,1110.23576687416,0,0,0
stress,200,stress_clear_sky,hybrid_pso,9,8,30,1.00816390488626,577.702927259873,521.124421137171,56.578506122702,-113.634476014936,1258.54176151299,0,0,0
stress,200,stress_clear_sky,hybrid_pso,9,8,31,1.01011651280984,577.702927259873,483.756780582414,93.946146677459,-255.671738069609,1273.37245337659,0,1,0
stress,200,stress_clear_sky,hybrid_pso,9,8,32,1.01030557046588,635.47321998586,523.729196217582,111.744023768278,-307.53691557618,1403.87333568253,0,1,0
stress,200,stress_clear_sky,hybrid_pso,9,8,33,1.01023404734693,693.243512711848,569.466557285847,123.776955426,-345.882641997476,1532.19613631317,0,1,0
stress,200,stress_clear_sky,hybrid_pso,10,9,18,1.01184149799762,676.645273845677,603.488256521218,73.157017324459,-94.5080473038884,907.370190175299,0,1,0
stress,200,stress_clear_sky,hybrid_pso,10,9,25,1.00532900732444,761.225933076387,761.225933076354,3.26995375221628e-11,0,960.983080658569,0,0,0
stress,200,stress_clear_sky,hybrid_pso,10,9,30,1.01209242528095,845.806592307096,692.294519249733,153.512073057364,-271.849591543603,1173.1267307476,0,1,0
stress,200,stress_clear_sky,hybrid_pso,10,9,31,1.01398888457135,845.806592307096,633.870554238574,211.936038068522,-414.551621975996,1205.69737009212,1,1,1
stress,200,stress_clear_sky,hybrid_pso,10,9,32,1.01409611098506,930.387251537806,689.2717117693,241.115539768506,-474.65918173468,1330.43493676532,1,1,1
stress,200,stress_clear_sky,hybrid_pso,10,9,33,1.01386597537035,1014.96791076852,753.294834225918,261.673076542598,-512.357285542389,1450.67710146971,1,1,1
stress,200,stress_clear_sky,hybrid_pso,11,10,18,1.00326034292057,990.666666666667,759.904305839455,230.762360827212,-296.354181952966,781.066055941771,0,0,0
stress,200,stress_clear_sky,hybrid_pso,11,10,25,1.00899491401255,1114.5,1062.72082674959,51.7791732504116,-0.596395741693342,611.210149533425,0,0,0
stress,200,stress_clear_sky,hybrid_pso,11,10,30,0.997220253037725,1238.33333333333,855.343862819621,382.989470513712,-538.796222534152,1060.13438021535,1,0,0
stress,200,stress_clear_sky,hybrid_pso,11,10,31,0.996191294200073,1238.33333333333,764.876959679619,473.456373653714,-693.701399092117,1127.1474013318,1,0,0
stress,200,stress_clear_sky,hybrid_pso,11,10,32,0.99550388879059,1362.16666666667,827.55351927351,534.613147393157,-760.667580859815,1249.12280675246,1,0,0
stress,200,stress_clear_sky,hybrid_pso,11,10,33,0.99456633879639,1486,904.388775559913,581.611224440087,-819.915254517466,1361.61598941891,1,0,0
stress,200,stress_clear_sky,hybrid_pso,12,11,18,1.0032476547626,990.666666666667,757.667174899662,232.999491767005,-300.740396861594,783.236356317391,0,0,0
stress,200,stress_clear_sky,hybrid_pso,12,11,25,1.00907332057299,1114.5,1060.54470517889,53.9552948211114,-2.88867232815161,614.978317355193,0,0,0
stress,200,stress_clear_sky,hybrid_pso,12,11,30,0.997217675257327,1238.33333333333,852.723883787669,385.609449545664,-544.230368304883,1062.24291280095,1,0,0
stress,200,stress_clear_sky,hybrid_pso,12,11,31,0.996164124880658,1238.33333333333,762.521876622882,475.811456710451,-694.164942704021,1128.74196141071,1,0,0
stress,200,stress_clear_sky,hybrid_pso,12,11,32,0.995471055127494,1362.16666666667,825.027239780378,537.139426886289,-761.059203982211,1250.79281547004,1,0,0
stress,200,stress_clear_sky,hybrid_pso,12,11,33,0.994528471958518,1486,901.713548974369,584.286451025631,-820.274895239931,1363.38909911883,1,0,0
stress,200,stress_clear_sky,hybrid_pso,13,12,18,1.00323937521801,990.666666666667,756.224367739844,234.442298926823,-303.575267671641,784.629494356573,0,0,0
stress,200,stress_clear_sky,hybrid_pso,13,12,25,1.00912378430455,1114.5,1059.14251456221,55.3574854377936,-4.38623200927705,617.39010062265,0,0,0
stress,200,stress_clear_sky,hybrid_pso,13,12,30,0.997216091200049,1238.33333333333,851.032317099302,387.301016234031,-547.742357759451,1063.59861932515,1,0,0
stress,200,stress_clear_sky,hybrid_pso,13,12,31,0.996146708364866,1238.33333333333,761.000739288207,477.332594045126,-694.461047182307,1129.76807468638,1,0,0
stress,200,stress_clear_sky,hybrid_pso,13,12,32,0.995449992166309,1362.16666666667,823.395360447364,538.771306219302,-761.308987609522,1251.86768230707,1,0,0
stress,200,stress_clear_sky,hybrid_pso,13,12,33,0.99450416717783,1486,899.985311410284,586.014688589716,-820.504142585196,1364.530541705,1,0,0
stress,200,stress_clear_sky,hybrid_pso,14,13,18,1.00323937521801,990.666666666667,756.224367739844,234.442298926823,-303.575267671641,784.629494356573,0,0,0
stress,200,stress_clear_sky,hybrid_pso,14,13,25,1.00912378430455,1114.5,1059.14251456221,55.3574854377936,-4.38623200927705,617.39010062265,0,0,0
stress,200,stress_clear_sky,hybrid_pso,14,13,30,0.997216091200049,1238.33333333333,851.032317099302,387.301016234031,-547.742357759451,1063.59861932515,1,0,0
stress,200,stress_clear_sky,hybrid_pso,14,13,31,0.996146708364866,1238.33333333333,761.000739288207,477.332594045126,-694.461047182307,1129.76807468638,1,0,0
stress,200,stress_clear_sky,hybrid_pso,14,13,32,0.995449992166309,1362.16666666667,823.395360447364,538.771306219302,-761.308987609522,1251.86768230707,1,0,0
stress,200,stress_clear_sky,hybrid_pso,14,13,33,0.99450416717783,1486,899.985311410284,586.014688589716,-820.504142585196,1364.530541705,1,0,0
stress,200,stress_clear_sky,hybrid_pso,15,14,18,1.0032476547626,990.666666666667,757.667174899662,232.999491767005,-300.740396861594,783.236356317391,0,0,0
stress,200,stress_clear_sky,hybrid_pso,15,14,25,1.00907332057299,1114.5,1060.54470517889,53.9552948211114,-2.88867232815161,614.978317355193,0,0,0
stress,200,stress_clear_sky,hybrid_pso,15,14,30,0.997217675257327,1238.33333333333,852.723883787669,385.609449545664,-544.230368304883,1062.24291280095,1,0,0
stress,200,stress_clear_sky,hybrid_pso,15,14,31,0.996164124880658,1238.33333333333,762.521876622882,475.811456710451,-694.164942704021,1128.74196141071,1,0,0
stress,200,stress_clear_sky,hybrid_pso,15,14,32,0.995471055127494,1362.16666666667,825.027239780378,537.139426886289,-761.059203982211,1250.79281547004,1,0,0
stress,200,stress_clear_sky,hybrid_pso,15,14,33,0.994528471958518,1486,901.713548974369,584.286451025631,-820.274895239931,1363.38909911883,1,0,0
stress,200,stress_clear_sky,hybrid_pso,16,15,18,1.01180252587675,676.645273845677,600.53293394699,76.1123398986874,-97.8955530564487,909.328836572776,0,1,0
stress,200,stress_clear_sky,hybrid_pso,16,15,25,1.00545738999349,761.225933076387,761.225933076351,3.57353036051222e-11,0,960.983080658572,0,0,0
stress,200,stress_clear_sky,hybrid_pso,16,15,30,1.01197608353019,845.806592307096,688.824067391922,156.982524915174,-274.437066832681,1175.16783140087,0,1,0
stress,200,stress_clear_sky,hybrid_pso,16,15,31,1.0138125308834,845.806592307096,629.753080846124,216.053511460972,-415.176058699677,1207.85308913899,1,1,1
stress,200,stress_clear_sky,hybrid_pso,16,15,32,1.01390633084616,930.387251537806,684.716679390038,245.670572147768,-475.007630595555,1332.7849348549,1,1,1
stress,200,stress_clear_sky,hybrid_pso,16,15,33,1.01366690534492,1014.96791076852,748.288125816691,266.679784951825,-512.541135097642,1453.26599105661,1,1,1
stress,200,stress_clear_sky,hybrid_pso,17,16,18,1.00638933217918,462.162341807898,462.162341807799,9.90527104782757e-11,-1.68052797142367e-10,986.876237221521,0,0,0
stress,200,stress_clear_sky,hybrid_pso,17,16,25,1.0004548307274,519.932634533886,519.932634533886,0,1.52715596197214e-11,1110.23576687416,0,0,0
stress,200,stress_clear_sky,hybrid_pso,17,16,30,1.0081652541927,577.702927259873,520.108790028252,57.5941372316207,-117.53956698584,1258.96182400942,0,0,0
stress,200,stress_clear_sky,hybrid_pso,17,16,31,1.01007781667508,577.702927259873,483.334074492967,94.3688527669065,-258.65951842382,1273.53296000214,0,1,0
stress,200,stress_clear_sky,hybrid_pso,17,16,32,1.01025688452088,635.47321998586,523.431377346056,112.041842639805,-310.546190734966,1403.98440405181,0,1,0
stress,200,stress_clear_sky,hybrid_pso,17,16,33,1.01017660920595,693.243512711848,569.310226457643,123.933286254205,-348.85663483743,1532.25423022772,0,1,0
stress,200,stress_clear_sky,hybrid_pso,18,17,18,0.996048637276388,223.987304799104,223.987304799104,0,140.479545919148,1066.4653885929,1,0,0
stress,200,stress_clear_sky,hybrid_pso,18,17,25,0.99628223015984,251.985717898992,251.985717898992,0,148.340600115374,1199.77356216702,1,0,0
stress,200,stress_clear_sky,hybrid_pso,18,17,30,1.00419828065507,279.98413099888,279.98413099888,0,0,1333.08173574113,0,0,0
stress,200,stress_clear_sky,hybrid_pso,18,17,31,1.00776430296343,279.98413099888,279.98413099888,0,0,1333.08173574113,0,0,0
stress,200,stress_clear_sky,hybrid_pso,18,17,32,1.00856274567171,307.982544098768,307.982544098768,0,0,1466.38990931524,0,0,0
stress,200,stress_clear_sky,hybrid_pso,18,17,33,1.00913536415366,335.980957198656,335.980957198656,0,0,1599.69808288935,0,0,0
stress,200,stress_clear_sky,hybrid_pso,19,18,18,0.988722434024595,3.10985032523943e-15,3.10985032523943e-15,0,409.669456007764,1089.73333333333,1,0,0
stress,200,stress_clear_sky,hybrid_pso,19,18,25,0.991545287993722,3.49858161589436e-15,3.49858161589436e-15,0,345.348914180638,1225.95,1,0,0
stress,200,stress_clear_sky,hybrid_pso,19,18,30,0.991145819164575,3.88731290654929e-15,3.88731290654929e-15,0,401.662234279623,1362.16666666667,1,0,0
stress,200,stress_clear_sky,hybrid_pso,19,18,31,0.993914712689673,3.88731290654929e-15,3.88731290654929e-15,0,276.352685642324,1362.16666666667,1,0,0
stress,200,stress_clear_sky,hybrid_pso,19,18,32,0.994649916133384,4.27604419720422e-15,4.27604419720422e-15,0,267.312434107282,1498.38333333333,1,0,0
stress,200,stress_clear_sky,hybrid_pso,19,18,33,0.995353745274898,4.66477548785915e-15,4.66477548785915e-15,0,253.308697409799,1634.6,1,0,0
stress,200,stress_clear_sky,hybrid_pso,20,19,18,0.988691174913747,0,0,0,410.804991831769,1089.73333333333,1,0,0
stress,200,stress_clear_sky,hybrid_pso,20,19,25,0.991522132613689,0,0,0,346.29480792594,1225.95,1,0,0
stress,200,stress_clear_sky,hybrid_pso,20,19,30,0.991121210676836,0,0,0,402.778152831381,1362.16666666667,1,0,0
stress,200,stress_clear_sky,hybrid_pso,20,19,31,0.993897887991016,0,0,0,277.116812258248,1362.16666666667,1,0,0
stress,200,stress_clear_sky,hybrid_pso,20,19,32,0.994635159327691,0,0,0,268.049879007195,1498.38333333333,1,0,0
stress,200,stress_clear_sky,hybrid_pso,20,19,33,0.995340946457968,0,0,0,254.006621472221,1634.6,1,0,0
stress,200,stress_clear_sky,hybrid_pso,21,20,18,0.988679138870947,0,0,0,411.242219811247,1089.73333333333,1,0,0
stress,200,stress_clear_sky,hybrid_pso,21,20,25,0.991513217270091,0,0,0,346.658998357126,1225.95,1,0,0
stress,200,stress_clear_sky,hybrid_pso,21,20,30,0.991111735302274,0,0,0,403.207831678477,1362.16666666667,1,0,0
stress,200,stress_clear_sky,hybrid_pso,21,20,31,0.993891409856239,0,0,0,277.411029442813,1362.16666666667,1,0,0
stress,200,stress_clear_sky,hybrid_pso,21,20,32,0.994629477460765,0,0,0,268.333820130166,1498.38333333333,1,0,0
stress,200,stress_clear_sky,hybrid_pso,21,20,33,0.995336018506886,0,0,0,254.275344404981,1634.6,1,0,0
stress,200,stress_clear_sky,hybrid_pso,22,21,18,0.988675311766221,0,0,0,411.381245344708,1089.73333333333,1,0,0
stress,200,stress_clear_sky,hybrid_pso,22,21,25,0.991510382505246,0,0,0,346.774798070718,1225.95,1,0,0
stress,200,stress_clear_sky,hybrid_pso,22,21,30,0.991108722403044,0,0,0,403.344457315429,1362.16666666667,1,0,0
stress,200,stress_clear_sky,hybrid_pso,22,21,31,0.993889350009144,0,0,0,277.504581436647,1362.16666666667,1,0,0
stress,200,stress_clear_sky,hybrid_pso,22,21,32,0.994627670808369,0,0,0,268.424104349373,1498.38333333333,1,0,0
stress,200,stress_clear_sky,hybrid_pso,22,21,33,0.9953344515785,0,0,0,254.360789569422,1634.6,1,0,0
stress,200,stress_clear_sky,hybrid_pso,23,22,18,0.9886743019269,0,0,0,411.41792932921,1089.73333333333,1,0,0
stress,200,stress_clear_sky,hybrid_pso,23,22,25,0.991509634513802,0,0,0,346.805353407682,1225.95,1,0,0
stress,200,stress_clear_sky,hybrid_pso,23,22,30,0.991107927403236,0,0,0,403.380508091557,1362.16666666667,1,0,0
stress,200,stress_clear_sky,hybrid_pso,23,22,31,0.993888806488029,0,0,0,277.529266513715,1362.16666666667,1,0,0
stress,200,stress_clear_sky,hybrid_pso,23,22,32,0.994627194096908,0,0,0,268.447927151335,1498.38333333333,1,0,0
stress,200,stress_clear_sky,hybrid_pso,23,22,33,0.995334038121927,0,0,0,254.383335504003,1634.6,1,0,0
stress,200,stress_clear_sky,hybrid_pso,24,23,18,0.988674080076392,0,0,0,411.425988394079,1089.73333333333,1,0,0
stress,200,stress_clear_sky,hybrid_pso,24,23,25,0.991509470188597,0,0,0,346.812066067399,1225.95,1,0,0
stress,200,stress_clear_sky,hybrid_pso,24,23,30,0.991107752750538,0,0,0,403.38842804983,1362.16666666667,1,0,0
stress,200,stress_clear_sky,hybrid_pso,24,23,31,0.993888687082498,0,0,0,277.53468955003,1362.16666666667,1,0,0
stress,200,stress_clear_sky,hybrid_pso,24,23,32,0.994627089368741,0,0,0,268.453160754047,1498.38333333333,1,0,0
stress,200,stress_clear_sky,hybrid_pso,24,23,33,0.995333947290163,0,0,0,254.388288592555,1634.6,1,0,0
